{
    "commodities": [
        {
            "EAT": 5760,
            "LDT": 10080,
            "cargo_categories": [
                "Non-hazardous"
            ],
            "delay_cost": 0,
            "group_uuid": "81554f29-0d7a-45a8-a124-2870488893ca",
            "source": "Berth 33",
            "transportation_methods": [
                "Roadway",
                "Sea",
                "Transloading"
            ],
            "shipper": "King Ocean",
            "nTEU": 18,
            "origin": "BAHAMAS",
            "destination": "McIntosh Intersection",
            "name": "24-K-BREEZE-0:20:BAHAMAS"
        },
        {
            "EAT": 5760,
            "LDT": 10080,
            "cargo_categories": [
                "Non-hazardous"
            ],
            "delay_cost": 0,
            "group_uuid": "81554f29-0d7a-45a8-a124-2870488893ca",
            "source": "Berth 33",
            "transportation_methods": [
                "Roadway",
                "Sea",
                "Transloading"
            ],
            "shipper": "Crowley",
            "nTEU": 1,
            "origin": "COSTA RICA",
            "destination": "McIntosh Intersection",
            "name": "24-K-BREEZE-1:40:COSTA RICA"
        },
        {
            "EAT": 5760,
            "LDT": 10080,
            "cargo_categories": [
                "Non-hazardous"
            ],
            "delay_cost": 0,
            "group_uuid": "81554f29-0d7a-45a8-a124-2870488893ca",
            "source": "Berth 33",
            "transportation_methods": [
                "Roadway",
                "Sea",
                "Transloading"
            ],
            "shipper": "Crowley",
            "nTEU": 1,
            "origin": "HONDURAS",
            "destination": "McIntosh Intersection",
            "name": "24-K-BREEZE-2:60:HONDURAS"
        },
        {
            "EAT": 5760,
            "LDT": 10080,
            "cargo_categories": [
                "Non-hazardous"
            ],
            "delay_cost": 0,
            "group_uuid": "81554f29-0d7a-45a8-a124-2870488893ca",
            "source": "Berth 33",
            "transportation_methods": [
                "Roadway",
                "Sea",
                "Transloading"
            ],
            "shipper": "Crowley",
            "nTEU": 45,
            "origin": "COSTA RICA",
            "destination": "McIntosh Intersection",
            "name": "24-K-BREEZE-3:7:COSTA RICA"
        },
        {
            "EAT": 5760,
            "LDT": 10080,
            "cargo_categories": [
                "Non-hazardous"
            ],
            "delay_cost": 0,
            "group_uuid": "81554f29-0d7a-45a8-a124-2870488893ca",
            "source": "Berth 33",
            "transportation_methods": [
                "Roadway",
                "Sea",
                "Transloading"
            ],
            "shipper": "King Ocean",
            "nTEU": 0,
            "origin": "HONDURAS",
            "destination": "McIntosh Intersection",
            "name": "24-K-BREEZE-4:85:HONDURAS"
        },
        {
            "EAT": 5760,
            "LDT": 10080,
            "cargo_categories": [
                "Non-hazardous"
            ],
            "delay_cost": 0,
            "group_uuid": "81554f29-0d7a-45a8-a124-2870488893ca",
            "source": "Berth 33",
            "transportation_methods": [
                "Roadway",
                "Sea",
                "Transloading"
            ],
            "shipper": "Crowley",
            "nTEU": 5,
            "origin": "VIRGIN ISLAND",
            "destination": "McIntosh Intersection",
            "name": "24-K-BREEZE-5:87:VIRGIN ISLAND"
        },
        {
            "EAT": 5760,
            "LDT": 10080,
            "cargo_categories": [
                "Non-hazardous"
            ],
            "delay_cost": 0,
            "group_uuid": "81554f29-0d7a-45a8-a124-2870488893ca",
            "source": "Berth 33",
            "transportation_methods": [
                "Roadway",
                "Sea",
                "Transloading"
            ],
            "shipper": "King Ocean",
            "nTEU": 7,
            "origin": "GUATEMALA",
            "destination": "McIntosh Intersection",
            "name": "24-K-BREEZE-6:62:GUATEMALA"
        },
        {
            "EAT": 5760,
            "LDT": 10080,
            "cargo_categories": [
                "Non-hazardous"
            ],
            "delay_cost": 0,
            "group_uuid": "81554f29-0d7a-45a8-a124-2870488893ca",
            "source": "Berth 33",
            "transportation_methods": [
                "Roadway",
                "Sea",
                "Transloading"
            ],
            "shipper": "King Ocean",
            "nTEU": 0,
            "origin": "ITALY",
            "destination": "McIntosh Intersection",
            "name": "24-K-BREEZE-7:84:ITALY"
        },
        {
            "EAT": 5760,
            "LDT": 10080,
            "cargo_categories": [
                "Non-hazardous"
            ],
            "delay_cost": 10,
            "group_uuid": "81554f29-0d7a-45a8-a124-2870488893ca",
            "source": "Berth 33",
            "transportation_methods": [
                "Roadway",
                "Sea",
                "Transloading"
            ],
            "shipper": "Crowley",
            "nTEU": 120,
            "origin": "HONDURAS",
            "destination": "McIntosh Intersection",
            "name": "24-K-BREEZE-8:8:HONDURAS"
        },
        {
            "EAT": 5760,
            "LDT": 10080,
            "cargo_categories": [
                "Non-hazardous"
            ],
            "delay_cost": 0,
            "group_uuid": "81554f29-0d7a-45a8-a124-2870488893ca",
            "source": "Berth 33",
            "transportation_methods": [
                "Roadway",
                "Sea",
                "Transloading"
            ],
            "shipper": "Crowley",
            "nTEU": 10,
            "origin": "DOMINICAN REPUBLIC",
            "destination": "McIntosh Intersection",
            "name": "24-K-BREEZE-9:61:DOMINICAN REPUBLIC"
        },
        {
            "EAT": 5760,
            "LDT": 10080,
            "cargo_categories": [
                "Non-hazardous"
            ],
            "delay_cost": 0,
            "group_uuid": "81554f29-0d7a-45a8-a124-2870488893ca",
            "source": "Berth 33",
            "transportation_methods": [
                "Roadway",
                "Sea",
                "Transloading"
            ],
            "shipper": "Crowley",
            "nTEU": 15,
            "origin": "GUATEMALA",
            "destination": "McIntosh Intersection",
            "name": "24-K-BREEZE-10:86:GUATEMALA"
        },
        {
            "EAT": 5760,
            "LDT": 10080,
            "cargo_categories": [
                "Non-hazardous"
            ],
            "delay_cost": 0,
            "group_uuid": "81554f29-0d7a-45a8-a124-2870488893ca",
            "source": "Berth 33",
            "transportation_methods": [
                "Roadway",
                "Sea",
                "Transloading"
            ],
            "shipper": "King Ocean",
            "nTEU": 3,
            "origin": "DOMINICAN REPUBLIC",
            "destination": "McIntosh Intersection",
            "name": "24-K-BREEZE-11::DOMINICAN REPUBLIC"
        },
        {
            "EAT": 5760,
            "LDT": 10080,
            "cargo_categories": [
                "Non-hazardous"
            ],
            "delay_cost": 0,
            "group_uuid": "81554f29-0d7a-45a8-a124-2870488893ca",
            "source": "Berth 33",
            "transportation_methods": [
                "Roadway",
                "Sea",
                "Transloading"
            ],
            "shipper": "King Ocean",
            "nTEU": 2,
            "origin": "ITALY",
            "destination": "McIntosh Intersection",
            "name": "24-K-BREEZE-12:63:ITALY"
        },
        {
            "EAT": 5760,
            "LDT": 10080,
            "cargo_categories": [
                "Non-hazardous"
            ],
            "delay_cost": 0,
            "group_uuid": "81554f29-0d7a-45a8-a124-2870488893ca",
            "source": "Berth 33",
            "transportation_methods": [
                "Roadway",
                "Sea",
                "Transloading"
            ],
            "shipper": "Crowley",
            "nTEU": 12,
            "origin": "DOMINICAN REPUBLIC",
            "destination": "McIntosh Intersection",
            "name": "24-K-BREEZE-13:39:DOMINICAN REPUBLIC"
        },
        {
            "EAT": 5760,
            "LDT": 10080,
            "cargo_categories": [
                "Non-hazardous"
            ],
            "delay_cost": 0,
            "group_uuid": "81554f29-0d7a-45a8-a124-2870488893ca",
            "source": "Berth 33",
            "transportation_methods": [
                "Roadway",
                "Sea",
                "Transloading"
            ],
            "shipper": "Crowley",
            "nTEU": 1,
            "origin": "BRAZIL",
            "destination": "McIntosh Intersection",
            "name": "24-K-BREEZE-14:48:BRAZIL"
        },
        {
            "EAT": 5760,
            "LDT": 10080,
            "cargo_categories": [
                "Non-hazardous"
            ],
            "delay_cost": 0,
            "group_uuid": "81554f29-0d7a-45a8-a124-2870488893ca",
            "source": "Berth 33",
            "transportation_methods": [
                "Roadway",
                "Sea",
                "Transloading"
            ],
            "shipper": "King Ocean",
            "nTEU": 3,
            "origin": "DOMINICAN REPUBLIC",
            "destination": "McIntosh Intersection",
            "name": "24-K-BREEZE-15:52:DOMINICAN REPUBLIC"
        },
        {
            "EAT": 5760,
            "LDT": 10080,
            "cargo_categories": [
                "Non-hazardous"
            ],
            "delay_cost": 0,
            "group_uuid": "81554f29-0d7a-45a8-a124-2870488893ca",
            "source": "Berth 33",
            "transportation_methods": [
                "Roadway",
                "Sea",
                "Transloading"
            ],
            "shipper": "Crowley",
            "nTEU": 3,
            "origin": "DOMINICAN REPUBLIC",
            "destination": "McIntosh Intersection",
            "name": "24-K-BREEZE-16:90:DOMINICAN REPUBLIC"
        },
        {
            "EAT": 5760,
            "LDT": 10080,
            "cargo_categories": [
                "Non-hazardous"
            ],
            "delay_cost": 0,
            "group_uuid": "81554f29-0d7a-45a8-a124-2870488893ca",
            "source": "Berth 33",
            "transportation_methods": [
                "Roadway",
                "Sea",
                "Transloading"
            ],
            "shipper": "King Ocean",
            "nTEU": 15,
            "origin": "VENEZUELA",
            "destination": "McIntosh Intersection",
            "name": "24-K-BREEZE-17:27:VENEZUELA"
        }
    ]
}