{
    "commodities": [
        {
            "EAT": 5470,
            "LDT": 9790,
            "cargo_categories": [
                "Non-hazardous"
            ],
            "delay_cost": 10,
            "group_uuid": "8afcb1e9-dd96-4e87-a4e1-dcdb135b92cf",
            "source": "Berth 30",
            "transportation_methods": [
                "Roadway",
                "Sea",
                "Transloading"
            ],
            "shipper": "FIT",
            "nTEU": 246,
            "origin": "GUATEMALA",
            "destination": "McIntosh Intersection",
            "name": "22-MAERSK WEYMOUTH-0:8:GUATEMALA"
        },
        {
            "EAT": 5470,
            "LDT": 9790,
            "cargo_categories": [
                "Non-hazardous"
            ],
            "delay_cost": 0,
            "group_uuid": "8afcb1e9-dd96-4e87-a4e1-dcdb135b92cf",
            "source": "Berth 30",
            "transportation_methods": [
                "Roadway",
                "Sea",
                "Transloading"
            ],
            "shipper": "FIT",
            "nTEU": 1,
            "origin": "HAITI",
            "destination": "McIntosh Intersection",
            "name": "22-MAERSK WEYMOUTH-1:62:HAITI"
        },
        {
            "EAT": 5470,
            "LDT": 9790,
            "cargo_categories": [
                "Non-hazardous"
            ],
            "delay_cost": 0,
            "group_uuid": "8afcb1e9-dd96-4e87-a4e1-dcdb135b92cf",
            "source": "Berth 30",
            "transportation_methods": [
                "Roadway",
                "Sea",
                "Transloading"
            ],
            "shipper": "FIT",
            "nTEU": 8,
            "origin": "DOMINICAN REPUBLIC",
            "destination": "McIntosh Intersection",
            "name": "22-MAERSK WEYMOUTH-2:90:DOMINICAN REPUBLIC"
        },
        {
            "EAT": 5470,
            "LDT": 9790,
            "cargo_categories": [
                "Non-hazardous"
            ],
            "delay_cost": 0,
            "group_uuid": "8afcb1e9-dd96-4e87-a4e1-dcdb135b92cf",
            "source": "Berth 30",
            "transportation_methods": [
                "Roadway",
                "Sea",
                "Transloading"
            ],
            "shipper": "FIT",
            "nTEU": 1,
            "origin": "BELGIUM",
            "destination": "McIntosh Intersection",
            "name": "22-MAERSK WEYMOUTH-3:48:BELGIUM"
        },
        {
            "EAT": 5470,
            "LDT": 9790,
            "cargo_categories": [
                "Non-hazardous"
            ],
            "delay_cost": 0,
            "group_uuid": "8afcb1e9-dd96-4e87-a4e1-dcdb135b92cf",
            "source": "Berth 30",
            "transportation_methods": [
                "Roadway",
                "Sea",
                "Transloading"
            ],
            "shipper": "FIT",
            "nTEU": 12,
            "origin": "ECUADOR",
            "destination": "McIntosh Intersection",
            "name": "22-MAERSK WEYMOUTH-4:3:ECUADOR"
        },
        {
            "EAT": 5470,
            "LDT": 9790,
            "cargo_categories": [
                "Non-hazardous"
            ],
            "delay_cost": 0,
            "group_uuid": "8afcb1e9-dd96-4e87-a4e1-dcdb135b92cf",
            "source": "Berth 30",
            "transportation_methods": [
                "Roadway",
                "Sea",
                "Transloading"
            ],
            "shipper": "FIT",
            "nTEU": 1,
            "origin": "BRAZIL",
            "destination": "McIntosh Intersection",
            "name": "22-MAERSK WEYMOUTH-5:84:BRAZIL"
        },
        {
            "EAT": 5470,
            "LDT": 9790,
            "cargo_categories": [
                "Non-hazardous"
            ],
            "delay_cost": 0,
            "group_uuid": "8afcb1e9-dd96-4e87-a4e1-dcdb135b92cf",
            "source": "Berth 30",
            "transportation_methods": [
                "Roadway",
                "Sea",
                "Transloading"
            ],
            "shipper": "FIT",
            "nTEU": 12,
            "origin": "CHILE",
            "destination": "McIntosh Intersection",
            "name": "22-MAERSK WEYMOUTH-6:2:CHILE"
        },
        {
            "EAT": 5470,
            "LDT": 9790,
            "cargo_categories": [
                "Non-hazardous"
            ],
            "delay_cost": 0,
            "group_uuid": "8afcb1e9-dd96-4e87-a4e1-dcdb135b92cf",
            "source": "Berth 30",
            "transportation_methods": [
                "Roadway",
                "Sea",
                "Transloading"
            ],
            "shipper": "FIT",
            "nTEU": 1,
            "origin": "PERU",
            "destination": "McIntosh Intersection",
            "name": "22-MAERSK WEYMOUTH-7:85:PERU"
        },
        {
            "EAT": 5470,
            "LDT": 9790,
            "cargo_categories": [
                "Non-hazardous"
            ],
            "delay_cost": 0,
            "group_uuid": "8afcb1e9-dd96-4e87-a4e1-dcdb135b92cf",
            "source": "Berth 30",
            "transportation_methods": [
                "Roadway",
                "Sea",
                "Transloading"
            ],
            "shipper": "FIT",
            "nTEU": 1,
            "origin": "BRAZIL",
            "destination": "McIntosh Intersection",
            "name": "22-MAERSK WEYMOUTH-8:94:BRAZIL"
        },
        {
            "EAT": 5470,
            "LDT": 9790,
            "cargo_categories": [
                "Non-hazardous"
            ],
            "delay_cost": 0,
            "group_uuid": "8afcb1e9-dd96-4e87-a4e1-dcdb135b92cf",
            "source": "Berth 30",
            "transportation_methods": [
                "Roadway",
                "Sea",
                "Transloading"
            ],
            "shipper": "FIT",
            "nTEU": 2,
            "origin": "COSTA RICA",
            "destination": "McIntosh Intersection",
            "name": "22-MAERSK WEYMOUTH-9:40:COSTA RICA"
        },
        {
            "EAT": 5470,
            "LDT": 9790,
            "cargo_categories": [
                "Non-hazardous"
            ],
            "delay_cost": 0,
            "group_uuid": "8afcb1e9-dd96-4e87-a4e1-dcdb135b92cf",
            "source": "Berth 30",
            "transportation_methods": [
                "Roadway",
                "Sea",
                "Transloading"
            ],
            "shipper": "FIT",
            "nTEU": 2,
            "origin": "DOMINICAN REPUBLIC",
            "destination": "McIntosh Intersection",
            "name": "22-MAERSK WEYMOUTH-10:46:DOMINICAN REPUBLIC"
        },
        {
            "EAT": 5470,
            "LDT": 9790,
            "cargo_categories": [
                "Non-hazardous"
            ],
            "delay_cost": 0,
            "group_uuid": "8afcb1e9-dd96-4e87-a4e1-dcdb135b92cf",
            "source": "Berth 30",
            "transportation_methods": [
                "Roadway",
                "Sea",
                "Transloading"
            ],
            "shipper": "FIT",
            "nTEU": 1,
            "origin": "GUATEMALA",
            "destination": "McIntosh Intersection",
            "name": "22-MAERSK WEYMOUTH-11:61:GUATEMALA"
        },
        {
            "EAT": 5470,
            "LDT": 9790,
            "cargo_categories": [
                "Non-hazardous"
            ],
            "delay_cost": 0,
            "group_uuid": "8afcb1e9-dd96-4e87-a4e1-dcdb135b92cf",
            "source": "Berth 30",
            "transportation_methods": [
                "Roadway",
                "Sea",
                "Transloading"
            ],
            "shipper": "FIT",
            "nTEU": 2,
            "origin": "HAITI",
            "destination": "McIntosh Intersection",
            "name": "22-MAERSK WEYMOUTH-12::HAITI"
        },
        {
            "EAT": 5470,
            "LDT": 9790,
            "cargo_categories": [
                "Non-hazardous"
            ],
            "delay_cost": 0,
            "group_uuid": "8afcb1e9-dd96-4e87-a4e1-dcdb135b92cf",
            "source": "Berth 30",
            "transportation_methods": [
                "Roadway",
                "Sea",
                "Transloading"
            ],
            "shipper": "FIT",
            "nTEU": 10,
            "origin": "COSTA RICA",
            "destination": "McIntosh Intersection",
            "name": "22-MAERSK WEYMOUTH-13:39:COSTA RICA"
        },
        {
            "EAT": 5470,
            "LDT": 9790,
            "cargo_categories": [
                "Non-hazardous"
            ],
            "delay_cost": 0,
            "group_uuid": "8afcb1e9-dd96-4e87-a4e1-dcdb135b92cf",
            "source": "Berth 30",
            "transportation_methods": [
                "Roadway",
                "Sea",
                "Transloading"
            ],
            "shipper": "FIT",
            "nTEU": 80,
            "origin": "PANAMA",
            "destination": "McIntosh Intersection",
            "name": "22-MAERSK WEYMOUTH-14:44:PANAMA"
        }
    ]
}