{
    "commodities": [
        {
            "EAT": 12960,
            "LDT": 17280,
            "cargo_categories": [
                "Non-hazardous"
            ],
            "delay_cost": 0,
            "group_uuid": "6dbc802e-b98b-4fcd-a05c-75cc74b943de",
            "source": "Berth 30",
            "transportation_methods": [
                "Roadway",
                "Sea",
                "Transloading"
            ],
            "shipper": "FIT",
            "nTEU": 15,
            "origin": "UNITED KINGDOM",
            "destination": "McIntosh Intersection",
            "name": "48-MAERSK WINNIPEG-0::UNITED KINGDOM"
        },
        {
            "EAT": 12960,
            "LDT": 17280,
            "cargo_categories": [
                "Non-hazardous"
            ],
            "delay_cost": 0,
            "group_uuid": "6dbc802e-b98b-4fcd-a05c-75cc74b943de",
            "source": "Berth 30",
            "transportation_methods": [
                "Roadway",
                "Sea",
                "Transloading"
            ],
            "shipper": "FIT",
            "nTEU": 1,
            "origin": "BELGIUM",
            "destination": "McIntosh Intersection",
            "name": "48-MAERSK WINNIPEG-1:18:BELGIUM"
        },
        {
            "EAT": 12960,
            "LDT": 17280,
            "cargo_categories": [
                "Non-hazardous"
            ],
            "delay_cost": 0,
            "group_uuid": "6dbc802e-b98b-4fcd-a05c-75cc74b943de",
            "source": "Berth 30",
            "transportation_methods": [
                "Roadway",
                "Sea",
                "Transloading"
            ],
            "shipper": "FIT",
            "nTEU": 1,
            "origin": "COLOMBIA",
            "destination": "McIntosh Intersection",
            "name": "48-MAERSK WINNIPEG-2:29:COLOMBIA"
        },
        {
            "EAT": 12960,
            "LDT": 17280,
            "cargo_categories": [
                "Non-hazardous"
            ],
            "delay_cost": 10,
            "group_uuid": "6dbc802e-b98b-4fcd-a05c-75cc74b943de",
            "source": "Berth 30",
            "transportation_methods": [
                "Roadway",
                "Sea",
                "Transloading"
            ],
            "shipper": "FIT",
            "nTEU": 21,
            "origin": "GUATEMALA",
            "destination": "McIntosh Intersection",
            "name": "48-MAERSK WINNIPEG-3:8:GUATEMALA"
        },
        {
            "EAT": 12960,
            "LDT": 17280,
            "cargo_categories": [
                "Non-hazardous"
            ],
            "delay_cost": 0,
            "group_uuid": "6dbc802e-b98b-4fcd-a05c-75cc74b943de",
            "source": "Berth 30",
            "transportation_methods": [
                "Roadway",
                "Sea",
                "Transloading"
            ],
            "shipper": "FIT",
            "nTEU": 1,
            "origin": "BRAZIL",
            "destination": "McIntosh Intersection",
            "name": "48-MAERSK WINNIPEG-4:48:BRAZIL"
        },
        {
            "EAT": 12960,
            "LDT": 17280,
            "cargo_categories": [
                "Non-hazardous"
            ],
            "delay_cost": 0,
            "group_uuid": "6dbc802e-b98b-4fcd-a05c-75cc74b943de",
            "source": "Berth 30",
            "transportation_methods": [
                "Roadway",
                "Sea",
                "Transloading"
            ],
            "shipper": "FIT",
            "nTEU": 11,
            "origin": "GUATEMALA",
            "destination": "McIntosh Intersection",
            "name": "48-MAERSK WINNIPEG-5:63:GUATEMALA"
        },
        {
            "EAT": 12960,
            "LDT": 17280,
            "cargo_categories": [
                "Non-hazardous"
            ],
            "delay_cost": 0,
            "group_uuid": "6dbc802e-b98b-4fcd-a05c-75cc74b943de",
            "source": "Berth 30",
            "transportation_methods": [
                "Roadway",
                "Sea",
                "Transloading"
            ],
            "shipper": "FIT",
            "nTEU": 4,
            "origin": "JAMAICA",
            "destination": "McIntosh Intersection",
            "name": "48-MAERSK WINNIPEG-6:3:JAMAICA"
        },
        {
            "EAT": 12960,
            "LDT": 17280,
            "cargo_categories": [
                "Non-hazardous"
            ],
            "delay_cost": 0,
            "group_uuid": "6dbc802e-b98b-4fcd-a05c-75cc74b943de",
            "source": "Berth 30",
            "transportation_methods": [
                "Roadway",
                "Sea",
                "Transloading"
            ],
            "shipper": "FIT",
            "nTEU": 2,
            "origin": "ITALY",
            "destination": "McIntosh Intersection",
            "name": "48-MAERSK WINNIPEG-7:20:ITALY"
        },
        {
            "EAT": 12960,
            "LDT": 17280,
            "cargo_categories": [
                "Non-hazardous"
            ],
            "delay_cost": 0,
            "group_uuid": "6dbc802e-b98b-4fcd-a05c-75cc74b943de",
            "source": "Berth 30",
            "transportation_methods": [
                "Roadway",
                "Sea",
                "Transloading"
            ],
            "shipper": "FIT",
            "nTEU": 1,
            "origin": "SPAIN-S",
            "destination": "McIntosh Intersection",
            "name": "48-MAERSK WINNIPEG-8:87:SPAIN-S"
        },
        {
            "EAT": 12960,
            "LDT": 17280,
            "cargo_categories": [
                "Non-hazardous"
            ],
            "delay_cost": 0,
            "group_uuid": "6dbc802e-b98b-4fcd-a05c-75cc74b943de",
            "source": "Berth 30",
            "transportation_methods": [
                "Roadway",
                "Sea",
                "Transloading"
            ],
            "shipper": "FIT",
            "nTEU": 1,
            "origin": "GUATEMALA",
            "destination": "McIntosh Intersection",
            "name": "48-MAERSK WINNIPEG-9:62:GUATEMALA"
        },
        {
            "EAT": 12960,
            "LDT": 17280,
            "cargo_categories": [
                "Non-hazardous"
            ],
            "delay_cost": 0,
            "group_uuid": "6dbc802e-b98b-4fcd-a05c-75cc74b943de",
            "source": "Berth 30",
            "transportation_methods": [
                "Roadway",
                "Sea",
                "Transloading"
            ],
            "shipper": "FIT",
            "nTEU": 4,
            "origin": "DOMINICAN REPUBLIC",
            "destination": "McIntosh Intersection",
            "name": "48-MAERSK WINNIPEG-10:39:DOMINICAN REPUBLIC"
        },
        {
            "EAT": 12960,
            "LDT": 17280,
            "cargo_categories": [
                "Non-hazardous"
            ],
            "delay_cost": 0,
            "group_uuid": "6dbc802e-b98b-4fcd-a05c-75cc74b943de",
            "source": "Berth 30",
            "transportation_methods": [
                "Roadway",
                "Sea",
                "Transloading"
            ],
            "shipper": "FIT",
            "nTEU": 1,
            "origin": "HONDURAS",
            "destination": "McIntosh Intersection",
            "name": "48-MAERSK WINNIPEG-11:61:HONDURAS"
        },
        {
            "EAT": 12960,
            "LDT": 17280,
            "cargo_categories": [
                "Non-hazardous"
            ],
            "delay_cost": 0,
            "group_uuid": "6dbc802e-b98b-4fcd-a05c-75cc74b943de",
            "source": "Berth 30",
            "transportation_methods": [
                "Roadway",
                "Sea",
                "Transloading"
            ],
            "shipper": "FIT",
            "nTEU": 14,
            "origin": "NICARAGUA",
            "destination": "McIntosh Intersection",
            "name": "48-MAERSK WINNIPEG-12:2:NICARAGUA"
        },
        {
            "EAT": 12960,
            "LDT": 17280,
            "cargo_categories": [
                "Non-hazardous"
            ],
            "delay_cost": 0,
            "group_uuid": "6dbc802e-b98b-4fcd-a05c-75cc74b943de",
            "source": "Berth 30",
            "transportation_methods": [
                "Roadway",
                "Sea",
                "Transloading"
            ],
            "shipper": "FIT",
            "nTEU": 3,
            "origin": "BRAZIL",
            "destination": "McIntosh Intersection",
            "name": "48-MAERSK WINNIPEG-13:44:BRAZIL"
        },
        {
            "EAT": 12960,
            "LDT": 17280,
            "cargo_categories": [
                "Non-hazardous"
            ],
            "delay_cost": 0,
            "group_uuid": "6dbc802e-b98b-4fcd-a05c-75cc74b943de",
            "source": "Berth 30",
            "transportation_methods": [
                "Roadway",
                "Sea",
                "Transloading"
            ],
            "shipper": "FIT",
            "nTEU": 2,
            "origin": "GERMANY",
            "destination": "McIntosh Intersection",
            "name": "48-MAERSK WINNIPEG-14:22:GERMANY"
        }
    ]
}