{
    "commodities": [
        {
            "EAT": 12960,
            "LDT": 17280,
            "cargo_categories": [
                "Non-hazardous"
            ],
            "delay_cost": 0,
            "group_uuid": "804f7785-a007-49b3-b338-d4b2efb0ee71",
            "source": "Berth 32",
            "transportation_methods": [
                "Roadway",
                "Sea",
                "Transloading"
            ],
            "shipper": "FIT",
            "nTEU": 1,
            "origin": "BELGIUM",
            "destination": "McIntosh Intersection",
            "name": "49-MSC METHONI-0:9:BELGIUM"
        },
        {
            "EAT": 12960,
            "LDT": 17280,
            "cargo_categories": [
                "Non-hazardous"
            ],
            "delay_cost": 0,
            "group_uuid": "804f7785-a007-49b3-b338-d4b2efb0ee71",
            "source": "Berth 32",
            "transportation_methods": [
                "Roadway",
                "Sea",
                "Transloading"
            ],
            "shipper": "FIT",
            "nTEU": 6,
            "origin": "SPAIN-S",
            "destination": "McIntosh Intersection",
            "name": "49-MSC METHONI-1:21:SPAIN-S"
        },
        {
            "EAT": 12960,
            "LDT": 17280,
            "cargo_categories": [
                "Non-hazardous"
            ],
            "delay_cost": 0,
            "group_uuid": "804f7785-a007-49b3-b338-d4b2efb0ee71",
            "source": "Berth 32",
            "transportation_methods": [
                "Roadway",
                "Sea",
                "Transloading"
            ],
            "shipper": "FIT",
            "nTEU": 5,
            "origin": "DOMINICAN REPUBLIC",
            "destination": "McIntosh Intersection",
            "name": "49-MSC METHONI-2:19:DOMINICAN REPUBLIC"
        },
        {
            "EAT": 12960,
            "LDT": 17280,
            "cargo_categories": [
                "Non-hazardous"
            ],
            "delay_cost": 10,
            "group_uuid": "804f7785-a007-49b3-b338-d4b2efb0ee71",
            "source": "Berth 32",
            "transportation_methods": [
                "Roadway",
                "Sea",
                "Transloading"
            ],
            "shipper": "MSC",
            "nTEU": 1,
            "origin": "GUATEMALA",
            "destination": "McIntosh Intersection",
            "name": "49-MSC METHONI-3:8:GUATEMALA"
        },
        {
            "EAT": 12960,
            "LDT": 17280,
            "cargo_categories": [
                "Non-hazardous"
            ],
            "delay_cost": 0,
            "group_uuid": "804f7785-a007-49b3-b338-d4b2efb0ee71",
            "source": "Berth 32",
            "transportation_methods": [
                "Roadway",
                "Sea",
                "Transloading"
            ],
            "shipper": "FIT",
            "nTEU": 1,
            "origin": "BARBADOS",
            "destination": "McIntosh Intersection",
            "name": "49-MSC METHONI-4:27:BARBADOS"
        },
        {
            "EAT": 12960,
            "LDT": 17280,
            "cargo_categories": [
                "Non-hazardous"
            ],
            "delay_cost": 0,
            "group_uuid": "804f7785-a007-49b3-b338-d4b2efb0ee71",
            "source": "Berth 32",
            "transportation_methods": [
                "Roadway",
                "Sea",
                "Transloading"
            ],
            "shipper": "MSC",
            "nTEU": 1,
            "origin": "HONDURAS",
            "destination": "McIntosh Intersection",
            "name": "49-MSC METHONI-5:23:HONDURAS"
        },
        {
            "EAT": 12960,
            "LDT": 17280,
            "cargo_categories": [
                "Non-hazardous"
            ],
            "delay_cost": 0,
            "group_uuid": "804f7785-a007-49b3-b338-d4b2efb0ee71",
            "source": "Berth 32",
            "transportation_methods": [
                "Roadway",
                "Sea",
                "Transloading"
            ],
            "shipper": "MSC",
            "nTEU": 1,
            "origin": "GUATEMALA",
            "destination": "McIntosh Intersection",
            "name": "49-MSC METHONI-6:52:GUATEMALA"
        },
        {
            "EAT": 12960,
            "LDT": 17280,
            "cargo_categories": [
                "Non-hazardous"
            ],
            "delay_cost": 0,
            "group_uuid": "804f7785-a007-49b3-b338-d4b2efb0ee71",
            "source": "Berth 32",
            "transportation_methods": [
                "Roadway",
                "Sea",
                "Transloading"
            ],
            "shipper": "FIT",
            "nTEU": 15,
            "origin": "BRAZIL",
            "destination": "McIntosh Intersection",
            "name": "49-MSC METHONI-7:68:BRAZIL"
        },
        {
            "EAT": 12960,
            "LDT": 17280,
            "cargo_categories": [
                "Non-hazardous"
            ],
            "delay_cost": 0,
            "group_uuid": "804f7785-a007-49b3-b338-d4b2efb0ee71",
            "source": "Berth 32",
            "transportation_methods": [
                "Roadway",
                "Sea",
                "Transloading"
            ],
            "shipper": "MSC",
            "nTEU": 4,
            "origin": "COLOMBIA",
            "destination": "McIntosh Intersection",
            "name": "49-MSC METHONI-8:42:COLOMBIA"
        },
        {
            "EAT": 12960,
            "LDT": 17280,
            "cargo_categories": [
                "Non-hazardous"
            ],
            "delay_cost": 0,
            "group_uuid": "804f7785-a007-49b3-b338-d4b2efb0ee71",
            "source": "Berth 32",
            "transportation_methods": [
                "Roadway",
                "Sea",
                "Transloading"
            ],
            "shipper": "MSC",
            "nTEU": 15,
            "origin": "CAYMAN ISLANDS",
            "destination": "McIntosh Intersection",
            "name": "49-MSC METHONI-9:44:CAYMAN ISLANDS"
        },
        {
            "EAT": 12960,
            "LDT": 17280,
            "cargo_categories": [
                "Non-hazardous"
            ],
            "delay_cost": 0,
            "group_uuid": "804f7785-a007-49b3-b338-d4b2efb0ee71",
            "source": "Berth 32",
            "transportation_methods": [
                "Roadway",
                "Sea",
                "Transloading"
            ],
            "shipper": "MSC",
            "nTEU": 27,
            "origin": "GERMANY",
            "destination": "McIntosh Intersection",
            "name": "49-MSC METHONI-10:73:GERMANY"
        },
        {
            "EAT": 12960,
            "LDT": 17280,
            "cargo_categories": [
                "Non-hazardous"
            ],
            "delay_cost": 0,
            "group_uuid": "804f7785-a007-49b3-b338-d4b2efb0ee71",
            "source": "Berth 32",
            "transportation_methods": [
                "Roadway",
                "Sea",
                "Transloading"
            ],
            "shipper": "FIT",
            "nTEU": 1,
            "origin": "DOMINICAN REPUBLIC",
            "destination": "McIntosh Intersection",
            "name": "49-MSC METHONI-11:95:DOMINICAN REPUBLIC"
        },
        {
            "EAT": 12960,
            "LDT": 17280,
            "cargo_categories": [
                "Non-hazardous"
            ],
            "delay_cost": 0,
            "group_uuid": "804f7785-a007-49b3-b338-d4b2efb0ee71",
            "source": "Berth 32",
            "transportation_methods": [
                "Roadway",
                "Sea",
                "Transloading"
            ],
            "shipper": "MSC",
            "nTEU": 20,
            "origin": "ITALY",
            "destination": "McIntosh Intersection",
            "name": "49-MSC METHONI-12:33:ITALY"
        },
        {
            "EAT": 12960,
            "LDT": 17280,
            "cargo_categories": [
                "Non-hazardous"
            ],
            "delay_cost": 0,
            "group_uuid": "804f7785-a007-49b3-b338-d4b2efb0ee71",
            "source": "Berth 32",
            "transportation_methods": [
                "Roadway",
                "Sea",
                "Transloading"
            ],
            "shipper": "FIT",
            "nTEU": 4,
            "origin": "DOMINICAN REPUBLIC",
            "destination": "McIntosh Intersection",
            "name": "49-MSC METHONI-13:85:DOMINICAN REPUBLIC"
        },
        {
            "EAT": 12960,
            "LDT": 17280,
            "cargo_categories": [
                "Non-hazardous"
            ],
            "delay_cost": 0,
            "group_uuid": "804f7785-a007-49b3-b338-d4b2efb0ee71",
            "source": "Berth 32",
            "transportation_methods": [
                "Roadway",
                "Sea",
                "Transloading"
            ],
            "shipper": "MSC",
            "nTEU": 23,
            "origin": "PANAMA",
            "destination": "McIntosh Intersection",
            "name": "49-MSC METHONI-14:20:PANAMA"
        },
        {
            "EAT": 12960,
            "LDT": 17280,
            "cargo_categories": [
                "Non-hazardous"
            ],
            "delay_cost": 0,
            "group_uuid": "804f7785-a007-49b3-b338-d4b2efb0ee71",
            "source": "Berth 32",
            "transportation_methods": [
                "Roadway",
                "Sea",
                "Transloading"
            ],
            "shipper": "FIT",
            "nTEU": 1,
            "origin": "CHILE",
            "destination": "McIntosh Intersection",
            "name": "49-MSC METHONI-15:10:CHILE"
        },
        {
            "EAT": 12960,
            "LDT": 17280,
            "cargo_categories": [
                "Non-hazardous"
            ],
            "delay_cost": 0,
            "group_uuid": "804f7785-a007-49b3-b338-d4b2efb0ee71",
            "source": "Berth 32",
            "transportation_methods": [
                "Roadway",
                "Sea",
                "Transloading"
            ],
            "shipper": "MSC",
            "nTEU": 2,
            "origin": "GUATEMALA",
            "destination": "McIntosh Intersection",
            "name": "49-MSC METHONI-16:57:GUATEMALA"
        },
        {
            "EAT": 12960,
            "LDT": 17280,
            "cargo_categories": [
                "Non-hazardous"
            ],
            "delay_cost": 0,
            "group_uuid": "804f7785-a007-49b3-b338-d4b2efb0ee71",
            "source": "Berth 32",
            "transportation_methods": [
                "Roadway",
                "Sea",
                "Transloading"
            ],
            "shipper": "FIT",
            "nTEU": 10,
            "origin": "COLOMBIA",
            "destination": "McIntosh Intersection",
            "name": "49-MSC METHONI-17:70:COLOMBIA"
        },
        {
            "EAT": 12960,
            "LDT": 17280,
            "cargo_categories": [
                "Non-hazardous"
            ],
            "delay_cost": 0,
            "group_uuid": "804f7785-a007-49b3-b338-d4b2efb0ee71",
            "source": "Berth 32",
            "transportation_methods": [
                "Roadway",
                "Sea",
                "Transloading"
            ],
            "shipper": "FIT",
            "nTEU": 11,
            "origin": "BAHAMAS",
            "destination": "McIntosh Intersection",
            "name": "49-MSC METHONI-18:94:BAHAMAS"
        },
        {
            "EAT": 12960,
            "LDT": 17280,
            "cargo_categories": [
                "Non-hazardous"
            ],
            "delay_cost": 0,
            "group_uuid": "804f7785-a007-49b3-b338-d4b2efb0ee71",
            "source": "Berth 32",
            "transportation_methods": [
                "Roadway",
                "Sea",
                "Transloading"
            ],
            "shipper": "FIT",
            "nTEU": 4,
            "origin": "HONDURAS",
            "destination": "McIntosh Intersection",
            "name": "49-MSC METHONI-19::HONDURAS"
        },
        {
            "EAT": 12960,
            "LDT": 17280,
            "cargo_categories": [
                "Non-hazardous"
            ],
            "delay_cost": 0,
            "group_uuid": "804f7785-a007-49b3-b338-d4b2efb0ee71",
            "source": "Berth 32",
            "transportation_methods": [
                "Roadway",
                "Sea",
                "Transloading"
            ],
            "shipper": "FIT",
            "nTEU": 7,
            "origin": "COLOMBIA",
            "destination": "McIntosh Intersection",
            "name": "49-MSC METHONI-20:76:COLOMBIA"
        },
        {
            "EAT": 12960,
            "LDT": 17280,
            "cargo_categories": [
                "Non-hazardous"
            ],
            "delay_cost": 0,
            "group_uuid": "804f7785-a007-49b3-b338-d4b2efb0ee71",
            "source": "Berth 32",
            "transportation_methods": [
                "Roadway",
                "Sea",
                "Transloading"
            ],
            "shipper": "MSC",
            "nTEU": 6,
            "origin": "ITALY",
            "destination": "McIntosh Intersection",
            "name": "49-MSC METHONI-21:81:ITALY"
        },
        {
            "EAT": 12960,
            "LDT": 17280,
            "cargo_categories": [
                "Non-hazardous"
            ],
            "delay_cost": 0,
            "group_uuid": "804f7785-a007-49b3-b338-d4b2efb0ee71",
            "source": "Berth 32",
            "transportation_methods": [
                "Roadway",
                "Sea",
                "Transloading"
            ],
            "shipper": "MSC",
            "nTEU": 31,
            "origin": "ITALY",
            "destination": "McIntosh Intersection",
            "name": "49-MSC METHONI-22:84:ITALY"
        },
        {
            "EAT": 12960,
            "LDT": 17280,
            "cargo_categories": [
                "Non-hazardous"
            ],
            "delay_cost": 0,
            "group_uuid": "804f7785-a007-49b3-b338-d4b2efb0ee71",
            "source": "Berth 32",
            "transportation_methods": [
                "Roadway",
                "Sea",
                "Transloading"
            ],
            "shipper": "FIT",
            "nTEU": 71,
            "origin": "BRAZIL",
            "destination": "McIntosh Intersection",
            "name": "49-MSC METHONI-23:25:BRAZIL"
        },
        {
            "EAT": 12960,
            "LDT": 17280,
            "cargo_categories": [
                "Non-hazardous"
            ],
            "delay_cost": 0,
            "group_uuid": "804f7785-a007-49b3-b338-d4b2efb0ee71",
            "source": "Berth 32",
            "transportation_methods": [
                "Roadway",
                "Sea",
                "Transloading"
            ],
            "shipper": "FIT",
            "nTEU": 21,
            "origin": "ITALY",
            "destination": "McIntosh Intersection",
            "name": "49-MSC METHONI-24:72:ITALY"
        },
        {
            "EAT": 12960,
            "LDT": 17280,
            "cargo_categories": [
                "Non-hazardous"
            ],
            "delay_cost": 0,
            "group_uuid": "804f7785-a007-49b3-b338-d4b2efb0ee71",
            "source": "Berth 32",
            "transportation_methods": [
                "Roadway",
                "Sea",
                "Transloading"
            ],
            "shipper": "MSC",
            "nTEU": 15,
            "origin": "PORTUGAL",
            "destination": "McIntosh Intersection",
            "name": "49-MSC METHONI-25:15:PORTUGAL"
        },
        {
            "EAT": 12960,
            "LDT": 17280,
            "cargo_categories": [
                "Non-hazardous"
            ],
            "delay_cost": 0,
            "group_uuid": "804f7785-a007-49b3-b338-d4b2efb0ee71",
            "source": "Berth 32",
            "transportation_methods": [
                "Roadway",
                "Sea",
                "Transloading"
            ],
            "shipper": "MSC",
            "nTEU": 94,
            "origin": "BAHAMAS",
            "destination": "McIntosh Intersection",
            "name": "49-MSC METHONI-26:22:BAHAMAS"
        },
        {
            "EAT": 12960,
            "LDT": 17280,
            "cargo_categories": [
                "Non-hazardous"
            ],
            "delay_cost": 0,
            "group_uuid": "804f7785-a007-49b3-b338-d4b2efb0ee71",
            "source": "Berth 32",
            "transportation_methods": [
                "Roadway",
                "Sea",
                "Transloading"
            ],
            "shipper": "FIT",
            "nTEU": 2,
            "origin": "ITALY",
            "destination": "McIntosh Intersection",
            "name": "49-MSC METHONI-27:64:ITALY"
        },
        {
            "EAT": 12960,
            "LDT": 17280,
            "cargo_categories": [
                "Non-hazardous"
            ],
            "delay_cost": 0,
            "group_uuid": "804f7785-a007-49b3-b338-d4b2efb0ee71",
            "source": "Berth 32",
            "transportation_methods": [
                "Roadway",
                "Sea",
                "Transloading"
            ],
            "shipper": "MSC",
            "nTEU": 2,
            "origin": "BRAZIL",
            "destination": "McIntosh Intersection",
            "name": "49-MSC METHONI-28:82:BRAZIL"
        },
        {
            "EAT": 12960,
            "LDT": 17280,
            "cargo_categories": [
                "Non-hazardous"
            ],
            "delay_cost": 0,
            "group_uuid": "804f7785-a007-49b3-b338-d4b2efb0ee71",
            "source": "Berth 32",
            "transportation_methods": [
                "Roadway",
                "Sea",
                "Transloading"
            ],
            "shipper": "MSC",
            "nTEU": 0,
            "origin": "ITALY",
            "destination": "McIntosh Intersection",
            "name": "49-MSC METHONI-29:11:ITALY"
        },
        {
            "EAT": 12960,
            "LDT": 17280,
            "cargo_categories": [
                "Non-hazardous"
            ],
            "delay_cost": 0,
            "group_uuid": "804f7785-a007-49b3-b338-d4b2efb0ee71",
            "source": "Berth 32",
            "transportation_methods": [
                "Roadway",
                "Sea",
                "Transloading"
            ],
            "shipper": "MSC",
            "nTEU": 5,
            "origin": "GUATEMALA",
            "destination": "McIntosh Intersection",
            "name": "49-MSC METHONI-30:63:GUATEMALA"
        },
        {
            "EAT": 12960,
            "LDT": 17280,
            "cargo_categories": [
                "Non-hazardous"
            ],
            "delay_cost": 0,
            "group_uuid": "804f7785-a007-49b3-b338-d4b2efb0ee71",
            "source": "Berth 32",
            "transportation_methods": [
                "Roadway",
                "Sea",
                "Transloading"
            ],
            "shipper": "MSC",
            "nTEU": 3,
            "origin": "DOMINICAN REPUBLIC",
            "destination": "McIntosh Intersection",
            "name": "49-MSC METHONI-31:83:DOMINICAN REPUBLIC"
        },
        {
            "EAT": 12960,
            "LDT": 17280,
            "cargo_categories": [
                "Non-hazardous"
            ],
            "delay_cost": 0,
            "group_uuid": "804f7785-a007-49b3-b338-d4b2efb0ee71",
            "source": "Berth 32",
            "transportation_methods": [
                "Roadway",
                "Sea",
                "Transloading"
            ],
            "shipper": "MSC",
            "nTEU": 5,
            "origin": "SPAIN-S",
            "destination": "McIntosh Intersection",
            "name": "49-MSC METHONI-32:87:SPAIN-S"
        },
        {
            "EAT": 12960,
            "LDT": 17280,
            "cargo_categories": [
                "Non-hazardous"
            ],
            "delay_cost": 0,
            "group_uuid": "804f7785-a007-49b3-b338-d4b2efb0ee71",
            "source": "Berth 32",
            "transportation_methods": [
                "Roadway",
                "Sea",
                "Transloading"
            ],
            "shipper": "MSC",
            "nTEU": 2,
            "origin": "UNITED KINGDOM",
            "destination": "McIntosh Intersection",
            "name": "49-MSC METHONI-33:89:UNITED KINGDOM"
        },
        {
            "EAT": 12960,
            "LDT": 17280,
            "cargo_categories": [
                "Non-hazardous"
            ],
            "delay_cost": 0,
            "group_uuid": "804f7785-a007-49b3-b338-d4b2efb0ee71",
            "source": "Berth 32",
            "transportation_methods": [
                "Roadway",
                "Sea",
                "Transloading"
            ],
            "shipper": "MSC",
            "nTEU": 34,
            "origin": "BAHAMAS",
            "destination": "McIntosh Intersection",
            "name": "49-MSC METHONI-34:39:BAHAMAS"
        },
        {
            "EAT": 12960,
            "LDT": 17280,
            "cargo_categories": [
                "Non-hazardous"
            ],
            "delay_cost": 0,
            "group_uuid": "804f7785-a007-49b3-b338-d4b2efb0ee71",
            "source": "Berth 32",
            "transportation_methods": [
                "Roadway",
                "Sea",
                "Transloading"
            ],
            "shipper": "MSC",
            "nTEU": 4,
            "origin": "BRAZIL",
            "destination": "McIntosh Intersection",
            "name": "49-MSC METHONI-35:74:BRAZIL"
        },
        {
            "EAT": 12960,
            "LDT": 17280,
            "cargo_categories": [
                "Non-hazardous"
            ],
            "delay_cost": 0,
            "group_uuid": "804f7785-a007-49b3-b338-d4b2efb0ee71",
            "source": "Berth 32",
            "transportation_methods": [
                "Roadway",
                "Sea",
                "Transloading"
            ],
            "shipper": "FIT",
            "nTEU": 2,
            "origin": "SPAIN-S",
            "destination": "McIntosh Intersection",
            "name": "49-MSC METHONI-36:38:SPAIN-S"
        },
        {
            "EAT": 12960,
            "LDT": 17280,
            "cargo_categories": [
                "Non-hazardous"
            ],
            "delay_cost": 0,
            "group_uuid": "804f7785-a007-49b3-b338-d4b2efb0ee71",
            "source": "Berth 32",
            "transportation_methods": [
                "Roadway",
                "Sea",
                "Transloading"
            ],
            "shipper": "FIT",
            "nTEU": 2,
            "origin": "HONDURAS",
            "destination": "McIntosh Intersection",
            "name": "49-MSC METHONI-37:62:HONDURAS"
        },
        {
            "EAT": 12960,
            "LDT": 17280,
            "cargo_categories": [
                "Non-hazardous"
            ],
            "delay_cost": 0,
            "group_uuid": "804f7785-a007-49b3-b338-d4b2efb0ee71",
            "source": "Berth 32",
            "transportation_methods": [
                "Roadway",
                "Sea",
                "Transloading"
            ],
            "shipper": "MSC",
            "nTEU": 2,
            "origin": "GERMANY",
            "destination": "McIntosh Intersection",
            "name": "49-MSC METHONI-38:49:GERMANY"
        },
        {
            "EAT": 12960,
            "LDT": 17280,
            "cargo_categories": [
                "Non-hazardous"
            ],
            "delay_cost": 0,
            "group_uuid": "804f7785-a007-49b3-b338-d4b2efb0ee71",
            "source": "Berth 32",
            "transportation_methods": [
                "Roadway",
                "Sea",
                "Transloading"
            ],
            "shipper": "MSC",
            "nTEU": 72,
            "origin": "BRAZIL",
            "destination": "McIntosh Intersection",
            "name": "49-MSC METHONI-39:69:BRAZIL"
        },
        {
            "EAT": 12960,
            "LDT": 17280,
            "cargo_categories": [
                "Non-hazardous"
            ],
            "delay_cost": 0,
            "group_uuid": "804f7785-a007-49b3-b338-d4b2efb0ee71",
            "source": "Berth 32",
            "transportation_methods": [
                "Roadway",
                "Sea",
                "Transloading"
            ],
            "shipper": "MSC",
            "nTEU": 2,
            "origin": "COSTA RICA",
            "destination": "McIntosh Intersection",
            "name": "49-MSC METHONI-40:29:COSTA RICA"
        },
        {
            "EAT": 12960,
            "LDT": 17280,
            "cargo_categories": [
                "Non-hazardous"
            ],
            "delay_cost": 0,
            "group_uuid": "804f7785-a007-49b3-b338-d4b2efb0ee71",
            "source": "Berth 32",
            "transportation_methods": [
                "Roadway",
                "Sea",
                "Transloading"
            ],
            "shipper": "MSC",
            "nTEU": 4,
            "origin": "PANAMA",
            "destination": "McIntosh Intersection",
            "name": "49-MSC METHONI-41:88:PANAMA"
        },
        {
            "EAT": 12960,
            "LDT": 17280,
            "cargo_categories": [
                "Non-hazardous"
            ],
            "delay_cost": 0,
            "group_uuid": "804f7785-a007-49b3-b338-d4b2efb0ee71",
            "source": "Berth 32",
            "transportation_methods": [
                "Roadway",
                "Sea",
                "Transloading"
            ],
            "shipper": "FIT",
            "nTEU": 55,
            "origin": "SPAIN-S",
            "destination": "McIntosh Intersection",
            "name": "49-MSC METHONI-42:31:SPAIN-S"
        },
        {
            "EAT": 12960,
            "LDT": 17280,
            "cargo_categories": [
                "Non-hazardous"
            ],
            "delay_cost": 0,
            "group_uuid": "804f7785-a007-49b3-b338-d4b2efb0ee71",
            "source": "Berth 32",
            "transportation_methods": [
                "Roadway",
                "Sea",
                "Transloading"
            ],
            "shipper": "MSC",
            "nTEU": 20,
            "origin": "HONDURAS",
            "destination": "McIntosh Intersection",
            "name": "49-MSC METHONI-43:7:HONDURAS"
        },
        {
            "EAT": 12960,
            "LDT": 17280,
            "cargo_categories": [
                "Non-hazardous"
            ],
            "delay_cost": 0,
            "group_uuid": "804f7785-a007-49b3-b338-d4b2efb0ee71",
            "source": "Berth 32",
            "transportation_methods": [
                "Roadway",
                "Sea",
                "Transloading"
            ],
            "shipper": "FIT",
            "nTEU": 9,
            "origin": "COLOMBIA",
            "destination": "McIntosh Intersection",
            "name": "49-MSC METHONI-44:32:COLOMBIA"
        },
        {
            "EAT": 12960,
            "LDT": 17280,
            "cargo_categories": [
                "Non-hazardous"
            ],
            "delay_cost": 0,
            "group_uuid": "804f7785-a007-49b3-b338-d4b2efb0ee71",
            "source": "Berth 32",
            "transportation_methods": [
                "Roadway",
                "Sea",
                "Transloading"
            ],
            "shipper": "MSC",
            "nTEU": 7,
            "origin": "BRAZIL",
            "destination": "McIntosh Intersection",
            "name": "49-MSC METHONI-45:48:BRAZIL"
        },
        {
            "EAT": 12960,
            "LDT": 17280,
            "cargo_categories": [
                "Non-hazardous"
            ],
            "delay_cost": 0,
            "group_uuid": "804f7785-a007-49b3-b338-d4b2efb0ee71",
            "source": "Berth 32",
            "transportation_methods": [
                "Roadway",
                "Sea",
                "Transloading"
            ],
            "shipper": "FIT",
            "nTEU": 2,
            "origin": "SPAIN-S",
            "destination": "McIntosh Intersection",
            "name": "49-MSC METHONI-46:3:SPAIN-S"
        },
        {
            "EAT": 12960,
            "LDT": 17280,
            "cargo_categories": [
                "Non-hazardous"
            ],
            "delay_cost": 0,
            "group_uuid": "804f7785-a007-49b3-b338-d4b2efb0ee71",
            "source": "Berth 32",
            "transportation_methods": [
                "Roadway",
                "Sea",
                "Transloading"
            ],
            "shipper": "FIT",
            "nTEU": 4,
            "origin": "DOMINICAN REPUBLIC",
            "destination": "McIntosh Intersection",
            "name": "49-MSC METHONI-47:24:DOMINICAN REPUBLIC"
        }
    ]
}