{
    "commodities": [
        {
            "EAT": 20160,
            "LDT": 24480,
            "cargo_categories": [
                "Non-hazardous"
            ],
            "delay_cost": 0,
            "group_uuid": "8fda302b-9616-4bc9-bcef-9abfaaf309db",
            "source": "Berth 33",
            "transportation_methods": [
                "Roadway",
                "Sea",
                "Transloading"
            ],
            "shipper": "King Ocean",
            "nTEU": 2,
            "origin": "UNITED KINGDOM",
            "destination": "McIntosh Intersection",
            "name": "64-ROTHORN-0:19:UNITED KINGDOM"
        },
        {
            "EAT": 20160,
            "LDT": 24480,
            "cargo_categories": [
                "Non-hazardous"
            ],
            "delay_cost": 0,
            "group_uuid": "8fda302b-9616-4bc9-bcef-9abfaaf309db",
            "source": "Berth 33",
            "transportation_methods": [
                "Roadway",
                "Sea",
                "Transloading"
            ],
            "shipper": "King Ocean",
            "nTEU": 0,
            "origin": "DOMINICAN REPUBLIC",
            "destination": "McIntosh Intersection",
            "name": "64-ROTHORN-1:90:DOMINICAN REPUBLIC"
        },
        {
            "EAT": 20160,
            "LDT": 24480,
            "cargo_categories": [
                "Non-hazardous"
            ],
            "delay_cost": 0,
            "group_uuid": "8fda302b-9616-4bc9-bcef-9abfaaf309db",
            "source": "Berth 33",
            "transportation_methods": [
                "Roadway",
                "Sea",
                "Transloading"
            ],
            "shipper": "Crowley",
            "nTEU": 8,
            "origin": "BELGIUM",
            "destination": "McIntosh Intersection",
            "name": "64-ROTHORN-2:7:BELGIUM"
        },
        {
            "EAT": 20160,
            "LDT": 24480,
            "cargo_categories": [
                "Non-hazardous"
            ],
            "delay_cost": 0,
            "group_uuid": "8fda302b-9616-4bc9-bcef-9abfaaf309db",
            "source": "Berth 33",
            "transportation_methods": [
                "Roadway",
                "Sea",
                "Transloading"
            ],
            "shipper": "King Ocean",
            "nTEU": 2,
            "origin": "SPAIN-S",
            "destination": "McIntosh Intersection",
            "name": "64-ROTHORN-3:72:SPAIN-S"
        },
        {
            "EAT": 20160,
            "LDT": 24480,
            "cargo_categories": [
                "Non-hazardous"
            ],
            "delay_cost": 0,
            "group_uuid": "8fda302b-9616-4bc9-bcef-9abfaaf309db",
            "source": "Berth 33",
            "transportation_methods": [
                "Roadway",
                "Sea",
                "Transloading"
            ],
            "shipper": "Crowley",
            "nTEU": 2,
            "origin": "TRINIDAD AND TOBAGO",
            "destination": "McIntosh Intersection",
            "name": "64-ROTHORN-4:3:TRINIDAD AND TOBAGO"
        },
        {
            "EAT": 20160,
            "LDT": 24480,
            "cargo_categories": [
                "Non-hazardous"
            ],
            "delay_cost": 0,
            "group_uuid": "8fda302b-9616-4bc9-bcef-9abfaaf309db",
            "source": "Berth 33",
            "transportation_methods": [
                "Roadway",
                "Sea",
                "Transloading"
            ],
            "shipper": "King Ocean",
            "nTEU": 2,
            "origin": "COLOMBIA",
            "destination": "McIntosh Intersection",
            "name": "64-ROTHORN-5:32:COLOMBIA"
        },
        {
            "EAT": 20160,
            "LDT": 24480,
            "cargo_categories": [
                "Non-hazardous"
            ],
            "delay_cost": 0,
            "group_uuid": "8fda302b-9616-4bc9-bcef-9abfaaf309db",
            "source": "Berth 33",
            "transportation_methods": [
                "Roadway",
                "Sea",
                "Transloading"
            ],
            "shipper": "King Ocean",
            "nTEU": 2,
            "origin": "CHILE",
            "destination": "McIntosh Intersection",
            "name": "64-ROTHORN-6:12:CHILE"
        },
        {
            "EAT": 20160,
            "LDT": 24480,
            "cargo_categories": [
                "Non-hazardous"
            ],
            "delay_cost": 0,
            "group_uuid": "8fda302b-9616-4bc9-bcef-9abfaaf309db",
            "source": "Berth 33",
            "transportation_methods": [
                "Roadway",
                "Sea",
                "Transloading"
            ],
            "shipper": "King Ocean",
            "nTEU": 0,
            "origin": "BELGIUM",
            "destination": "McIntosh Intersection",
            "name": "64-ROTHORN-7:9:BELGIUM"
        },
        {
            "EAT": 20160,
            "LDT": 24480,
            "cargo_categories": [
                "Non-hazardous"
            ],
            "delay_cost": 0,
            "group_uuid": "8fda302b-9616-4bc9-bcef-9abfaaf309db",
            "source": "Berth 33",
            "transportation_methods": [
                "Roadway",
                "Sea",
                "Transloading"
            ],
            "shipper": "Crowley",
            "nTEU": 2,
            "origin": "GERMANY",
            "destination": "McIntosh Intersection",
            "name": "64-ROTHORN-8:31:GERMANY"
        },
        {
            "EAT": 20160,
            "LDT": 24480,
            "cargo_categories": [
                "Non-hazardous"
            ],
            "delay_cost": 0,
            "group_uuid": "8fda302b-9616-4bc9-bcef-9abfaaf309db",
            "source": "Berth 33",
            "transportation_methods": [
                "Roadway",
                "Sea",
                "Transloading"
            ],
            "shipper": "King Ocean",
            "nTEU": 4,
            "origin": "COLOMBIA",
            "destination": "McIntosh Intersection",
            "name": "64-ROTHORN-9:76:COLOMBIA"
        },
        {
            "EAT": 20160,
            "LDT": 24480,
            "cargo_categories": [
                "Non-hazardous"
            ],
            "delay_cost": 0,
            "group_uuid": "8fda302b-9616-4bc9-bcef-9abfaaf309db",
            "source": "Berth 33",
            "transportation_methods": [
                "Roadway",
                "Sea",
                "Transloading"
            ],
            "shipper": "King Ocean",
            "nTEU": 1,
            "origin": "DOMINICAN REPUBLIC",
            "destination": "McIntosh Intersection",
            "name": "64-ROTHORN-10:95:DOMINICAN REPUBLIC"
        },
        {
            "EAT": 20160,
            "LDT": 24480,
            "cargo_categories": [
                "Non-hazardous"
            ],
            "delay_cost": 0,
            "group_uuid": "8fda302b-9616-4bc9-bcef-9abfaaf309db",
            "source": "Berth 33",
            "transportation_methods": [
                "Roadway",
                "Sea",
                "Transloading"
            ],
            "shipper": "Crowley",
            "nTEU": 1,
            "origin": "SPAIN-S",
            "destination": "McIntosh Intersection",
            "name": "64-ROTHORN-11:42:SPAIN-S"
        },
        {
            "EAT": 20160,
            "LDT": 24480,
            "cargo_categories": [
                "Non-hazardous"
            ],
            "delay_cost": 0,
            "group_uuid": "8fda302b-9616-4bc9-bcef-9abfaaf309db",
            "source": "Berth 33",
            "transportation_methods": [
                "Roadway",
                "Sea",
                "Transloading"
            ],
            "shipper": "Crowley",
            "nTEU": 2,
            "origin": "HAITI",
            "destination": "McIntosh Intersection",
            "name": "64-ROTHORN-12::HAITI"
        },
        {
            "EAT": 20160,
            "LDT": 24480,
            "cargo_categories": [
                "Non-hazardous"
            ],
            "delay_cost": 0,
            "group_uuid": "8fda302b-9616-4bc9-bcef-9abfaaf309db",
            "source": "Berth 33",
            "transportation_methods": [
                "Roadway",
                "Sea",
                "Transloading"
            ],
            "shipper": "King Ocean",
            "nTEU": 0,
            "origin": "BRAZIL",
            "destination": "McIntosh Intersection",
            "name": "64-ROTHORN-13:85:BRAZIL"
        },
        {
            "EAT": 20160,
            "LDT": 24480,
            "cargo_categories": [
                "Non-hazardous"
            ],
            "delay_cost": 0,
            "group_uuid": "8fda302b-9616-4bc9-bcef-9abfaaf309db",
            "source": "Berth 33",
            "transportation_methods": [
                "Roadway",
                "Sea",
                "Transloading"
            ],
            "shipper": "Crowley",
            "nTEU": 1,
            "origin": "BELGIUM",
            "destination": "McIntosh Intersection",
            "name": "64-ROTHORN-14:33:BELGIUM"
        },
        {
            "EAT": 20160,
            "LDT": 24480,
            "cargo_categories": [
                "Non-hazardous"
            ],
            "delay_cost": 0,
            "group_uuid": "8fda302b-9616-4bc9-bcef-9abfaaf309db",
            "source": "Berth 33",
            "transportation_methods": [
                "Roadway",
                "Sea",
                "Transloading"
            ],
            "shipper": "Crowley",
            "nTEU": 2,
            "origin": "COSTA RICA",
            "destination": "McIntosh Intersection",
            "name": "64-ROTHORN-15:6:COSTA RICA"
        },
        {
            "EAT": 20160,
            "LDT": 24480,
            "cargo_categories": [
                "Non-hazardous"
            ],
            "delay_cost": 0,
            "group_uuid": "8fda302b-9616-4bc9-bcef-9abfaaf309db",
            "source": "Berth 33",
            "transportation_methods": [
                "Roadway",
                "Sea",
                "Transloading"
            ],
            "shipper": "Crowley",
            "nTEU": 4,
            "origin": "BRAZIL",
            "destination": "McIntosh Intersection",
            "name": "64-ROTHORN-16:94:BRAZIL"
        },
        {
            "EAT": 20160,
            "LDT": 24480,
            "cargo_categories": [
                "Non-hazardous"
            ],
            "delay_cost": 0,
            "group_uuid": "8fda302b-9616-4bc9-bcef-9abfaaf309db",
            "source": "Berth 33",
            "transportation_methods": [
                "Roadway",
                "Sea",
                "Transloading"
            ],
            "shipper": "Crowley",
            "nTEU": 6,
            "origin": "COSTA RICA",
            "destination": "McIntosh Intersection",
            "name": "64-ROTHORN-17:40:COSTA RICA"
        },
        {
            "EAT": 20160,
            "LDT": 24480,
            "cargo_categories": [
                "Non-hazardous"
            ],
            "delay_cost": 0,
            "group_uuid": "8fda302b-9616-4bc9-bcef-9abfaaf309db",
            "source": "Berth 33",
            "transportation_methods": [
                "Roadway",
                "Sea",
                "Transloading"
            ],
            "shipper": "King Ocean",
            "nTEU": 0,
            "origin": "ITALY",
            "destination": "McIntosh Intersection",
            "name": "64-ROTHORN-18:49:ITALY"
        },
        {
            "EAT": 20160,
            "LDT": 24480,
            "cargo_categories": [
                "Non-hazardous"
            ],
            "delay_cost": 0,
            "group_uuid": "8fda302b-9616-4bc9-bcef-9abfaaf309db",
            "source": "Berth 33",
            "transportation_methods": [
                "Roadway",
                "Sea",
                "Transloading"
            ],
            "shipper": "King Ocean",
            "nTEU": 12,
            "origin": "PORTUGAL",
            "destination": "McIntosh Intersection",
            "name": "64-ROTHORN-19:70:PORTUGAL"
        },
        {
            "EAT": 20160,
            "LDT": 24480,
            "cargo_categories": [
                "Non-hazardous"
            ],
            "delay_cost": 0,
            "group_uuid": "8fda302b-9616-4bc9-bcef-9abfaaf309db",
            "source": "Berth 33",
            "transportation_methods": [
                "Roadway",
                "Sea",
                "Transloading"
            ],
            "shipper": "King Ocean",
            "nTEU": 16,
            "origin": "COSTA RICA",
            "destination": "McIntosh Intersection",
            "name": "64-ROTHORN-20:39:COSTA RICA"
        },
        {
            "EAT": 20160,
            "LDT": 24480,
            "cargo_categories": [
                "Non-hazardous"
            ],
            "delay_cost": 0,
            "group_uuid": "8fda302b-9616-4bc9-bcef-9abfaaf309db",
            "source": "Berth 33",
            "transportation_methods": [
                "Roadway",
                "Sea",
                "Transloading"
            ],
            "shipper": "King Ocean",
            "nTEU": 2,
            "origin": "GUATEMALA",
            "destination": "McIntosh Intersection",
            "name": "64-ROTHORN-21:61:GUATEMALA"
        },
        {
            "EAT": 20160,
            "LDT": 24480,
            "cargo_categories": [
                "Non-hazardous"
            ],
            "delay_cost": 0,
            "group_uuid": "8fda302b-9616-4bc9-bcef-9abfaaf309db",
            "source": "Berth 33",
            "transportation_methods": [
                "Roadway",
                "Sea",
                "Transloading"
            ],
            "shipper": "Crowley",
            "nTEU": 0,
            "origin": "TURKS AND CAICOS IS",
            "destination": "McIntosh Intersection",
            "name": "64-ROTHORN-22:86:TURKS AND CAICOS IS"
        },
        {
            "EAT": 20160,
            "LDT": 24480,
            "cargo_categories": [
                "Non-hazardous"
            ],
            "delay_cost": 10,
            "group_uuid": "8fda302b-9616-4bc9-bcef-9abfaaf309db",
            "source": "Berth 33",
            "transportation_methods": [
                "Roadway",
                "Sea",
                "Transloading"
            ],
            "shipper": "Crowley",
            "nTEU": 38,
            "origin": "GUATEMALA",
            "destination": "McIntosh Intersection",
            "name": "64-ROTHORN-23:8:GUATEMALA"
        },
        {
            "EAT": 20160,
            "LDT": 24480,
            "cargo_categories": [
                "Non-hazardous"
            ],
            "delay_cost": 0,
            "group_uuid": "8fda302b-9616-4bc9-bcef-9abfaaf309db",
            "source": "Berth 33",
            "transportation_methods": [
                "Roadway",
                "Sea",
                "Transloading"
            ],
            "shipper": "Crowley",
            "nTEU": 1,
            "origin": "DOMINICAN REPUBLIC",
            "destination": "McIntosh Intersection",
            "name": "64-ROTHORN-24:24:DOMINICAN REPUBLIC"
        },
        {
            "EAT": 20160,
            "LDT": 24480,
            "cargo_categories": [
                "Non-hazardous"
            ],
            "delay_cost": 0,
            "group_uuid": "8fda302b-9616-4bc9-bcef-9abfaaf309db",
            "source": "Berth 33",
            "transportation_methods": [
                "Roadway",
                "Sea",
                "Transloading"
            ],
            "shipper": "Crowley",
            "nTEU": 4,
            "origin": "COLOMBIA",
            "destination": "McIntosh Intersection",
            "name": "64-ROTHORN-25:20:COLOMBIA"
        },
        {
            "EAT": 20160,
            "LDT": 24480,
            "cargo_categories": [
                "Non-hazardous"
            ],
            "delay_cost": 0,
            "group_uuid": "8fda302b-9616-4bc9-bcef-9abfaaf309db",
            "source": "Berth 33",
            "transportation_methods": [
                "Roadway",
                "Sea",
                "Transloading"
            ],
            "shipper": "Crowley",
            "nTEU": 2,
            "origin": "PEOPLES REP OF CHINA",
            "destination": "McIntosh Intersection",
            "name": "64-ROTHORN-26:87:PEOPLES REP OF CHINA"
        },
        {
            "EAT": 20160,
            "LDT": 24480,
            "cargo_categories": [
                "Non-hazardous"
            ],
            "delay_cost": 0,
            "group_uuid": "8fda302b-9616-4bc9-bcef-9abfaaf309db",
            "source": "Berth 33",
            "transportation_methods": [
                "Roadway",
                "Sea",
                "Transloading"
            ],
            "shipper": "King Ocean",
            "nTEU": 2,
            "origin": "ITALY",
            "destination": "McIntosh Intersection",
            "name": "64-ROTHORN-27:84:ITALY"
        },
        {
            "EAT": 20160,
            "LDT": 24480,
            "cargo_categories": [
                "Non-hazardous"
            ],
            "delay_cost": 0,
            "group_uuid": "8fda302b-9616-4bc9-bcef-9abfaaf309db",
            "source": "Berth 33",
            "transportation_methods": [
                "Roadway",
                "Sea",
                "Transloading"
            ],
            "shipper": "Crowley",
            "nTEU": 1,
            "origin": "COLOMBIA",
            "destination": "McIntosh Intersection",
            "name": "64-ROTHORN-28:59:COLOMBIA"
        },
        {
            "EAT": 20160,
            "LDT": 24480,
            "cargo_categories": [
                "Non-hazardous"
            ],
            "delay_cost": 0,
            "group_uuid": "8fda302b-9616-4bc9-bcef-9abfaaf309db",
            "source": "Berth 33",
            "transportation_methods": [
                "Roadway",
                "Sea",
                "Transloading"
            ],
            "shipper": "King Ocean",
            "nTEU": 1,
            "origin": "PANAMA",
            "destination": "McIntosh Intersection",
            "name": "64-ROTHORN-29:4:PANAMA"
        },
        {
            "EAT": 20160,
            "LDT": 24480,
            "cargo_categories": [
                "Non-hazardous"
            ],
            "delay_cost": 0,
            "group_uuid": "8fda302b-9616-4bc9-bcef-9abfaaf309db",
            "source": "Berth 33",
            "transportation_methods": [
                "Roadway",
                "Sea",
                "Transloading"
            ],
            "shipper": "Crowley",
            "nTEU": 2,
            "origin": "BRAZIL",
            "destination": "McIntosh Intersection",
            "name": "64-ROTHORN-30:44:BRAZIL"
        },
        {
            "EAT": 20160,
            "LDT": 24480,
            "cargo_categories": [
                "Non-hazardous"
            ],
            "delay_cost": 0,
            "group_uuid": "8fda302b-9616-4bc9-bcef-9abfaaf309db",
            "source": "Berth 33",
            "transportation_methods": [
                "Roadway",
                "Sea",
                "Transloading"
            ],
            "shipper": "Crowley",
            "nTEU": 1,
            "origin": "HONDURAS",
            "destination": "McIntosh Intersection",
            "name": "64-ROTHORN-31:62:HONDURAS"
        }
    ]
}