{
    "commodities": [
        {
            "EAT": 20160,
            "LDT": 24480,
            "cargo_categories": [
                "Non-hazardous"
            ],
            "delay_cost": 0,
            "group_uuid": "40347644-9f97-4909-b451-61df63a40225",
            "source": "Berth 32",
            "transportation_methods": [
                "Roadway",
                "Sea",
                "Transloading"
            ],
            "shipper": "Crowley",
            "nTEU": 1,
            "origin": "GERMANY",
            "destination": "McIntosh Intersection",
            "name": "65-VEGA SACHSEN-0:28:GERMANY"
        },
        {
            "EAT": 20160,
            "LDT": 24480,
            "cargo_categories": [
                "Non-hazardous"
            ],
            "delay_cost": 0,
            "group_uuid": "40347644-9f97-4909-b451-61df63a40225",
            "source": "Berth 32",
            "transportation_methods": [
                "Roadway",
                "Sea",
                "Transloading"
            ],
            "shipper": "Crowley",
            "nTEU": 1,
            "origin": "GUATEMALA",
            "destination": "McIntosh Intersection",
            "name": "65-VEGA SACHSEN-1:54:GUATEMALA"
        },
        {
            "EAT": 20160,
            "LDT": 24480,
            "cargo_categories": [
                "Non-hazardous"
            ],
            "delay_cost": 0,
            "group_uuid": "40347644-9f97-4909-b451-61df63a40225",
            "source": "Berth 32",
            "transportation_methods": [
                "Roadway",
                "Sea",
                "Transloading"
            ],
            "shipper": "Crowley",
            "nTEU": 7,
            "origin": "SPAIN-S",
            "destination": "McIntosh Intersection",
            "name": "65-VEGA SACHSEN-2:68:SPAIN-S"
        },
        {
            "EAT": 20160,
            "LDT": 24480,
            "cargo_categories": [
                "Non-hazardous"
            ],
            "delay_cost": 0,
            "group_uuid": "40347644-9f97-4909-b451-61df63a40225",
            "source": "Berth 32",
            "transportation_methods": [
                "Roadway",
                "Sea",
                "Transloading"
            ],
            "shipper": "Crowley",
            "nTEU": 2,
            "origin": "BAHAMAS",
            "destination": "McIntosh Intersection",
            "name": "65-VEGA SACHSEN-3:95:BAHAMAS"
        },
        {
            "EAT": 20160,
            "LDT": 24480,
            "cargo_categories": [
                "Non-hazardous"
            ],
            "delay_cost": 0,
            "group_uuid": "40347644-9f97-4909-b451-61df63a40225",
            "source": "Berth 32",
            "transportation_methods": [
                "Roadway",
                "Sea",
                "Transloading"
            ],
            "shipper": "Crowley",
            "nTEU": 14,
            "origin": "BELGIUM",
            "destination": "McIntosh Intersection",
            "name": "65-VEGA SACHSEN-4:85:BELGIUM"
        },
        {
            "EAT": 20160,
            "LDT": 24480,
            "cargo_categories": [
                "Non-hazardous"
            ],
            "delay_cost": 0,
            "group_uuid": "40347644-9f97-4909-b451-61df63a40225",
            "source": "Berth 32",
            "transportation_methods": [
                "Roadway",
                "Sea",
                "Transloading"
            ],
            "shipper": "Crowley",
            "nTEU": 1,
            "origin": "GUATEMALA",
            "destination": "McIntosh Intersection",
            "name": "65-VEGA SACHSEN-5:86:GUATEMALA"
        },
        {
            "EAT": 20160,
            "LDT": 24480,
            "cargo_categories": [
                "Non-hazardous"
            ],
            "delay_cost": 0,
            "group_uuid": "40347644-9f97-4909-b451-61df63a40225",
            "source": "Berth 32",
            "transportation_methods": [
                "Roadway",
                "Sea",
                "Transloading"
            ],
            "shipper": "Crowley",
            "nTEU": 34,
            "origin": "DOMINICAN REPUBLIC",
            "destination": "McIntosh Intersection",
            "name": "65-VEGA SACHSEN-6::DOMINICAN REPUBLIC"
        },
        {
            "EAT": 20160,
            "LDT": 24480,
            "cargo_categories": [
                "Non-hazardous"
            ],
            "delay_cost": 0,
            "group_uuid": "40347644-9f97-4909-b451-61df63a40225",
            "source": "Berth 32",
            "transportation_methods": [
                "Roadway",
                "Sea",
                "Transloading"
            ],
            "shipper": "Crowley",
            "nTEU": 0,
            "origin": "COSTA RICA",
            "destination": "McIntosh Intersection",
            "name": "65-VEGA SACHSEN-7:6:COSTA RICA"
        },
        {
            "EAT": 20160,
            "LDT": 24480,
            "cargo_categories": [
                "Non-hazardous"
            ],
            "delay_cost": 0,
            "group_uuid": "40347644-9f97-4909-b451-61df63a40225",
            "source": "Berth 32",
            "transportation_methods": [
                "Roadway",
                "Sea",
                "Transloading"
            ],
            "shipper": "Crowley",
            "nTEU": 1,
            "origin": "ITALY",
            "destination": "McIntosh Intersection",
            "name": "65-VEGA SACHSEN-8:64:ITALY"
        },
        {
            "EAT": 20160,
            "LDT": 24480,
            "cargo_categories": [
                "Non-hazardous"
            ],
            "delay_cost": 0,
            "group_uuid": "40347644-9f97-4909-b451-61df63a40225",
            "source": "Berth 32",
            "transportation_methods": [
                "Roadway",
                "Sea",
                "Transloading"
            ],
            "shipper": "Crowley",
            "nTEU": 5,
            "origin": "HONDURAS",
            "destination": "McIntosh Intersection",
            "name": "65-VEGA SACHSEN-9:61:HONDURAS"
        },
        {
            "EAT": 20160,
            "LDT": 24480,
            "cargo_categories": [
                "Non-hazardous"
            ],
            "delay_cost": 0,
            "group_uuid": "40347644-9f97-4909-b451-61df63a40225",
            "source": "Berth 32",
            "transportation_methods": [
                "Roadway",
                "Sea",
                "Transloading"
            ],
            "shipper": "Crowley",
            "nTEU": 6,
            "origin": "COLOMBIA",
            "destination": "McIntosh Intersection",
            "name": "65-VEGA SACHSEN-10:39:COLOMBIA"
        },
        {
            "EAT": 20160,
            "LDT": 24480,
            "cargo_categories": [
                "Non-hazardous"
            ],
            "delay_cost": 0,
            "group_uuid": "40347644-9f97-4909-b451-61df63a40225",
            "source": "Berth 32",
            "transportation_methods": [
                "Roadway",
                "Sea",
                "Transloading"
            ],
            "shipper": "Crowley",
            "nTEU": 34,
            "origin": "DOMINICAN REPUBLIC",
            "destination": "McIntosh Intersection",
            "name": "65-VEGA SACHSEN-11:90:DOMINICAN REPUBLIC"
        },
        {
            "EAT": 20160,
            "LDT": 24480,
            "cargo_categories": [
                "Non-hazardous"
            ],
            "delay_cost": 0,
            "group_uuid": "40347644-9f97-4909-b451-61df63a40225",
            "source": "Berth 32",
            "transportation_methods": [
                "Roadway",
                "Sea",
                "Transloading"
            ],
            "shipper": "Crowley",
            "nTEU": 3,
            "origin": "DOMINICAN REPUBLIC",
            "destination": "McIntosh Intersection",
            "name": "65-VEGA SACHSEN-12:96:DOMINICAN REPUBLIC"
        },
        {
            "EAT": 20160,
            "LDT": 24480,
            "cargo_categories": [
                "Non-hazardous"
            ],
            "delay_cost": 0,
            "group_uuid": "40347644-9f97-4909-b451-61df63a40225",
            "source": "Berth 32",
            "transportation_methods": [
                "Roadway",
                "Sea",
                "Transloading"
            ],
            "shipper": "Crowley",
            "nTEU": 2,
            "origin": "HONDURAS",
            "destination": "McIntosh Intersection",
            "name": "65-VEGA SACHSEN-13:24:HONDURAS"
        },
        {
            "EAT": 20160,
            "LDT": 24480,
            "cargo_categories": [
                "Non-hazardous"
            ],
            "delay_cost": 0,
            "group_uuid": "40347644-9f97-4909-b451-61df63a40225",
            "source": "Berth 32",
            "transportation_methods": [
                "Roadway",
                "Sea",
                "Transloading"
            ],
            "shipper": "Crowley",
            "nTEU": 4,
            "origin": "ITALY",
            "destination": "McIntosh Intersection",
            "name": "65-VEGA SACHSEN-14:33:ITALY"
        },
        {
            "EAT": 20160,
            "LDT": 24480,
            "cargo_categories": [
                "Non-hazardous"
            ],
            "delay_cost": 0,
            "group_uuid": "40347644-9f97-4909-b451-61df63a40225",
            "source": "Berth 32",
            "transportation_methods": [
                "Roadway",
                "Sea",
                "Transloading"
            ],
            "shipper": "Crowley",
            "nTEU": 1,
            "origin": "MEXICO",
            "destination": "McIntosh Intersection",
            "name": "65-VEGA SACHSEN-15:87:MEXICO"
        },
        {
            "EAT": 20160,
            "LDT": 24480,
            "cargo_categories": [
                "Non-hazardous"
            ],
            "delay_cost": 10,
            "group_uuid": "40347644-9f97-4909-b451-61df63a40225",
            "source": "Berth 32",
            "transportation_methods": [
                "Roadway",
                "Sea",
                "Transloading"
            ],
            "shipper": "Crowley",
            "nTEU": 18,
            "origin": "GUATEMALA",
            "destination": "McIntosh Intersection",
            "name": "65-VEGA SACHSEN-16:8:GUATEMALA"
        },
        {
            "EAT": 20160,
            "LDT": 24480,
            "cargo_categories": [
                "Non-hazardous"
            ],
            "delay_cost": 0,
            "group_uuid": "40347644-9f97-4909-b451-61df63a40225",
            "source": "Berth 32",
            "transportation_methods": [
                "Roadway",
                "Sea",
                "Transloading"
            ],
            "shipper": "Crowley",
            "nTEU": 142,
            "origin": "HONDURAS",
            "destination": "McIntosh Intersection",
            "name": "65-VEGA SACHSEN-17:62:HONDURAS"
        }
    ]
}