{
    "commodities": [
        {
            "EAT": 14400,
            "LDT": 18720,
            "cargo_categories": [
                "Non-hazardous"
            ],
            "delay_cost": 0,
            "group_uuid": "70924fe3-49b7-4c9e-89b0-bcd2006e6546",
            "source": "Berth 33",
            "transportation_methods": [
                "Roadway",
                "Sea",
                "Transloading"
            ],
            "shipper": "Crowley",
            "nTEU": 2,
            "origin": "GUATEMALA",
            "destination": "McIntosh Intersection",
            "name": "53-WEISSHORN-0:21:GUATEMALA"
        },
        {
            "EAT": 14400,
            "LDT": 18720,
            "cargo_categories": [
                "Non-hazardous"
            ],
            "delay_cost": 0,
            "group_uuid": "70924fe3-49b7-4c9e-89b0-bcd2006e6546",
            "source": "Berth 33",
            "transportation_methods": [
                "Roadway",
                "Sea",
                "Transloading"
            ],
            "shipper": "King Ocean",
            "nTEU": 2,
            "origin": "COSTA RICA",
            "destination": "McIntosh Intersection",
            "name": "53-WEISSHORN-1:12:COSTA RICA"
        },
        {
            "EAT": 14400,
            "LDT": 18720,
            "cargo_categories": [
                "Non-hazardous"
            ],
            "delay_cost": 0,
            "group_uuid": "70924fe3-49b7-4c9e-89b0-bcd2006e6546",
            "source": "Berth 33",
            "transportation_methods": [
                "Roadway",
                "Sea",
                "Transloading"
            ],
            "shipper": "King Ocean",
            "nTEU": 6,
            "origin": "GERMANY",
            "destination": "McIntosh Intersection",
            "name": "53-WEISSHORN-2:76:GERMANY"
        },
        {
            "EAT": 14400,
            "LDT": 18720,
            "cargo_categories": [
                "Non-hazardous"
            ],
            "delay_cost": 0,
            "group_uuid": "70924fe3-49b7-4c9e-89b0-bcd2006e6546",
            "source": "Berth 33",
            "transportation_methods": [
                "Roadway",
                "Sea",
                "Transloading"
            ],
            "shipper": "King Ocean",
            "nTEU": 0,
            "origin": "GUATEMALA",
            "destination": "McIntosh Intersection",
            "name": "53-WEISSHORN-3:86:GUATEMALA"
        },
        {
            "EAT": 14400,
            "LDT": 18720,
            "cargo_categories": [
                "Non-hazardous"
            ],
            "delay_cost": 0,
            "group_uuid": "70924fe3-49b7-4c9e-89b0-bcd2006e6546",
            "source": "Berth 33",
            "transportation_methods": [
                "Roadway",
                "Sea",
                "Transloading"
            ],
            "shipper": "Crowley",
            "nTEU": 2,
            "origin": "VIRGIN ISLAND",
            "destination": "McIntosh Intersection",
            "name": "53-WEISSHORN-4:72:VIRGIN ISLAND"
        },
        {
            "EAT": 14400,
            "LDT": 18720,
            "cargo_categories": [
                "Non-hazardous"
            ],
            "delay_cost": 10,
            "group_uuid": "70924fe3-49b7-4c9e-89b0-bcd2006e6546",
            "source": "Berth 33",
            "transportation_methods": [
                "Roadway",
                "Sea",
                "Transloading"
            ],
            "shipper": "King Ocean",
            "nTEU": 40,
            "origin": "GUATEMALA",
            "destination": "McIntosh Intersection",
            "name": "53-WEISSHORN-5:8:GUATEMALA"
        },
        {
            "EAT": 14400,
            "LDT": 18720,
            "cargo_categories": [
                "Non-hazardous"
            ],
            "delay_cost": 0,
            "group_uuid": "70924fe3-49b7-4c9e-89b0-bcd2006e6546",
            "source": "Berth 33",
            "transportation_methods": [
                "Roadway",
                "Sea",
                "Transloading"
            ],
            "shipper": "King Ocean",
            "nTEU": 14,
            "origin": "GUATEMALA",
            "destination": "McIntosh Intersection",
            "name": "53-WEISSHORN-6::GUATEMALA"
        },
        {
            "EAT": 14400,
            "LDT": 18720,
            "cargo_categories": [
                "Non-hazardous"
            ],
            "delay_cost": 0,
            "group_uuid": "70924fe3-49b7-4c9e-89b0-bcd2006e6546",
            "source": "Berth 33",
            "transportation_methods": [
                "Roadway",
                "Sea",
                "Transloading"
            ],
            "shipper": "King Ocean",
            "nTEU": 2,
            "origin": "BRAZIL",
            "destination": "McIntosh Intersection",
            "name": "53-WEISSHORN-7:19:BRAZIL"
        },
        {
            "EAT": 14400,
            "LDT": 18720,
            "cargo_categories": [
                "Non-hazardous"
            ],
            "delay_cost": 0,
            "group_uuid": "70924fe3-49b7-4c9e-89b0-bcd2006e6546",
            "source": "Berth 33",
            "transportation_methods": [
                "Roadway",
                "Sea",
                "Transloading"
            ],
            "shipper": "Crowley",
            "nTEU": 2,
            "origin": "GUATEMALA",
            "destination": "McIntosh Intersection",
            "name": "53-WEISSHORN-8:6:GUATEMALA"
        },
        {
            "EAT": 14400,
            "LDT": 18720,
            "cargo_categories": [
                "Non-hazardous"
            ],
            "delay_cost": 0,
            "group_uuid": "70924fe3-49b7-4c9e-89b0-bcd2006e6546",
            "source": "Berth 33",
            "transportation_methods": [
                "Roadway",
                "Sea",
                "Transloading"
            ],
            "shipper": "King Ocean",
            "nTEU": 1,
            "origin": "HONDURAS",
            "destination": "McIntosh Intersection",
            "name": "53-WEISSHORN-9:24:HONDURAS"
        },
        {
            "EAT": 14400,
            "LDT": 18720,
            "cargo_categories": [
                "Non-hazardous"
            ],
            "delay_cost": 0,
            "group_uuid": "70924fe3-49b7-4c9e-89b0-bcd2006e6546",
            "source": "Berth 33",
            "transportation_methods": [
                "Roadway",
                "Sea",
                "Transloading"
            ],
            "shipper": "Crowley",
            "nTEU": 100,
            "origin": "COSTA RICA",
            "destination": "McIntosh Intersection",
            "name": "53-WEISSHORN-10:40:COSTA RICA"
        },
        {
            "EAT": 14400,
            "LDT": 18720,
            "cargo_categories": [
                "Non-hazardous"
            ],
            "delay_cost": 0,
            "group_uuid": "70924fe3-49b7-4c9e-89b0-bcd2006e6546",
            "source": "Berth 33",
            "transportation_methods": [
                "Roadway",
                "Sea",
                "Transloading"
            ],
            "shipper": "King Ocean",
            "nTEU": 1,
            "origin": "DOMINICAN REPUBLIC",
            "destination": "McIntosh Intersection",
            "name": "53-WEISSHORN-11:87:DOMINICAN REPUBLIC"
        },
        {
            "EAT": 14400,
            "LDT": 18720,
            "cargo_categories": [
                "Non-hazardous"
            ],
            "delay_cost": 0,
            "group_uuid": "70924fe3-49b7-4c9e-89b0-bcd2006e6546",
            "source": "Berth 33",
            "transportation_methods": [
                "Roadway",
                "Sea",
                "Transloading"
            ],
            "shipper": "Crowley",
            "nTEU": 1,
            "origin": "HONDURAS",
            "destination": "McIntosh Intersection",
            "name": "53-WEISSHORN-12:62:HONDURAS"
        },
        {
            "EAT": 14400,
            "LDT": 18720,
            "cargo_categories": [
                "Non-hazardous"
            ],
            "delay_cost": 0,
            "group_uuid": "70924fe3-49b7-4c9e-89b0-bcd2006e6546",
            "source": "Berth 33",
            "transportation_methods": [
                "Roadway",
                "Sea",
                "Transloading"
            ],
            "shipper": "King Ocean",
            "nTEU": 1,
            "origin": "PERU",
            "destination": "McIntosh Intersection",
            "name": "53-WEISSHORN-13:34:PERU"
        },
        {
            "EAT": 14400,
            "LDT": 18720,
            "cargo_categories": [
                "Non-hazardous"
            ],
            "delay_cost": 0,
            "group_uuid": "70924fe3-49b7-4c9e-89b0-bcd2006e6546",
            "source": "Berth 33",
            "transportation_methods": [
                "Roadway",
                "Sea",
                "Transloading"
            ],
            "shipper": "King Ocean",
            "nTEU": 1,
            "origin": "DOMINICAN REPUBLIC",
            "destination": "McIntosh Intersection",
            "name": "53-WEISSHORN-14:85:DOMINICAN REPUBLIC"
        },
        {
            "EAT": 14400,
            "LDT": 18720,
            "cargo_categories": [
                "Non-hazardous"
            ],
            "delay_cost": 0,
            "group_uuid": "70924fe3-49b7-4c9e-89b0-bcd2006e6546",
            "source": "Berth 33",
            "transportation_methods": [
                "Roadway",
                "Sea",
                "Transloading"
            ],
            "shipper": "Crowley",
            "nTEU": 2,
            "origin": "BELGIUM",
            "destination": "McIntosh Intersection",
            "name": "53-WEISSHORN-15:22:BELGIUM"
        },
        {
            "EAT": 14400,
            "LDT": 18720,
            "cargo_categories": [
                "Non-hazardous"
            ],
            "delay_cost": 0,
            "group_uuid": "70924fe3-49b7-4c9e-89b0-bcd2006e6546",
            "source": "Berth 33",
            "transportation_methods": [
                "Roadway",
                "Sea",
                "Transloading"
            ],
            "shipper": "Crowley",
            "nTEU": 4,
            "origin": "ITALY",
            "destination": "McIntosh Intersection",
            "name": "53-WEISSHORN-16:94:ITALY"
        },
        {
            "EAT": 14400,
            "LDT": 18720,
            "cargo_categories": [
                "Non-hazardous"
            ],
            "delay_cost": 0,
            "group_uuid": "70924fe3-49b7-4c9e-89b0-bcd2006e6546",
            "source": "Berth 33",
            "transportation_methods": [
                "Roadway",
                "Sea",
                "Transloading"
            ],
            "shipper": "Crowley",
            "nTEU": 1,
            "origin": "COLOMBIA",
            "destination": "McIntosh Intersection",
            "name": "53-WEISSHORN-17:96:COLOMBIA"
        },
        {
            "EAT": 14400,
            "LDT": 18720,
            "cargo_categories": [
                "Non-hazardous"
            ],
            "delay_cost": 0,
            "group_uuid": "70924fe3-49b7-4c9e-89b0-bcd2006e6546",
            "source": "Berth 33",
            "transportation_methods": [
                "Roadway",
                "Sea",
                "Transloading"
            ],
            "shipper": "King Ocean",
            "nTEU": 20,
            "origin": "HONDURAS",
            "destination": "McIntosh Intersection",
            "name": "53-WEISSHORN-18:7:HONDURAS"
        },
        {
            "EAT": 14400,
            "LDT": 18720,
            "cargo_categories": [
                "Non-hazardous"
            ],
            "delay_cost": 0,
            "group_uuid": "70924fe3-49b7-4c9e-89b0-bcd2006e6546",
            "source": "Berth 33",
            "transportation_methods": [
                "Roadway",
                "Sea",
                "Transloading"
            ],
            "shipper": "Crowley",
            "nTEU": 2,
            "origin": "BRAZIL",
            "destination": "McIntosh Intersection",
            "name": "53-WEISSHORN-19:84:BRAZIL"
        },
        {
            "EAT": 14400,
            "LDT": 18720,
            "cargo_categories": [
                "Non-hazardous"
            ],
            "delay_cost": 0,
            "group_uuid": "70924fe3-49b7-4c9e-89b0-bcd2006e6546",
            "source": "Berth 33",
            "transportation_methods": [
                "Roadway",
                "Sea",
                "Transloading"
            ],
            "shipper": "King Ocean",
            "nTEU": 1,
            "origin": "BRAZIL",
            "destination": "McIntosh Intersection",
            "name": "53-WEISSHORN-20:74:BRAZIL"
        },
        {
            "EAT": 14400,
            "LDT": 18720,
            "cargo_categories": [
                "Non-hazardous"
            ],
            "delay_cost": 0,
            "group_uuid": "70924fe3-49b7-4c9e-89b0-bcd2006e6546",
            "source": "Berth 33",
            "transportation_methods": [
                "Roadway",
                "Sea",
                "Transloading"
            ],
            "shipper": "Crowley",
            "nTEU": 2,
            "origin": "ITALY",
            "destination": "McIntosh Intersection",
            "name": "53-WEISSHORN-21:95:ITALY"
        },
        {
            "EAT": 14400,
            "LDT": 18720,
            "cargo_categories": [
                "Non-hazardous"
            ],
            "delay_cost": 0,
            "group_uuid": "70924fe3-49b7-4c9e-89b0-bcd2006e6546",
            "source": "Berth 33",
            "transportation_methods": [
                "Roadway",
                "Sea",
                "Transloading"
            ],
            "shipper": "Crowley",
            "nTEU": 1,
            "origin": "BELGIUM",
            "destination": "McIntosh Intersection",
            "name": "53-WEISSHORN-22:29:BELGIUM"
        },
        {
            "EAT": 14400,
            "LDT": 18720,
            "cargo_categories": [
                "Non-hazardous"
            ],
            "delay_cost": 0,
            "group_uuid": "70924fe3-49b7-4c9e-89b0-bcd2006e6546",
            "source": "Berth 33",
            "transportation_methods": [
                "Roadway",
                "Sea",
                "Transloading"
            ],
            "shipper": "Crowley",
            "nTEU": 30,
            "origin": "DOMINICAN REPUBLIC",
            "destination": "McIntosh Intersection",
            "name": "53-WEISSHORN-23:90:DOMINICAN REPUBLIC"
        },
        {
            "EAT": 14400,
            "LDT": 18720,
            "cargo_categories": [
                "Non-hazardous"
            ],
            "delay_cost": 0,
            "group_uuid": "70924fe3-49b7-4c9e-89b0-bcd2006e6546",
            "source": "Berth 33",
            "transportation_methods": [
                "Roadway",
                "Sea",
                "Transloading"
            ],
            "shipper": "King Ocean",
            "nTEU": 2,
            "origin": "COSTA RICA",
            "destination": "McIntosh Intersection",
            "name": "53-WEISSHORN-24:32:COSTA RICA"
        },
        {
            "EAT": 14400,
            "LDT": 18720,
            "cargo_categories": [
                "Non-hazardous"
            ],
            "delay_cost": 0,
            "group_uuid": "70924fe3-49b7-4c9e-89b0-bcd2006e6546",
            "source": "Berth 33",
            "transportation_methods": [
                "Roadway",
                "Sea",
                "Transloading"
            ],
            "shipper": "King Ocean",
            "nTEU": 1,
            "origin": "PORTUGAL",
            "destination": "McIntosh Intersection",
            "name": "53-WEISSHORN-25:20:PORTUGAL"
        },
        {
            "EAT": 14400,
            "LDT": 18720,
            "cargo_categories": [
                "Non-hazardous"
            ],
            "delay_cost": 0,
            "group_uuid": "70924fe3-49b7-4c9e-89b0-bcd2006e6546",
            "source": "Berth 33",
            "transportation_methods": [
                "Roadway",
                "Sea",
                "Transloading"
            ],
            "shipper": "Crowley",
            "nTEU": 11,
            "origin": "COLOMBIA",
            "destination": "McIntosh Intersection",
            "name": "53-WEISSHORN-26:73:COLOMBIA"
        },
        {
            "EAT": 14400,
            "LDT": 18720,
            "cargo_categories": [
                "Non-hazardous"
            ],
            "delay_cost": 0,
            "group_uuid": "70924fe3-49b7-4c9e-89b0-bcd2006e6546",
            "source": "Berth 33",
            "transportation_methods": [
                "Roadway",
                "Sea",
                "Transloading"
            ],
            "shipper": "King Ocean",
            "nTEU": 17,
            "origin": "DOMINICAN REPUBLIC",
            "destination": "McIntosh Intersection",
            "name": "53-WEISSHORN-27:39:DOMINICAN REPUBLIC"
        }
    ]
}