{
    "commodities": [
        {
            "EAT": 11520,
            "LDT": 15840,
            "cargo_categories": [
                "Non-hazardous"
            ],
            "delay_cost": 0,
            "group_uuid": "9ca2635b-4f41-4e0f-94e1-7c8177dc1e6f",
            "source": "Berth 30",
            "transportation_methods": [
                "Roadway",
                "Sea",
                "Transloading"
            ],
            "shipper": "FIT",
            "nTEU": 6,
            "origin": "ARGENTINA",
            "destination": "McIntosh Intersection",
            "name": "37-JPO CAPRICORNUS-0:48:ARGENTINA"
        },
        {
            "EAT": 11520,
            "LDT": 15840,
            "cargo_categories": [
                "Non-hazardous"
            ],
            "delay_cost": 0,
            "group_uuid": "9ca2635b-4f41-4e0f-94e1-7c8177dc1e6f",
            "source": "Berth 30",
            "transportation_methods": [
                "Roadway",
                "Sea",
                "Transloading"
            ],
            "shipper": "FIT",
            "nTEU": 8,
            "origin": "PANAMA",
            "destination": "McIntosh Intersection",
            "name": "37-JPO CAPRICORNUS-1:3:PANAMA"
        },
        {
            "EAT": 11520,
            "LDT": 15840,
            "cargo_categories": [
                "Non-hazardous"
            ],
            "delay_cost": 0,
            "group_uuid": "9ca2635b-4f41-4e0f-94e1-7c8177dc1e6f",
            "source": "Berth 30",
            "transportation_methods": [
                "Roadway",
                "Sea",
                "Transloading"
            ],
            "shipper": "FIT",
            "nTEU": 10,
            "origin": "COLOMBIA",
            "destination": "McIntosh Intersection",
            "name": "37-JPO CAPRICORNUS-2:17:COLOMBIA"
        },
        {
            "EAT": 11520,
            "LDT": 15840,
            "cargo_categories": [
                "Non-hazardous"
            ],
            "delay_cost": 0,
            "group_uuid": "9ca2635b-4f41-4e0f-94e1-7c8177dc1e6f",
            "source": "Berth 30",
            "transportation_methods": [
                "Roadway",
                "Sea",
                "Transloading"
            ],
            "shipper": "FIT",
            "nTEU": 1,
            "origin": "VIRGIN ISLAND",
            "destination": "McIntosh Intersection",
            "name": "37-JPO CAPRICORNUS-3:40:VIRGIN ISLAND"
        },
        {
            "EAT": 11520,
            "LDT": 15840,
            "cargo_categories": [
                "Non-hazardous"
            ],
            "delay_cost": 0,
            "group_uuid": "9ca2635b-4f41-4e0f-94e1-7c8177dc1e6f",
            "source": "Berth 30",
            "transportation_methods": [
                "Roadway",
                "Sea",
                "Transloading"
            ],
            "shipper": "FIT",
            "nTEU": 2,
            "origin": "SPAIN-S",
            "destination": "McIntosh Intersection",
            "name": "37-JPO CAPRICORNUS-4:21:SPAIN-S"
        },
        {
            "EAT": 11520,
            "LDT": 15840,
            "cargo_categories": [
                "Non-hazardous"
            ],
            "delay_cost": 0,
            "group_uuid": "9ca2635b-4f41-4e0f-94e1-7c8177dc1e6f",
            "source": "Berth 30",
            "transportation_methods": [
                "Roadway",
                "Sea",
                "Transloading"
            ],
            "shipper": "FIT",
            "nTEU": 1,
            "origin": "ITALY",
            "destination": "McIntosh Intersection",
            "name": "37-JPO CAPRICORNUS-5:87:ITALY"
        },
        {
            "EAT": 11520,
            "LDT": 15840,
            "cargo_categories": [
                "Non-hazardous"
            ],
            "delay_cost": 0,
            "group_uuid": "9ca2635b-4f41-4e0f-94e1-7c8177dc1e6f",
            "source": "Berth 30",
            "transportation_methods": [
                "Roadway",
                "Sea",
                "Transloading"
            ],
            "shipper": "FIT",
            "nTEU": 21,
            "origin": "COLOMBIA",
            "destination": "McIntosh Intersection",
            "name": "37-JPO CAPRICORNUS-6:7:COLOMBIA"
        },
        {
            "EAT": 11520,
            "LDT": 15840,
            "cargo_categories": [
                "Non-hazardous"
            ],
            "delay_cost": 10,
            "group_uuid": "9ca2635b-4f41-4e0f-94e1-7c8177dc1e6f",
            "source": "Berth 30",
            "transportation_methods": [
                "Roadway",
                "Sea",
                "Transloading"
            ],
            "shipper": "FIT",
            "nTEU": 6,
            "origin": "HONDURAS",
            "destination": "McIntosh Intersection",
            "name": "37-JPO CAPRICORNUS-7:8:HONDURAS"
        },
        {
            "EAT": 11520,
            "LDT": 15840,
            "cargo_categories": [
                "Non-hazardous"
            ],
            "delay_cost": 0,
            "group_uuid": "9ca2635b-4f41-4e0f-94e1-7c8177dc1e6f",
            "source": "Berth 30",
            "transportation_methods": [
                "Roadway",
                "Sea",
                "Transloading"
            ],
            "shipper": "FIT",
            "nTEU": 12,
            "origin": "DOMINICAN REPUBLIC",
            "destination": "McIntosh Intersection",
            "name": "37-JPO CAPRICORNUS-8:62:DOMINICAN REPUBLIC"
        },
        {
            "EAT": 11520,
            "LDT": 15840,
            "cargo_categories": [
                "Non-hazardous"
            ],
            "delay_cost": 0,
            "group_uuid": "9ca2635b-4f41-4e0f-94e1-7c8177dc1e6f",
            "source": "Berth 30",
            "transportation_methods": [
                "Roadway",
                "Sea",
                "Transloading"
            ],
            "shipper": "FIT",
            "nTEU": 10,
            "origin": "BAHAMAS",
            "destination": "McIntosh Intersection",
            "name": "37-JPO CAPRICORNUS-9:68:BAHAMAS"
        },
        {
            "EAT": 11520,
            "LDT": 15840,
            "cargo_categories": [
                "Non-hazardous"
            ],
            "delay_cost": 0,
            "group_uuid": "9ca2635b-4f41-4e0f-94e1-7c8177dc1e6f",
            "source": "Berth 30",
            "transportation_methods": [
                "Roadway",
                "Sea",
                "Transloading"
            ],
            "shipper": "FIT",
            "nTEU": 2,
            "origin": "COSTA RICA",
            "destination": "McIntosh Intersection",
            "name": "37-JPO CAPRICORNUS-10:9:COSTA RICA"
        },
        {
            "EAT": 11520,
            "LDT": 15840,
            "cargo_categories": [
                "Non-hazardous"
            ],
            "delay_cost": 0,
            "group_uuid": "9ca2635b-4f41-4e0f-94e1-7c8177dc1e6f",
            "source": "Berth 30",
            "transportation_methods": [
                "Roadway",
                "Sea",
                "Transloading"
            ],
            "shipper": "FIT",
            "nTEU": 6,
            "origin": "SPAIN-S",
            "destination": "McIntosh Intersection",
            "name": "37-JPO CAPRICORNUS-11:76:SPAIN-S"
        },
        {
            "EAT": 11520,
            "LDT": 15840,
            "cargo_categories": [
                "Non-hazardous"
            ],
            "delay_cost": 0,
            "group_uuid": "9ca2635b-4f41-4e0f-94e1-7c8177dc1e6f",
            "source": "Berth 30",
            "transportation_methods": [
                "Roadway",
                "Sea",
                "Transloading"
            ],
            "shipper": "FIT",
            "nTEU": 2,
            "origin": "ITALY",
            "destination": "McIntosh Intersection",
            "name": "37-JPO CAPRICORNUS-12:94:ITALY"
        },
        {
            "EAT": 11520,
            "LDT": 15840,
            "cargo_categories": [
                "Non-hazardous"
            ],
            "delay_cost": 0,
            "group_uuid": "9ca2635b-4f41-4e0f-94e1-7c8177dc1e6f",
            "source": "Berth 30",
            "transportation_methods": [
                "Roadway",
                "Sea",
                "Transloading"
            ],
            "shipper": "FIT",
            "nTEU": 6,
            "origin": "DOMINICAN REPUBLIC",
            "destination": "McIntosh Intersection",
            "name": "37-JPO CAPRICORNUS-13::DOMINICAN REPUBLIC"
        },
        {
            "EAT": 11520,
            "LDT": 15840,
            "cargo_categories": [
                "Non-hazardous"
            ],
            "delay_cost": 0,
            "group_uuid": "9ca2635b-4f41-4e0f-94e1-7c8177dc1e6f",
            "source": "Berth 30",
            "transportation_methods": [
                "Roadway",
                "Sea",
                "Transloading"
            ],
            "shipper": "FIT",
            "nTEU": 13,
            "origin": "SPAIN-S",
            "destination": "McIntosh Intersection",
            "name": "37-JPO CAPRICORNUS-14:22:SPAIN-S"
        },
        {
            "EAT": 11520,
            "LDT": 15840,
            "cargo_categories": [
                "Non-hazardous"
            ],
            "delay_cost": 0,
            "group_uuid": "9ca2635b-4f41-4e0f-94e1-7c8177dc1e6f",
            "source": "Berth 30",
            "transportation_methods": [
                "Roadway",
                "Sea",
                "Transloading"
            ],
            "shipper": "FIT",
            "nTEU": 7,
            "origin": "ITALY",
            "destination": "McIntosh Intersection",
            "name": "37-JPO CAPRICORNUS-15:84:ITALY"
        },
        {
            "EAT": 11520,
            "LDT": 15840,
            "cargo_categories": [
                "Non-hazardous"
            ],
            "delay_cost": 0,
            "group_uuid": "9ca2635b-4f41-4e0f-94e1-7c8177dc1e6f",
            "source": "Berth 30",
            "transportation_methods": [
                "Roadway",
                "Sea",
                "Transloading"
            ],
            "shipper": "FIT",
            "nTEU": 1,
            "origin": "ITALY",
            "destination": "McIntosh Intersection",
            "name": "37-JPO CAPRICORNUS-16:4:ITALY"
        },
        {
            "EAT": 11520,
            "LDT": 15840,
            "cargo_categories": [
                "Non-hazardous"
            ],
            "delay_cost": 0,
            "group_uuid": "9ca2635b-4f41-4e0f-94e1-7c8177dc1e6f",
            "source": "Berth 30",
            "transportation_methods": [
                "Roadway",
                "Sea",
                "Transloading"
            ],
            "shipper": "FIT",
            "nTEU": 31,
            "origin": "COLOMBIA",
            "destination": "McIntosh Intersection",
            "name": "37-JPO CAPRICORNUS-17:25:COLOMBIA"
        },
        {
            "EAT": 11520,
            "LDT": 15840,
            "cargo_categories": [
                "Non-hazardous"
            ],
            "delay_cost": 0,
            "group_uuid": "9ca2635b-4f41-4e0f-94e1-7c8177dc1e6f",
            "source": "Berth 30",
            "transportation_methods": [
                "Roadway",
                "Sea",
                "Transloading"
            ],
            "shipper": "FIT",
            "nTEU": 5,
            "origin": "PORTUGAL",
            "destination": "McIntosh Intersection",
            "name": "37-JPO CAPRICORNUS-18:73:PORTUGAL"
        },
        {
            "EAT": 11520,
            "LDT": 15840,
            "cargo_categories": [
                "Non-hazardous"
            ],
            "delay_cost": 0,
            "group_uuid": "9ca2635b-4f41-4e0f-94e1-7c8177dc1e6f",
            "source": "Berth 30",
            "transportation_methods": [
                "Roadway",
                "Sea",
                "Transloading"
            ],
            "shipper": "FIT",
            "nTEU": 1,
            "origin": "ITALY",
            "destination": "McIntosh Intersection",
            "name": "37-JPO CAPRICORNUS-19:19:ITALY"
        },
        {
            "EAT": 11520,
            "LDT": 15840,
            "cargo_categories": [
                "Non-hazardous"
            ],
            "delay_cost": 0,
            "group_uuid": "9ca2635b-4f41-4e0f-94e1-7c8177dc1e6f",
            "source": "Berth 30",
            "transportation_methods": [
                "Roadway",
                "Sea",
                "Transloading"
            ],
            "shipper": "FIT",
            "nTEU": 1,
            "origin": "DOMINICAN REPUBLIC",
            "destination": "McIntosh Intersection",
            "name": "37-JPO CAPRICORNUS-20:33:DOMINICAN REPUBLIC"
        },
        {
            "EAT": 11520,
            "LDT": 15840,
            "cargo_categories": [
                "Non-hazardous"
            ],
            "delay_cost": 0,
            "group_uuid": "9ca2635b-4f41-4e0f-94e1-7c8177dc1e6f",
            "source": "Berth 30",
            "transportation_methods": [
                "Roadway",
                "Sea",
                "Transloading"
            ],
            "shipper": "FIT",
            "nTEU": 13,
            "origin": "NICARAGUA",
            "destination": "McIntosh Intersection",
            "name": "37-JPO CAPRICORNUS-21:2:NICARAGUA"
        },
        {
            "EAT": 11520,
            "LDT": 15840,
            "cargo_categories": [
                "Non-hazardous"
            ],
            "delay_cost": 0,
            "group_uuid": "9ca2635b-4f41-4e0f-94e1-7c8177dc1e6f",
            "source": "Berth 30",
            "transportation_methods": [
                "Roadway",
                "Sea",
                "Transloading"
            ],
            "shipper": "FIT",
            "nTEU": 2,
            "origin": "BELGIUM",
            "destination": "McIntosh Intersection",
            "name": "37-JPO CAPRICORNUS-22:29:BELGIUM"
        },
        {
            "EAT": 11520,
            "LDT": 15840,
            "cargo_categories": [
                "Non-hazardous"
            ],
            "delay_cost": 0,
            "group_uuid": "9ca2635b-4f41-4e0f-94e1-7c8177dc1e6f",
            "source": "Berth 30",
            "transportation_methods": [
                "Roadway",
                "Sea",
                "Transloading"
            ],
            "shipper": "FIT",
            "nTEU": 6,
            "origin": "HONDURAS",
            "destination": "McIntosh Intersection",
            "name": "37-JPO CAPRICORNUS-23:52:HONDURAS"
        },
        {
            "EAT": 11520,
            "LDT": 15840,
            "cargo_categories": [
                "Non-hazardous"
            ],
            "delay_cost": 0,
            "group_uuid": "9ca2635b-4f41-4e0f-94e1-7c8177dc1e6f",
            "source": "Berth 30",
            "transportation_methods": [
                "Roadway",
                "Sea",
                "Transloading"
            ],
            "shipper": "FIT",
            "nTEU": 21,
            "origin": "COLOMBIA",
            "destination": "McIntosh Intersection",
            "name": "37-JPO CAPRICORNUS-24:70:COLOMBIA"
        },
        {
            "EAT": 11520,
            "LDT": 15840,
            "cargo_categories": [
                "Non-hazardous"
            ],
            "delay_cost": 0,
            "group_uuid": "9ca2635b-4f41-4e0f-94e1-7c8177dc1e6f",
            "source": "Berth 30",
            "transportation_methods": [
                "Roadway",
                "Sea",
                "Transloading"
            ],
            "shipper": "FIT",
            "nTEU": 5,
            "origin": "DOMINICAN REPUBLIC",
            "destination": "McIntosh Intersection",
            "name": "37-JPO CAPRICORNUS-25:39:DOMINICAN REPUBLIC"
        },
        {
            "EAT": 11520,
            "LDT": 15840,
            "cargo_categories": [
                "Non-hazardous"
            ],
            "delay_cost": 0,
            "group_uuid": "9ca2635b-4f41-4e0f-94e1-7c8177dc1e6f",
            "source": "Berth 30",
            "transportation_methods": [
                "Roadway",
                "Sea",
                "Transloading"
            ],
            "shipper": "FIT",
            "nTEU": 1,
            "origin": "HONDURAS",
            "destination": "McIntosh Intersection",
            "name": "37-JPO CAPRICORNUS-26:44:HONDURAS"
        },
        {
            "EAT": 11520,
            "LDT": 15840,
            "cargo_categories": [
                "Non-hazardous"
            ],
            "delay_cost": 0,
            "group_uuid": "9ca2635b-4f41-4e0f-94e1-7c8177dc1e6f",
            "source": "Berth 30",
            "transportation_methods": [
                "Roadway",
                "Sea",
                "Transloading"
            ],
            "shipper": "FIT",
            "nTEU": 1,
            "origin": "DOMINICAN REPUBLIC",
            "destination": "McIntosh Intersection",
            "name": "37-JPO CAPRICORNUS-27:20:DOMINICAN REPUBLIC"
        },
        {
            "EAT": 11520,
            "LDT": 15840,
            "cargo_categories": [
                "Non-hazardous"
            ],
            "delay_cost": 0,
            "group_uuid": "9ca2635b-4f41-4e0f-94e1-7c8177dc1e6f",
            "source": "Berth 30",
            "transportation_methods": [
                "Roadway",
                "Sea",
                "Transloading"
            ],
            "shipper": "FIT",
            "nTEU": 1,
            "origin": "BELGIUM",
            "destination": "McIntosh Intersection",
            "name": "37-JPO CAPRICORNUS-28:31:BELGIUM"
        },
        {
            "EAT": 11520,
            "LDT": 15840,
            "cargo_categories": [
                "Non-hazardous"
            ],
            "delay_cost": 0,
            "group_uuid": "9ca2635b-4f41-4e0f-94e1-7c8177dc1e6f",
            "source": "Berth 30",
            "transportation_methods": [
                "Roadway",
                "Sea",
                "Transloading"
            ],
            "shipper": "FIT",
            "nTEU": 2,
            "origin": "GUATEMALA",
            "destination": "McIntosh Intersection",
            "name": "37-JPO CAPRICORNUS-29:63:GUATEMALA"
        },
        {
            "EAT": 11520,
            "LDT": 15840,
            "cargo_categories": [
                "Non-hazardous"
            ],
            "delay_cost": 0,
            "group_uuid": "9ca2635b-4f41-4e0f-94e1-7c8177dc1e6f",
            "source": "Berth 30",
            "transportation_methods": [
                "Roadway",
                "Sea",
                "Transloading"
            ],
            "shipper": "FIT",
            "nTEU": 1,
            "origin": "HONDURAS",
            "destination": "McIntosh Intersection",
            "name": "37-JPO CAPRICORNUS-30:60:HONDURAS"
        },
        {
            "EAT": 11520,
            "LDT": 15840,
            "cargo_categories": [
                "Non-hazardous"
            ],
            "delay_cost": 0,
            "group_uuid": "9ca2635b-4f41-4e0f-94e1-7c8177dc1e6f",
            "source": "Berth 30",
            "transportation_methods": [
                "Roadway",
                "Sea",
                "Transloading"
            ],
            "shipper": "FIT",
            "nTEU": 2,
            "origin": "PORTUGAL",
            "destination": "McIntosh Intersection",
            "name": "37-JPO CAPRICORNUS-31:69:PORTUGAL"
        },
        {
            "EAT": 11520,
            "LDT": 15840,
            "cargo_categories": [
                "Non-hazardous"
            ],
            "delay_cost": 0,
            "group_uuid": "9ca2635b-4f41-4e0f-94e1-7c8177dc1e6f",
            "source": "Berth 30",
            "transportation_methods": [
                "Roadway",
                "Sea",
                "Transloading"
            ],
            "shipper": "FIT",
            "nTEU": 4,
            "origin": "HONDURAS",
            "destination": "McIntosh Intersection",
            "name": "37-JPO CAPRICORNUS-32:61:HONDURAS"
        },
        {
            "EAT": 11520,
            "LDT": 15840,
            "cargo_categories": [
                "Non-hazardous"
            ],
            "delay_cost": 0,
            "group_uuid": "9ca2635b-4f41-4e0f-94e1-7c8177dc1e6f",
            "source": "Berth 30",
            "transportation_methods": [
                "Roadway",
                "Sea",
                "Transloading"
            ],
            "shipper": "FIT",
            "nTEU": 12,
            "origin": "UNITED KINGDOM",
            "destination": "McIntosh Intersection",
            "name": "37-JPO CAPRICORNUS-33:42:UNITED KINGDOM"
        },
        {
            "EAT": 11520,
            "LDT": 15840,
            "cargo_categories": [
                "Non-hazardous"
            ],
            "delay_cost": 0,
            "group_uuid": "9ca2635b-4f41-4e0f-94e1-7c8177dc1e6f",
            "source": "Berth 30",
            "transportation_methods": [
                "Roadway",
                "Sea",
                "Transloading"
            ],
            "shipper": "FIT",
            "nTEU": 4,
            "origin": "BRAZIL",
            "destination": "McIntosh Intersection",
            "name": "37-JPO CAPRICORNUS-34:11:BRAZIL"
        },
        {
            "EAT": 11520,
            "LDT": 15840,
            "cargo_categories": [
                "Non-hazardous"
            ],
            "delay_cost": 0,
            "group_uuid": "9ca2635b-4f41-4e0f-94e1-7c8177dc1e6f",
            "source": "Berth 30",
            "transportation_methods": [
                "Roadway",
                "Sea",
                "Transloading"
            ],
            "shipper": "FIT",
            "nTEU": 6,
            "origin": "COSTA RICA",
            "destination": "McIntosh Intersection",
            "name": "37-JPO CAPRICORNUS-35:6:COSTA RICA"
        },
        {
            "EAT": 11520,
            "LDT": 15840,
            "cargo_categories": [
                "Non-hazardous"
            ],
            "delay_cost": 0,
            "group_uuid": "9ca2635b-4f41-4e0f-94e1-7c8177dc1e6f",
            "source": "Berth 30",
            "transportation_methods": [
                "Roadway",
                "Sea",
                "Transloading"
            ],
            "shipper": "FIT",
            "nTEU": 2,
            "origin": "ECUADOR",
            "destination": "McIntosh Intersection",
            "name": "37-JPO CAPRICORNUS-36:34:ECUADOR"
        }
    ]
}