{
    "commodities": [
        {
            "EAT": 7200,
            "LDT": 11520,
            "cargo_categories": [
                "Non-hazardous"
            ],
            "delay_cost": 0,
            "group_uuid": "94f4f75a-aacc-46d8-8659-a9b419f3d137",
            "source": "Berth 31",
            "transportation_methods": [
                "Roadway",
                "Sea",
                "Transloading"
            ],
            "shipper": "FIT",
            "nTEU": 6,
            "origin": "HONDURAS",
            "destination": "McIntosh Intersection",
            "name": "25-MSC CORINNA-0:86:HONDURAS"
        },
        {
            "EAT": 7200,
            "LDT": 11520,
            "cargo_categories": [
                "Non-hazardous"
            ],
            "delay_cost": 10,
            "group_uuid": "94f4f75a-aacc-46d8-8659-a9b419f3d137",
            "source": "Berth 31",
            "transportation_methods": [
                "Roadway",
                "Sea",
                "Transloading"
            ],
            "shipper": "FIT",
            "nTEU": 360,
            "origin": "GUATEMALA",
            "destination": "McIntosh Intersection",
            "name": "25-MSC CORINNA-1:8:GUATEMALA"
        },
        {
            "EAT": 7200,
            "LDT": 11520,
            "cargo_categories": [
                "Non-hazardous"
            ],
            "delay_cost": 0,
            "group_uuid": "94f4f75a-aacc-46d8-8659-a9b419f3d137",
            "source": "Berth 31",
            "transportation_methods": [
                "Roadway",
                "Sea",
                "Transloading"
            ],
            "shipper": "MSC",
            "nTEU": 1,
            "origin": "COSTA RICA",
            "destination": "McIntosh Intersection",
            "name": "25-MSC CORINNA-2:9:COSTA RICA"
        },
        {
            "EAT": 7200,
            "LDT": 11520,
            "cargo_categories": [
                "Non-hazardous"
            ],
            "delay_cost": 0,
            "group_uuid": "94f4f75a-aacc-46d8-8659-a9b419f3d137",
            "source": "Berth 31",
            "transportation_methods": [
                "Roadway",
                "Sea",
                "Transloading"
            ],
            "shipper": "MSC",
            "nTEU": 1,
            "origin": "HONDURAS",
            "destination": "McIntosh Intersection",
            "name": "25-MSC CORINNA-3:55:HONDURAS"
        },
        {
            "EAT": 7200,
            "LDT": 11520,
            "cargo_categories": [
                "Non-hazardous"
            ],
            "delay_cost": 0,
            "group_uuid": "94f4f75a-aacc-46d8-8659-a9b419f3d137",
            "source": "Berth 31",
            "transportation_methods": [
                "Roadway",
                "Sea",
                "Transloading"
            ],
            "shipper": "MSC",
            "nTEU": 1,
            "origin": "HONDURAS",
            "destination": "McIntosh Intersection",
            "name": "25-MSC CORINNA-4:84:HONDURAS"
        },
        {
            "EAT": 7200,
            "LDT": 11520,
            "cargo_categories": [
                "Non-hazardous"
            ],
            "delay_cost": 0,
            "group_uuid": "94f4f75a-aacc-46d8-8659-a9b419f3d137",
            "source": "Berth 31",
            "transportation_methods": [
                "Roadway",
                "Sea",
                "Transloading"
            ],
            "shipper": "MSC",
            "nTEU": 1,
            "origin": "SPAIN-S",
            "destination": "McIntosh Intersection",
            "name": "25-MSC CORINNA-5:16:SPAIN-S"
        },
        {
            "EAT": 7200,
            "LDT": 11520,
            "cargo_categories": [
                "Non-hazardous"
            ],
            "delay_cost": 0,
            "group_uuid": "94f4f75a-aacc-46d8-8659-a9b419f3d137",
            "source": "Berth 31",
            "transportation_methods": [
                "Roadway",
                "Sea",
                "Transloading"
            ],
            "shipper": "FIT",
            "nTEU": 1,
            "origin": "VIRGIN ISLAND",
            "destination": "McIntosh Intersection",
            "name": "25-MSC CORINNA-6:22:VIRGIN ISLAND"
        },
        {
            "EAT": 7200,
            "LDT": 11520,
            "cargo_categories": [
                "Non-hazardous"
            ],
            "delay_cost": 0,
            "group_uuid": "94f4f75a-aacc-46d8-8659-a9b419f3d137",
            "source": "Berth 31",
            "transportation_methods": [
                "Roadway",
                "Sea",
                "Transloading"
            ],
            "shipper": "FIT",
            "nTEU": 7,
            "origin": "ARGENTINA",
            "destination": "McIntosh Intersection",
            "name": "25-MSC CORINNA-7:20:ARGENTINA"
        },
        {
            "EAT": 7200,
            "LDT": 11520,
            "cargo_categories": [
                "Non-hazardous"
            ],
            "delay_cost": 0,
            "group_uuid": "94f4f75a-aacc-46d8-8659-a9b419f3d137",
            "source": "Berth 31",
            "transportation_methods": [
                "Roadway",
                "Sea",
                "Transloading"
            ],
            "shipper": "MSC",
            "nTEU": 0,
            "origin": "PANAMA",
            "destination": "McIntosh Intersection",
            "name": "25-MSC CORINNA-8:30:PANAMA"
        },
        {
            "EAT": 7200,
            "LDT": 11520,
            "cargo_categories": [
                "Non-hazardous"
            ],
            "delay_cost": 0,
            "group_uuid": "94f4f75a-aacc-46d8-8659-a9b419f3d137",
            "source": "Berth 31",
            "transportation_methods": [
                "Roadway",
                "Sea",
                "Transloading"
            ],
            "shipper": "MSC",
            "nTEU": 3,
            "origin": "NETHERLANDS",
            "destination": "McIntosh Intersection",
            "name": "25-MSC CORINNA-9:33:NETHERLANDS"
        },
        {
            "EAT": 7200,
            "LDT": 11520,
            "cargo_categories": [
                "Non-hazardous"
            ],
            "delay_cost": 0,
            "group_uuid": "94f4f75a-aacc-46d8-8659-a9b419f3d137",
            "source": "Berth 31",
            "transportation_methods": [
                "Roadway",
                "Sea",
                "Transloading"
            ],
            "shipper": "MSC",
            "nTEU": 3,
            "origin": "GUATEMALA",
            "destination": "McIntosh Intersection",
            "name": "25-MSC CORINNA-10:21:GUATEMALA"
        },
        {
            "EAT": 7200,
            "LDT": 11520,
            "cargo_categories": [
                "Non-hazardous"
            ],
            "delay_cost": 0,
            "group_uuid": "94f4f75a-aacc-46d8-8659-a9b419f3d137",
            "source": "Berth 31",
            "transportation_methods": [
                "Roadway",
                "Sea",
                "Transloading"
            ],
            "shipper": "MSC",
            "nTEU": 2,
            "origin": "VENEZUELA",
            "destination": "McIntosh Intersection",
            "name": "25-MSC CORINNA-11:35:VENEZUELA"
        },
        {
            "EAT": 7200,
            "LDT": 11520,
            "cargo_categories": [
                "Non-hazardous"
            ],
            "delay_cost": 0,
            "group_uuid": "94f4f75a-aacc-46d8-8659-a9b419f3d137",
            "source": "Berth 31",
            "transportation_methods": [
                "Roadway",
                "Sea",
                "Transloading"
            ],
            "shipper": "FIT",
            "nTEU": 9,
            "origin": "PERU",
            "destination": "McIntosh Intersection",
            "name": "25-MSC CORINNA-12:7:PERU"
        },
        {
            "EAT": 7200,
            "LDT": 11520,
            "cargo_categories": [
                "Non-hazardous"
            ],
            "delay_cost": 0,
            "group_uuid": "94f4f75a-aacc-46d8-8659-a9b419f3d137",
            "source": "Berth 31",
            "transportation_methods": [
                "Roadway",
                "Sea",
                "Transloading"
            ],
            "shipper": "FIT",
            "nTEU": 14,
            "origin": "BRAZIL",
            "destination": "McIntosh Intersection",
            "name": "25-MSC CORINNA-13:44:BRAZIL"
        },
        {
            "EAT": 7200,
            "LDT": 11520,
            "cargo_categories": [
                "Non-hazardous"
            ],
            "delay_cost": 0,
            "group_uuid": "94f4f75a-aacc-46d8-8659-a9b419f3d137",
            "source": "Berth 31",
            "transportation_methods": [
                "Roadway",
                "Sea",
                "Transloading"
            ],
            "shipper": "MSC",
            "nTEU": 2,
            "origin": "DOMINICAN REPUBLIC",
            "destination": "McIntosh Intersection",
            "name": "25-MSC CORINNA-14:39:DOMINICAN REPUBLIC"
        },
        {
            "EAT": 7200,
            "LDT": 11520,
            "cargo_categories": [
                "Non-hazardous"
            ],
            "delay_cost": 0,
            "group_uuid": "94f4f75a-aacc-46d8-8659-a9b419f3d137",
            "source": "Berth 31",
            "transportation_methods": [
                "Roadway",
                "Sea",
                "Transloading"
            ],
            "shipper": "MSC",
            "nTEU": 7,
            "origin": "GUATEMALA",
            "destination": "McIntosh Intersection",
            "name": "25-MSC CORINNA-15:61:GUATEMALA"
        },
        {
            "EAT": 7200,
            "LDT": 11520,
            "cargo_categories": [
                "Non-hazardous"
            ],
            "delay_cost": 0,
            "group_uuid": "94f4f75a-aacc-46d8-8659-a9b419f3d137",
            "source": "Berth 31",
            "transportation_methods": [
                "Roadway",
                "Sea",
                "Transloading"
            ],
            "shipper": "MSC",
            "nTEU": 1,
            "origin": "PERU",
            "destination": "McIntosh Intersection",
            "name": "25-MSC CORINNA-16:12:PERU"
        },
        {
            "EAT": 7200,
            "LDT": 11520,
            "cargo_categories": [
                "Non-hazardous"
            ],
            "delay_cost": 0,
            "group_uuid": "94f4f75a-aacc-46d8-8659-a9b419f3d137",
            "source": "Berth 31",
            "transportation_methods": [
                "Roadway",
                "Sea",
                "Transloading"
            ],
            "shipper": "MSC",
            "nTEU": 1,
            "origin": "DOMINICAN REPUBLIC",
            "destination": "McIntosh Intersection",
            "name": "25-MSC CORINNA-17:85:DOMINICAN REPUBLIC"
        },
        {
            "EAT": 7200,
            "LDT": 11520,
            "cargo_categories": [
                "Non-hazardous"
            ],
            "delay_cost": 0,
            "group_uuid": "94f4f75a-aacc-46d8-8659-a9b419f3d137",
            "source": "Berth 31",
            "transportation_methods": [
                "Roadway",
                "Sea",
                "Transloading"
            ],
            "shipper": "FIT",
            "nTEU": 2,
            "origin": "DOMINICAN REPUBLIC",
            "destination": "McIntosh Intersection",
            "name": "25-MSC CORINNA-18:73:DOMINICAN REPUBLIC"
        },
        {
            "EAT": 7200,
            "LDT": 11520,
            "cargo_categories": [
                "Non-hazardous"
            ],
            "delay_cost": 0,
            "group_uuid": "94f4f75a-aacc-46d8-8659-a9b419f3d137",
            "source": "Berth 31",
            "transportation_methods": [
                "Roadway",
                "Sea",
                "Transloading"
            ],
            "shipper": "MSC",
            "nTEU": 9,
            "origin": "HONDURAS",
            "destination": "McIntosh Intersection",
            "name": "25-MSC CORINNA-19:62:HONDURAS"
        },
        {
            "EAT": 7200,
            "LDT": 11520,
            "cargo_categories": [
                "Non-hazardous"
            ],
            "delay_cost": 0,
            "group_uuid": "94f4f75a-aacc-46d8-8659-a9b419f3d137",
            "source": "Berth 31",
            "transportation_methods": [
                "Roadway",
                "Sea",
                "Transloading"
            ],
            "shipper": "MSC",
            "nTEU": 1,
            "origin": "HONDURAS",
            "destination": "McIntosh Intersection",
            "name": "25-MSC CORINNA-20:42:HONDURAS"
        },
        {
            "EAT": 7200,
            "LDT": 11520,
            "cargo_categories": [
                "Non-hazardous"
            ],
            "delay_cost": 0,
            "group_uuid": "94f4f75a-aacc-46d8-8659-a9b419f3d137",
            "source": "Berth 31",
            "transportation_methods": [
                "Roadway",
                "Sea",
                "Transloading"
            ],
            "shipper": "MSC",
            "nTEU": 2,
            "origin": "COSTA RICA",
            "destination": "McIntosh Intersection",
            "name": "25-MSC CORINNA-21:6:COSTA RICA"
        },
        {
            "EAT": 7200,
            "LDT": 11520,
            "cargo_categories": [
                "Non-hazardous"
            ],
            "delay_cost": 0,
            "group_uuid": "94f4f75a-aacc-46d8-8659-a9b419f3d137",
            "source": "Berth 31",
            "transportation_methods": [
                "Roadway",
                "Sea",
                "Transloading"
            ],
            "shipper": "MSC",
            "nTEU": 2,
            "origin": "CHILE",
            "destination": "McIntosh Intersection",
            "name": "25-MSC CORINNA-22:40:CHILE"
        },
        {
            "EAT": 7200,
            "LDT": 11520,
            "cargo_categories": [
                "Non-hazardous"
            ],
            "delay_cost": 0,
            "group_uuid": "94f4f75a-aacc-46d8-8659-a9b419f3d137",
            "source": "Berth 31",
            "transportation_methods": [
                "Roadway",
                "Sea",
                "Transloading"
            ],
            "shipper": "MSC",
            "nTEU": 1,
            "origin": "SPAIN-S",
            "destination": "McIntosh Intersection",
            "name": "25-MSC CORINNA-23:76:SPAIN-S"
        },
        {
            "EAT": 7200,
            "LDT": 11520,
            "cargo_categories": [
                "Non-hazardous"
            ],
            "delay_cost": 0,
            "group_uuid": "94f4f75a-aacc-46d8-8659-a9b419f3d137",
            "source": "Berth 31",
            "transportation_methods": [
                "Roadway",
                "Sea",
                "Transloading"
            ],
            "shipper": "MSC",
            "nTEU": 1,
            "origin": "GUATEMALA",
            "destination": "McIntosh Intersection",
            "name": "25-MSC CORINNA-24:13:GUATEMALA"
        },
        {
            "EAT": 7200,
            "LDT": 11520,
            "cargo_categories": [
                "Non-hazardous"
            ],
            "delay_cost": 0,
            "group_uuid": "94f4f75a-aacc-46d8-8659-a9b419f3d137",
            "source": "Berth 31",
            "transportation_methods": [
                "Roadway",
                "Sea",
                "Transloading"
            ],
            "shipper": "MSC",
            "nTEU": 1,
            "origin": "HONDURAS",
            "destination": "McIntosh Intersection",
            "name": "25-MSC CORINNA-25:48:HONDURAS"
        },
        {
            "EAT": 7200,
            "LDT": 11520,
            "cargo_categories": [
                "Non-hazardous"
            ],
            "delay_cost": 0,
            "group_uuid": "94f4f75a-aacc-46d8-8659-a9b419f3d137",
            "source": "Berth 31",
            "transportation_methods": [
                "Roadway",
                "Sea",
                "Transloading"
            ],
            "shipper": "FIT",
            "nTEU": 2,
            "origin": "COLOMBIA",
            "destination": "McIntosh Intersection",
            "name": "25-MSC CORINNA-26:70:COLOMBIA"
        }
    ]
}