{
    "commodities": [
        {
            "EAT": 15420,
            "LDT": 19740,
            "cargo_categories": [
                "Non-hazardous"
            ],
            "delay_cost": 0,
            "group_uuid": "8c491919-0cb9-47d0-b66a-51951bbb7ced",
            "source": "Berth 31",
            "transportation_methods": [
                "Roadway",
                "Sea",
                "Transloading"
            ],
            "shipper": "King Ocean",
            "nTEU": 1,
            "origin": "PERU",
            "destination": "McIntosh Intersection",
            "name": "49-VEGA SAGITTARIUS-0:9:PERU"
        },
        {
            "EAT": 15420,
            "LDT": 19740,
            "cargo_categories": [
                "Non-hazardous"
            ],
            "delay_cost": 0,
            "group_uuid": "8c491919-0cb9-47d0-b66a-51951bbb7ced",
            "source": "Berth 31",
            "transportation_methods": [
                "Roadway",
                "Sea",
                "Transloading"
            ],
            "shipper": "King Ocean",
            "nTEU": 2,
            "origin": "COLOMBIA",
            "destination": "McIntosh Intersection",
            "name": "49-VEGA SAGITTARIUS-1:29:COLOMBIA"
        },
        {
            "EAT": 15420,
            "LDT": 19740,
            "cargo_categories": [
                "Non-hazardous"
            ],
            "delay_cost": 0,
            "group_uuid": "8c491919-0cb9-47d0-b66a-51951bbb7ced",
            "source": "Berth 31",
            "transportation_methods": [
                "Roadway",
                "Sea",
                "Transloading"
            ],
            "shipper": "King Ocean",
            "nTEU": 4,
            "origin": "PANAMA",
            "destination": "McIntosh Intersection",
            "name": "49-VEGA SAGITTARIUS-2:95:PANAMA"
        },
        {
            "EAT": 15420,
            "LDT": 19740,
            "cargo_categories": [
                "Non-hazardous"
            ],
            "delay_cost": 0,
            "group_uuid": "8c491919-0cb9-47d0-b66a-51951bbb7ced",
            "source": "Berth 31",
            "transportation_methods": [
                "Roadway",
                "Sea",
                "Transloading"
            ],
            "shipper": "King Ocean",
            "nTEU": 1,
            "origin": "BELGIUM",
            "destination": "McIntosh Intersection",
            "name": "49-VEGA SAGITTARIUS-3:17:BELGIUM"
        },
        {
            "EAT": 15420,
            "LDT": 19740,
            "cargo_categories": [
                "Non-hazardous"
            ],
            "delay_cost": 10,
            "group_uuid": "8c491919-0cb9-47d0-b66a-51951bbb7ced",
            "source": "Berth 31",
            "transportation_methods": [
                "Roadway",
                "Sea",
                "Transloading"
            ],
            "shipper": "King Ocean",
            "nTEU": 20,
            "origin": "HONDURAS",
            "destination": "McIntosh Intersection",
            "name": "49-VEGA SAGITTARIUS-4:8:HONDURAS"
        },
        {
            "EAT": 15420,
            "LDT": 19740,
            "cargo_categories": [
                "Non-hazardous"
            ],
            "delay_cost": 0,
            "group_uuid": "8c491919-0cb9-47d0-b66a-51951bbb7ced",
            "source": "Berth 31",
            "transportation_methods": [
                "Roadway",
                "Sea",
                "Transloading"
            ],
            "shipper": "King Ocean",
            "nTEU": 6,
            "origin": "HONDURAS",
            "destination": "McIntosh Intersection",
            "name": "49-VEGA SAGITTARIUS-5:59:HONDURAS"
        },
        {
            "EAT": 15420,
            "LDT": 19740,
            "cargo_categories": [
                "Non-hazardous"
            ],
            "delay_cost": 0,
            "group_uuid": "8c491919-0cb9-47d0-b66a-51951bbb7ced",
            "source": "Berth 31",
            "transportation_methods": [
                "Roadway",
                "Sea",
                "Transloading"
            ],
            "shipper": "King Ocean",
            "nTEU": 3,
            "origin": "DOMINICAN REPUBLIC",
            "destination": "McIntosh Intersection",
            "name": "49-VEGA SAGITTARIUS-6:96:DOMINICAN REPUBLIC"
        },
        {
            "EAT": 15420,
            "LDT": 19740,
            "cargo_categories": [
                "Non-hazardous"
            ],
            "delay_cost": 0,
            "group_uuid": "8c491919-0cb9-47d0-b66a-51951bbb7ced",
            "source": "Berth 31",
            "transportation_methods": [
                "Roadway",
                "Sea",
                "Transloading"
            ],
            "shipper": "King Ocean",
            "nTEU": 4,
            "origin": "PANAMA",
            "destination": "McIntosh Intersection",
            "name": "49-VEGA SAGITTARIUS-7:20:PANAMA"
        },
        {
            "EAT": 15420,
            "LDT": 19740,
            "cargo_categories": [
                "Non-hazardous"
            ],
            "delay_cost": 0,
            "group_uuid": "8c491919-0cb9-47d0-b66a-51951bbb7ced",
            "source": "Berth 31",
            "transportation_methods": [
                "Roadway",
                "Sea",
                "Transloading"
            ],
            "shipper": "King Ocean",
            "nTEU": 41,
            "origin": "COLOMBIA",
            "destination": "McIntosh Intersection",
            "name": "49-VEGA SAGITTARIUS-8:70:COLOMBIA"
        },
        {
            "EAT": 15420,
            "LDT": 19740,
            "cargo_categories": [
                "Non-hazardous"
            ],
            "delay_cost": 0,
            "group_uuid": "8c491919-0cb9-47d0-b66a-51951bbb7ced",
            "source": "Berth 31",
            "transportation_methods": [
                "Roadway",
                "Sea",
                "Transloading"
            ],
            "shipper": "King Ocean",
            "nTEU": 24,
            "origin": "COSTA RICA",
            "destination": "McIntosh Intersection",
            "name": "49-VEGA SAGITTARIUS-9:39:COSTA RICA"
        },
        {
            "EAT": 15420,
            "LDT": 19740,
            "cargo_categories": [
                "Non-hazardous"
            ],
            "delay_cost": 0,
            "group_uuid": "8c491919-0cb9-47d0-b66a-51951bbb7ced",
            "source": "Berth 31",
            "transportation_methods": [
                "Roadway",
                "Sea",
                "Transloading"
            ],
            "shipper": "King Ocean",
            "nTEU": 2,
            "origin": "COLOMBIA",
            "destination": "McIntosh Intersection",
            "name": "49-VEGA SAGITTARIUS-10:83:COLOMBIA"
        },
        {
            "EAT": 15420,
            "LDT": 19740,
            "cargo_categories": [
                "Non-hazardous"
            ],
            "delay_cost": 0,
            "group_uuid": "8c491919-0cb9-47d0-b66a-51951bbb7ced",
            "source": "Berth 31",
            "transportation_methods": [
                "Roadway",
                "Sea",
                "Transloading"
            ],
            "shipper": "King Ocean",
            "nTEU": 2,
            "origin": "GERMANY",
            "destination": "McIntosh Intersection",
            "name": "49-VEGA SAGITTARIUS-11:84:GERMANY"
        },
        {
            "EAT": 15420,
            "LDT": 19740,
            "cargo_categories": [
                "Non-hazardous"
            ],
            "delay_cost": 0,
            "group_uuid": "8c491919-0cb9-47d0-b66a-51951bbb7ced",
            "source": "Berth 31",
            "transportation_methods": [
                "Roadway",
                "Sea",
                "Transloading"
            ],
            "shipper": "King Ocean",
            "nTEU": 2,
            "origin": "BAHAMAS",
            "destination": "McIntosh Intersection",
            "name": "49-VEGA SAGITTARIUS-12:87:BAHAMAS"
        },
        {
            "EAT": 15420,
            "LDT": 19740,
            "cargo_categories": [
                "Non-hazardous"
            ],
            "delay_cost": 0,
            "group_uuid": "8c491919-0cb9-47d0-b66a-51951bbb7ced",
            "source": "Berth 31",
            "transportation_methods": [
                "Roadway",
                "Sea",
                "Transloading"
            ],
            "shipper": "King Ocean",
            "nTEU": 3,
            "origin": "HONDURAS",
            "destination": "McIntosh Intersection",
            "name": "49-VEGA SAGITTARIUS-13:62:HONDURAS"
        },
        {
            "EAT": 15420,
            "LDT": 19740,
            "cargo_categories": [
                "Non-hazardous"
            ],
            "delay_cost": 0,
            "group_uuid": "8c491919-0cb9-47d0-b66a-51951bbb7ced",
            "source": "Berth 31",
            "transportation_methods": [
                "Roadway",
                "Sea",
                "Transloading"
            ],
            "shipper": "King Ocean",
            "nTEU": 2,
            "origin": "HONDURAS",
            "destination": "McIntosh Intersection",
            "name": "49-VEGA SAGITTARIUS-14:74:HONDURAS"
        },
        {
            "EAT": 15420,
            "LDT": 19740,
            "cargo_categories": [
                "Non-hazardous"
            ],
            "delay_cost": 0,
            "group_uuid": "8c491919-0cb9-47d0-b66a-51951bbb7ced",
            "source": "Berth 31",
            "transportation_methods": [
                "Roadway",
                "Sea",
                "Transloading"
            ],
            "shipper": "King Ocean",
            "nTEU": 2,
            "origin": "CHILE",
            "destination": "McIntosh Intersection",
            "name": "49-VEGA SAGITTARIUS-15:30:CHILE"
        },
        {
            "EAT": 15420,
            "LDT": 19740,
            "cargo_categories": [
                "Non-hazardous"
            ],
            "delay_cost": 0,
            "group_uuid": "8c491919-0cb9-47d0-b66a-51951bbb7ced",
            "source": "Berth 31",
            "transportation_methods": [
                "Roadway",
                "Sea",
                "Transloading"
            ],
            "shipper": "King Ocean",
            "nTEU": 2,
            "origin": "GERMANY",
            "destination": "McIntosh Intersection",
            "name": "49-VEGA SAGITTARIUS-16:85:GERMANY"
        },
        {
            "EAT": 15420,
            "LDT": 19740,
            "cargo_categories": [
                "Non-hazardous"
            ],
            "delay_cost": 0,
            "group_uuid": "8c491919-0cb9-47d0-b66a-51951bbb7ced",
            "source": "Berth 31",
            "transportation_methods": [
                "Roadway",
                "Sea",
                "Transloading"
            ],
            "shipper": "King Ocean",
            "nTEU": 4,
            "origin": "PANAMA",
            "destination": "McIntosh Intersection",
            "name": "49-VEGA SAGITTARIUS-17:21:PANAMA"
        },
        {
            "EAT": 15420,
            "LDT": 19740,
            "cargo_categories": [
                "Non-hazardous"
            ],
            "delay_cost": 0,
            "group_uuid": "8c491919-0cb9-47d0-b66a-51951bbb7ced",
            "source": "Berth 31",
            "transportation_methods": [
                "Roadway",
                "Sea",
                "Transloading"
            ],
            "shipper": "King Ocean",
            "nTEU": 0,
            "origin": "DOMINICAN REPUBLIC",
            "destination": "McIntosh Intersection",
            "name": "49-VEGA SAGITTARIUS-18:46:DOMINICAN REPUBLIC"
        },
        {
            "EAT": 15420,
            "LDT": 19740,
            "cargo_categories": [
                "Non-hazardous"
            ],
            "delay_cost": 0,
            "group_uuid": "8c491919-0cb9-47d0-b66a-51951bbb7ced",
            "source": "Berth 31",
            "transportation_methods": [
                "Roadway",
                "Sea",
                "Transloading"
            ],
            "shipper": "King Ocean",
            "nTEU": 1,
            "origin": "GERMANY",
            "destination": "McIntosh Intersection",
            "name": "49-VEGA SAGITTARIUS-19:89:GERMANY"
        },
        {
            "EAT": 15420,
            "LDT": 19740,
            "cargo_categories": [
                "Non-hazardous"
            ],
            "delay_cost": 0,
            "group_uuid": "8c491919-0cb9-47d0-b66a-51951bbb7ced",
            "source": "Berth 31",
            "transportation_methods": [
                "Roadway",
                "Sea",
                "Transloading"
            ],
            "shipper": "King Ocean",
            "nTEU": 2,
            "origin": "BRAZIL",
            "destination": "McIntosh Intersection",
            "name": "49-VEGA SAGITTARIUS-20:19:BRAZIL"
        },
        {
            "EAT": 15420,
            "LDT": 19740,
            "cargo_categories": [
                "Non-hazardous"
            ],
            "delay_cost": 0,
            "group_uuid": "8c491919-0cb9-47d0-b66a-51951bbb7ced",
            "source": "Berth 31",
            "transportation_methods": [
                "Roadway",
                "Sea",
                "Transloading"
            ],
            "shipper": "King Ocean",
            "nTEU": 4,
            "origin": "HONDURAS",
            "destination": "McIntosh Intersection",
            "name": "49-VEGA SAGITTARIUS-21:7:HONDURAS"
        },
        {
            "EAT": 15420,
            "LDT": 19740,
            "cargo_categories": [
                "Non-hazardous"
            ],
            "delay_cost": 0,
            "group_uuid": "8c491919-0cb9-47d0-b66a-51951bbb7ced",
            "source": "Berth 31",
            "transportation_methods": [
                "Roadway",
                "Sea",
                "Transloading"
            ],
            "shipper": "King Ocean",
            "nTEU": 1,
            "origin": "NETHERLANDS ANTILLES",
            "destination": "McIntosh Intersection",
            "name": "49-VEGA SAGITTARIUS-22:28:NETHERLANDS ANTILLES"
        },
        {
            "EAT": 15420,
            "LDT": 19740,
            "cargo_categories": [
                "Non-hazardous"
            ],
            "delay_cost": 0,
            "group_uuid": "8c491919-0cb9-47d0-b66a-51951bbb7ced",
            "source": "Berth 31",
            "transportation_methods": [
                "Roadway",
                "Sea",
                "Transloading"
            ],
            "shipper": "King Ocean",
            "nTEU": 20,
            "origin": "VIRGIN ISLAND",
            "destination": "McIntosh Intersection",
            "name": "49-VEGA SAGITTARIUS-23:44:VIRGIN ISLAND"
        },
        {
            "EAT": 15420,
            "LDT": 19740,
            "cargo_categories": [
                "Non-hazardous"
            ],
            "delay_cost": 0,
            "group_uuid": "8c491919-0cb9-47d0-b66a-51951bbb7ced",
            "source": "Berth 31",
            "transportation_methods": [
                "Roadway",
                "Sea",
                "Transloading"
            ],
            "shipper": "King Ocean",
            "nTEU": 9,
            "origin": "SPAIN-S",
            "destination": "McIntosh Intersection",
            "name": "49-VEGA SAGITTARIUS-24:69:SPAIN-S"
        },
        {
            "EAT": 15420,
            "LDT": 19740,
            "cargo_categories": [
                "Non-hazardous"
            ],
            "delay_cost": 0,
            "group_uuid": "8c491919-0cb9-47d0-b66a-51951bbb7ced",
            "source": "Berth 31",
            "transportation_methods": [
                "Roadway",
                "Sea",
                "Transloading"
            ],
            "shipper": "King Ocean",
            "nTEU": 9,
            "origin": "HONDURAS",
            "destination": "McIntosh Intersection",
            "name": "49-VEGA SAGITTARIUS-25:94:HONDURAS"
        },
        {
            "EAT": 15420,
            "LDT": 19740,
            "cargo_categories": [
                "Non-hazardous"
            ],
            "delay_cost": 0,
            "group_uuid": "8c491919-0cb9-47d0-b66a-51951bbb7ced",
            "source": "Berth 31",
            "transportation_methods": [
                "Roadway",
                "Sea",
                "Transloading"
            ],
            "shipper": "King Ocean",
            "nTEU": 18,
            "origin": "GERMANY",
            "destination": "McIntosh Intersection",
            "name": "49-VEGA SAGITTARIUS-26:76:GERMANY"
        },
        {
            "EAT": 15420,
            "LDT": 19740,
            "cargo_categories": [
                "Non-hazardous"
            ],
            "delay_cost": 0,
            "group_uuid": "8c491919-0cb9-47d0-b66a-51951bbb7ced",
            "source": "Berth 31",
            "transportation_methods": [
                "Roadway",
                "Sea",
                "Transloading"
            ],
            "shipper": "King Ocean",
            "nTEU": 1,
            "origin": "SPAIN-S",
            "destination": "McIntosh Intersection",
            "name": "49-VEGA SAGITTARIUS-27:80:SPAIN-S"
        },
        {
            "EAT": 15420,
            "LDT": 19740,
            "cargo_categories": [
                "Non-hazardous"
            ],
            "delay_cost": 0,
            "group_uuid": "8c491919-0cb9-47d0-b66a-51951bbb7ced",
            "source": "Berth 31",
            "transportation_methods": [
                "Roadway",
                "Sea",
                "Transloading"
            ],
            "shipper": "King Ocean",
            "nTEU": 11,
            "origin": "PANAMA",
            "destination": "McIntosh Intersection",
            "name": "49-VEGA SAGITTARIUS-28::PANAMA"
        },
        {
            "EAT": 15420,
            "LDT": 19740,
            "cargo_categories": [
                "Non-hazardous"
            ],
            "delay_cost": 0,
            "group_uuid": "8c491919-0cb9-47d0-b66a-51951bbb7ced",
            "source": "Berth 31",
            "transportation_methods": [
                "Roadway",
                "Sea",
                "Transloading"
            ],
            "shipper": "King Ocean",
            "nTEU": 2,
            "origin": "ITALY",
            "destination": "McIntosh Intersection",
            "name": "49-VEGA SAGITTARIUS-29:73:ITALY"
        },
        {
            "EAT": 15420,
            "LDT": 19740,
            "cargo_categories": [
                "Non-hazardous"
            ],
            "delay_cost": 0,
            "group_uuid": "8c491919-0cb9-47d0-b66a-51951bbb7ced",
            "source": "Berth 31",
            "transportation_methods": [
                "Roadway",
                "Sea",
                "Transloading"
            ],
            "shipper": "King Ocean",
            "nTEU": 1,
            "origin": "HAITI",
            "destination": "McIntosh Intersection",
            "name": "49-VEGA SAGITTARIUS-30:68:HAITI"
        }
    ]
}