{
    "commodities": [
        {
            "EAT": 11520,
            "LDT": 14400,
            "cargo_categories": [
                "Non-hazardous"
            ],
            "delay_cost": 0,
            "group_uuid": "6ee4f7a6-d9a3-459b-b5b4-80a4dc168dec",
            "source": "Berth 31",
            "transportation_methods": [
                "Roadway",
                "Sea",
                "Transloading"
            ],
            "shipper": "King Ocean",
            "nTEU": 6,
            "origin": "COSTA RICA",
            "destination": "McIntosh Intersection",
            "name": "47-VEGA SAGITTARIUS-0:19:COSTA RICA"
        },
        {
            "EAT": 11520,
            "LDT": 14400,
            "cargo_categories": [
                "Non-hazardous"
            ],
            "delay_cost": 0,
            "group_uuid": "6ee4f7a6-d9a3-459b-b5b4-80a4dc168dec",
            "source": "Berth 31",
            "transportation_methods": [
                "Roadway",
                "Sea",
                "Transloading"
            ],
            "shipper": "King Ocean",
            "nTEU": 2,
            "origin": "PORTUGAL",
            "destination": "McIntosh Intersection",
            "name": "47-VEGA SAGITTARIUS-1:7:PORTUGAL"
        },
        {
            "EAT": 11520,
            "LDT": 14400,
            "cargo_categories": [
                "Non-hazardous"
            ],
            "delay_cost": 0,
            "group_uuid": "6ee4f7a6-d9a3-459b-b5b4-80a4dc168dec",
            "source": "Berth 31",
            "transportation_methods": [
                "Roadway",
                "Sea",
                "Transloading"
            ],
            "shipper": "King Ocean",
            "nTEU": 3,
            "origin": "BRAZIL",
            "destination": "McIntosh Intersection",
            "name": "47-VEGA SAGITTARIUS-2:48:BRAZIL"
        },
        {
            "EAT": 11520,
            "LDT": 14400,
            "cargo_categories": [
                "Non-hazardous"
            ],
            "delay_cost": 0,
            "group_uuid": "6ee4f7a6-d9a3-459b-b5b4-80a4dc168dec",
            "source": "Berth 31",
            "transportation_methods": [
                "Roadway",
                "Sea",
                "Transloading"
            ],
            "shipper": "King Ocean",
            "nTEU": 81,
            "origin": "HONDURAS",
            "destination": "McIntosh Intersection",
            "name": "47-VEGA SAGITTARIUS-3:76:HONDURAS"
        },
        {
            "EAT": 11520,
            "LDT": 14400,
            "cargo_categories": [
                "Non-hazardous"
            ],
            "delay_cost": 0,
            "group_uuid": "6ee4f7a6-d9a3-459b-b5b4-80a4dc168dec",
            "source": "Berth 31",
            "transportation_methods": [
                "Roadway",
                "Sea",
                "Transloading"
            ],
            "shipper": "King Ocean",
            "nTEU": 9,
            "origin": "GUATEMALA",
            "destination": "McIntosh Intersection",
            "name": "47-VEGA SAGITTARIUS-4:8:GUATEMALA"
        },
        {
            "EAT": 11520,
            "LDT": 14400,
            "cargo_categories": [
                "Non-hazardous"
            ],
            "delay_cost": 0,
            "group_uuid": "6ee4f7a6-d9a3-459b-b5b4-80a4dc168dec",
            "source": "Berth 31",
            "transportation_methods": [
                "Roadway",
                "Sea",
                "Transloading"
            ],
            "shipper": "King Ocean",
            "nTEU": 3,
            "origin": "GUATEMALA",
            "destination": "McIntosh Intersection",
            "name": "47-VEGA SAGITTARIUS-5:73:GUATEMALA"
        },
        {
            "EAT": 11520,
            "LDT": 14400,
            "cargo_categories": [
                "Non-hazardous"
            ],
            "delay_cost": 0,
            "group_uuid": "6ee4f7a6-d9a3-459b-b5b4-80a4dc168dec",
            "source": "Berth 31",
            "transportation_methods": [
                "Roadway",
                "Sea",
                "Transloading"
            ],
            "shipper": "King Ocean",
            "nTEU": 3,
            "origin": "BELGIUM",
            "destination": "McIntosh Intersection",
            "name": "47-VEGA SAGITTARIUS-6:96:BELGIUM"
        },
        {
            "EAT": 11520,
            "LDT": 14400,
            "cargo_categories": [
                "Non-hazardous"
            ],
            "delay_cost": 0,
            "group_uuid": "6ee4f7a6-d9a3-459b-b5b4-80a4dc168dec",
            "source": "Berth 31",
            "transportation_methods": [
                "Roadway",
                "Sea",
                "Transloading"
            ],
            "shipper": "King Ocean",
            "nTEU": 4,
            "origin": "HONDURAS",
            "destination": "McIntosh Intersection",
            "name": "47-VEGA SAGITTARIUS-7:20:HONDURAS"
        },
        {
            "EAT": 11520,
            "LDT": 14400,
            "cargo_categories": [
                "Non-hazardous"
            ],
            "delay_cost": 0,
            "group_uuid": "6ee4f7a6-d9a3-459b-b5b4-80a4dc168dec",
            "source": "Berth 31",
            "transportation_methods": [
                "Roadway",
                "Sea",
                "Transloading"
            ],
            "shipper": "King Ocean",
            "nTEU": 2,
            "origin": "BELGIUM",
            "destination": "McIntosh Intersection",
            "name": "47-VEGA SAGITTARIUS-8:9:BELGIUM"
        },
        {
            "EAT": 11520,
            "LDT": 14400,
            "cargo_categories": [
                "Non-hazardous"
            ],
            "delay_cost": 0,
            "group_uuid": "6ee4f7a6-d9a3-459b-b5b4-80a4dc168dec",
            "source": "Berth 31",
            "transportation_methods": [
                "Roadway",
                "Sea",
                "Transloading"
            ],
            "shipper": "King Ocean",
            "nTEU": 5,
            "origin": "ITALY",
            "destination": "McIntosh Intersection",
            "name": "47-VEGA SAGITTARIUS-9:87:ITALY"
        },
        {
            "EAT": 11520,
            "LDT": 14400,
            "cargo_categories": [
                "Non-hazardous"
            ],
            "delay_cost": 0,
            "group_uuid": "6ee4f7a6-d9a3-459b-b5b4-80a4dc168dec",
            "source": "Berth 31",
            "transportation_methods": [
                "Roadway",
                "Sea",
                "Transloading"
            ],
            "shipper": "King Ocean",
            "nTEU": 2,
            "origin": "COLOMBIA",
            "destination": "McIntosh Intersection",
            "name": "47-VEGA SAGITTARIUS-10:84:COLOMBIA"
        },
        {
            "EAT": 11520,
            "LDT": 14400,
            "cargo_categories": [
                "Non-hazardous"
            ],
            "delay_cost": 0,
            "group_uuid": "6ee4f7a6-d9a3-459b-b5b4-80a4dc168dec",
            "source": "Berth 31",
            "transportation_methods": [
                "Roadway",
                "Sea",
                "Transloading"
            ],
            "shipper": "King Ocean",
            "nTEU": 25,
            "origin": "SPAIN-S",
            "destination": "McIntosh Intersection",
            "name": "47-VEGA SAGITTARIUS-11:70:SPAIN-S"
        },
        {
            "EAT": 11520,
            "LDT": 14400,
            "cargo_categories": [
                "Non-hazardous"
            ],
            "delay_cost": 0,
            "group_uuid": "6ee4f7a6-d9a3-459b-b5b4-80a4dc168dec",
            "source": "Berth 31",
            "transportation_methods": [
                "Roadway",
                "Sea",
                "Transloading"
            ],
            "shipper": "King Ocean",
            "nTEU": 0,
            "origin": "BAHAMAS",
            "destination": "McIntosh Intersection",
            "name": "47-VEGA SAGITTARIUS-12:86:BAHAMAS"
        },
        {
            "EAT": 11520,
            "LDT": 14400,
            "cargo_categories": [
                "Non-hazardous"
            ],
            "delay_cost": 0,
            "group_uuid": "6ee4f7a6-d9a3-459b-b5b4-80a4dc168dec",
            "source": "Berth 31",
            "transportation_methods": [
                "Roadway",
                "Sea",
                "Transloading"
            ],
            "shipper": "King Ocean",
            "nTEU": 2,
            "origin": "BRAZIL",
            "destination": "McIntosh Intersection",
            "name": "47-VEGA SAGITTARIUS-13:44:BRAZIL"
        },
        {
            "EAT": 11520,
            "LDT": 14400,
            "cargo_categories": [
                "Non-hazardous"
            ],
            "delay_cost": 0,
            "group_uuid": "6ee4f7a6-d9a3-459b-b5b4-80a4dc168dec",
            "source": "Berth 31",
            "transportation_methods": [
                "Roadway",
                "Sea",
                "Transloading"
            ],
            "shipper": "King Ocean",
            "nTEU": 4,
            "origin": "COLOMBIA",
            "destination": "McIntosh Intersection",
            "name": "47-VEGA SAGITTARIUS-14:59:COLOMBIA"
        },
        {
            "EAT": 11520,
            "LDT": 14400,
            "cargo_categories": [
                "Non-hazardous"
            ],
            "delay_cost": 0,
            "group_uuid": "6ee4f7a6-d9a3-459b-b5b4-80a4dc168dec",
            "source": "Berth 31",
            "transportation_methods": [
                "Roadway",
                "Sea",
                "Transloading"
            ],
            "shipper": "King Ocean",
            "nTEU": 1,
            "origin": "GERMANY",
            "destination": "McIntosh Intersection",
            "name": "47-VEGA SAGITTARIUS-15:89:GERMANY"
        },
        {
            "EAT": 11520,
            "LDT": 14400,
            "cargo_categories": [
                "Non-hazardous"
            ],
            "delay_cost": 0,
            "group_uuid": "6ee4f7a6-d9a3-459b-b5b4-80a4dc168dec",
            "source": "Berth 31",
            "transportation_methods": [
                "Roadway",
                "Sea",
                "Transloading"
            ],
            "shipper": "King Ocean",
            "nTEU": 8,
            "origin": "COLOMBIA",
            "destination": "McIntosh Intersection",
            "name": "47-VEGA SAGITTARIUS-16:52:COLOMBIA"
        },
        {
            "EAT": 11520,
            "LDT": 14400,
            "cargo_categories": [
                "Non-hazardous"
            ],
            "delay_cost": 0,
            "group_uuid": "6ee4f7a6-d9a3-459b-b5b4-80a4dc168dec",
            "source": "Berth 31",
            "transportation_methods": [
                "Roadway",
                "Sea",
                "Transloading"
            ],
            "shipper": "King Ocean",
            "nTEU": 3,
            "origin": "HAITI",
            "destination": "McIntosh Intersection",
            "name": "47-VEGA SAGITTARIUS-17:62:HAITI"
        },
        {
            "EAT": 11520,
            "LDT": 14400,
            "cargo_categories": [
                "Non-hazardous"
            ],
            "delay_cost": 0,
            "group_uuid": "6ee4f7a6-d9a3-459b-b5b4-80a4dc168dec",
            "source": "Berth 31",
            "transportation_methods": [
                "Roadway",
                "Sea",
                "Transloading"
            ],
            "shipper": "King Ocean",
            "nTEU": 20,
            "origin": "SPAIN-S",
            "destination": "McIntosh Intersection",
            "name": "47-VEGA SAGITTARIUS-18:69:SPAIN-S"
        },
        {
            "EAT": 11520,
            "LDT": 14400,
            "cargo_categories": [
                "Non-hazardous"
            ],
            "delay_cost": 0,
            "group_uuid": "6ee4f7a6-d9a3-459b-b5b4-80a4dc168dec",
            "source": "Berth 31",
            "transportation_methods": [
                "Roadway",
                "Sea",
                "Transloading"
            ],
            "shipper": "King Ocean",
            "nTEU": 1,
            "origin": "DOMINICAN REPUBLIC",
            "destination": "McIntosh Intersection",
            "name": "47-VEGA SAGITTARIUS-19:28:DOMINICAN REPUBLIC"
        },
        {
            "EAT": 11520,
            "LDT": 14400,
            "cargo_categories": [
                "Non-hazardous"
            ],
            "delay_cost": 0,
            "group_uuid": "6ee4f7a6-d9a3-459b-b5b4-80a4dc168dec",
            "source": "Berth 31",
            "transportation_methods": [
                "Roadway",
                "Sea",
                "Transloading"
            ],
            "shipper": "King Ocean",
            "nTEU": 2,
            "origin": "ITALY",
            "destination": "McIntosh Intersection",
            "name": "47-VEGA SAGITTARIUS-20:95:ITALY"
        },
        {
            "EAT": 11520,
            "LDT": 14400,
            "cargo_categories": [
                "Non-hazardous"
            ],
            "delay_cost": 0,
            "group_uuid": "6ee4f7a6-d9a3-459b-b5b4-80a4dc168dec",
            "source": "Berth 31",
            "transportation_methods": [
                "Roadway",
                "Sea",
                "Transloading"
            ],
            "shipper": "King Ocean",
            "nTEU": 2,
            "origin": "ARGENTINA",
            "destination": "McIntosh Intersection",
            "name": "47-VEGA SAGITTARIUS-21:15:ARGENTINA"
        },
        {
            "EAT": 11520,
            "LDT": 14400,
            "cargo_categories": [
                "Non-hazardous"
            ],
            "delay_cost": 0,
            "group_uuid": "6ee4f7a6-d9a3-459b-b5b4-80a4dc168dec",
            "source": "Berth 31",
            "transportation_methods": [
                "Roadway",
                "Sea",
                "Transloading"
            ],
            "shipper": "King Ocean",
            "nTEU": 17,
            "origin": "NETHERLANDS ANTILLES",
            "destination": "McIntosh Intersection",
            "name": "47-VEGA SAGITTARIUS-22::NETHERLANDS ANTILLES"
        },
        {
            "EAT": 11520,
            "LDT": 14400,
            "cargo_categories": [
                "Non-hazardous"
            ],
            "delay_cost": 0,
            "group_uuid": "6ee4f7a6-d9a3-459b-b5b4-80a4dc168dec",
            "source": "Berth 31",
            "transportation_methods": [
                "Roadway",
                "Sea",
                "Transloading"
            ],
            "shipper": "King Ocean",
            "nTEU": 2,
            "origin": "SPAIN-S",
            "destination": "McIntosh Intersection",
            "name": "47-VEGA SAGITTARIUS-23:4:SPAIN-S"
        }
    ]
}