{
    "commodities": [
        {
            "EAT": 1440,
            "LDT": 4320,
            "cargo_categories": [
                "Non-hazardous"
            ],
            "delay_cost": 0,
            "group_uuid": "0ae7c4e5-68d1-40f8-9a38-56eb6216cfa0",
            "source": "Berth 33",
            "transportation_methods": [
                "Roadway",
                "Sea",
                "Transloading"
            ],
            "shipper": "Crowley",
            "nTEU": 33,
            "origin": "HONDURAS",
            "destination": "McIntosh Intersection",
            "name": "8-DENEB J-0:24:HONDURAS"
        },
        {
            "EAT": 1440,
            "LDT": 4320,
            "cargo_categories": [
                "Non-hazardous"
            ],
            "delay_cost": 0,
            "group_uuid": "0ae7c4e5-68d1-40f8-9a38-56eb6216cfa0",
            "source": "Berth 33",
            "transportation_methods": [
                "Roadway",
                "Sea",
                "Transloading"
            ],
            "shipper": "Crowley",
            "nTEU": 23,
            "origin": "BRAZIL",
            "destination": "McIntosh Intersection",
            "name": "8-DENEB J-1:44:BRAZIL"
        },
        {
            "EAT": 1440,
            "LDT": 4320,
            "cargo_categories": [
                "Non-hazardous"
            ],
            "delay_cost": 0,
            "group_uuid": "0ae7c4e5-68d1-40f8-9a38-56eb6216cfa0",
            "source": "Berth 33",
            "transportation_methods": [
                "Roadway",
                "Sea",
                "Transloading"
            ],
            "shipper": "FIT",
            "nTEU": 2,
            "origin": "ITALY",
            "destination": "McIntosh Intersection",
            "name": "8-DENEB J-2:69:ITALY"
        },
        {
            "EAT": 1440,
            "LDT": 4320,
            "cargo_categories": [
                "Non-hazardous"
            ],
            "delay_cost": 0,
            "group_uuid": "0ae7c4e5-68d1-40f8-9a38-56eb6216cfa0",
            "source": "Berth 33",
            "transportation_methods": [
                "Roadway",
                "Sea",
                "Transloading"
            ],
            "shipper": "FIT",
            "nTEU": 4,
            "origin": "GUATEMALA",
            "destination": "McIntosh Intersection",
            "name": "8-DENEB J-3:8:GUATEMALA"
        },
        {
            "EAT": 1440,
            "LDT": 4320,
            "cargo_categories": [
                "Non-hazardous"
            ],
            "delay_cost": 0,
            "group_uuid": "0ae7c4e5-68d1-40f8-9a38-56eb6216cfa0",
            "source": "Berth 33",
            "transportation_methods": [
                "Roadway",
                "Sea",
                "Transloading"
            ],
            "shipper": "Crowley",
            "nTEU": 1,
            "origin": "UNITED KINGDOM",
            "destination": "McIntosh Intersection",
            "name": "8-DENEB J-4:95:UNITED KINGDOM"
        },
        {
            "EAT": 1440,
            "LDT": 4320,
            "cargo_categories": [
                "Non-hazardous"
            ],
            "delay_cost": 0,
            "group_uuid": "0ae7c4e5-68d1-40f8-9a38-56eb6216cfa0",
            "source": "Berth 33",
            "transportation_methods": [
                "Roadway",
                "Sea",
                "Transloading"
            ],
            "shipper": "Crowley",
            "nTEU": 39,
            "origin": "GERMANY",
            "destination": "McIntosh Intersection",
            "name": "8-DENEB J-5:85:GERMANY"
        },
        {
            "EAT": 1440,
            "LDT": 4320,
            "cargo_categories": [
                "Non-hazardous"
            ],
            "delay_cost": 0,
            "group_uuid": "0ae7c4e5-68d1-40f8-9a38-56eb6216cfa0",
            "source": "Berth 33",
            "transportation_methods": [
                "Roadway",
                "Sea",
                "Transloading"
            ],
            "shipper": "FIT",
            "nTEU": 2,
            "origin": "HONDURAS",
            "destination": "McIntosh Intersection",
            "name": "8-DENEB J-6::HONDURAS"
        },
        {
            "EAT": 1440,
            "LDT": 4320,
            "cargo_categories": [
                "Non-hazardous"
            ],
            "delay_cost": 0,
            "group_uuid": "0ae7c4e5-68d1-40f8-9a38-56eb6216cfa0",
            "source": "Berth 33",
            "transportation_methods": [
                "Roadway",
                "Sea",
                "Transloading"
            ],
            "shipper": "Crowley",
            "nTEU": 0,
            "origin": "COSTA RICA",
            "destination": "McIntosh Intersection",
            "name": "8-DENEB J-7:73:COSTA RICA"
        },
        {
            "EAT": 1440,
            "LDT": 4320,
            "cargo_categories": [
                "Non-hazardous"
            ],
            "delay_cost": 0,
            "group_uuid": "0ae7c4e5-68d1-40f8-9a38-56eb6216cfa0",
            "source": "Berth 33",
            "transportation_methods": [
                "Roadway",
                "Sea",
                "Transloading"
            ],
            "shipper": "FIT",
            "nTEU": 4,
            "origin": "DOMINICAN REPUBLIC",
            "destination": "McIntosh Intersection",
            "name": "8-DENEB J-8:46:DOMINICAN REPUBLIC"
        },
        {
            "EAT": 1440,
            "LDT": 4320,
            "cargo_categories": [
                "Non-hazardous"
            ],
            "delay_cost": 0,
            "group_uuid": "0ae7c4e5-68d1-40f8-9a38-56eb6216cfa0",
            "source": "Berth 33",
            "transportation_methods": [
                "Roadway",
                "Sea",
                "Transloading"
            ],
            "shipper": "Crowley",
            "nTEU": 4,
            "origin": "COSTA RICA",
            "destination": "McIntosh Intersection",
            "name": "8-DENEB J-9:6:COSTA RICA"
        },
        {
            "EAT": 1440,
            "LDT": 4320,
            "cargo_categories": [
                "Non-hazardous"
            ],
            "delay_cost": 0,
            "group_uuid": "0ae7c4e5-68d1-40f8-9a38-56eb6216cfa0",
            "source": "Berth 33",
            "transportation_methods": [
                "Roadway",
                "Sea",
                "Transloading"
            ],
            "shipper": "Crowley",
            "nTEU": 4,
            "origin": "SPAIN-S",
            "destination": "McIntosh Intersection",
            "name": "8-DENEB J-10:20:SPAIN-S"
        },
        {
            "EAT": 1440,
            "LDT": 4320,
            "cargo_categories": [
                "Non-hazardous"
            ],
            "delay_cost": 0,
            "group_uuid": "0ae7c4e5-68d1-40f8-9a38-56eb6216cfa0",
            "source": "Berth 33",
            "transportation_methods": [
                "Roadway",
                "Sea",
                "Transloading"
            ],
            "shipper": "FIT",
            "nTEU": 2,
            "origin": "BRAZIL",
            "destination": "McIntosh Intersection",
            "name": "8-DENEB J-11:68:BRAZIL"
        },
        {
            "EAT": 1440,
            "LDT": 4320,
            "cargo_categories": [
                "Non-hazardous"
            ],
            "delay_cost": 0,
            "group_uuid": "0ae7c4e5-68d1-40f8-9a38-56eb6216cfa0",
            "source": "Berth 33",
            "transportation_methods": [
                "Roadway",
                "Sea",
                "Transloading"
            ],
            "shipper": "FIT",
            "nTEU": 5,
            "origin": "DOMINICAN REPUBLIC",
            "destination": "McIntosh Intersection",
            "name": "8-DENEB J-12:87:DOMINICAN REPUBLIC"
        },
        {
            "EAT": 1440,
            "LDT": 4320,
            "cargo_categories": [
                "Non-hazardous"
            ],
            "delay_cost": 0,
            "group_uuid": "0ae7c4e5-68d1-40f8-9a38-56eb6216cfa0",
            "source": "Berth 33",
            "transportation_methods": [
                "Roadway",
                "Sea",
                "Transloading"
            ],
            "shipper": "Crowley",
            "nTEU": 8,
            "origin": "SPAIN-S",
            "destination": "McIntosh Intersection",
            "name": "8-DENEB J-13:84:SPAIN-S"
        },
        {
            "EAT": 1440,
            "LDT": 4320,
            "cargo_categories": [
                "Non-hazardous"
            ],
            "delay_cost": 0,
            "group_uuid": "0ae7c4e5-68d1-40f8-9a38-56eb6216cfa0",
            "source": "Berth 33",
            "transportation_methods": [
                "Roadway",
                "Sea",
                "Transloading"
            ],
            "shipper": "FIT",
            "nTEU": 28,
            "origin": "COLOMBIA",
            "destination": "McIntosh Intersection",
            "name": "8-DENEB J-14:39:COLOMBIA"
        },
        {
            "EAT": 1440,
            "LDT": 4320,
            "cargo_categories": [
                "Non-hazardous"
            ],
            "delay_cost": 0,
            "group_uuid": "0ae7c4e5-68d1-40f8-9a38-56eb6216cfa0",
            "source": "Berth 33",
            "transportation_methods": [
                "Roadway",
                "Sea",
                "Transloading"
            ],
            "shipper": "Crowley",
            "nTEU": 3,
            "origin": "GUATEMALA",
            "destination": "McIntosh Intersection",
            "name": "8-DENEB J-15:61:GUATEMALA"
        },
        {
            "EAT": 1440,
            "LDT": 4320,
            "cargo_categories": [
                "Non-hazardous"
            ],
            "delay_cost": 0,
            "group_uuid": "0ae7c4e5-68d1-40f8-9a38-56eb6216cfa0",
            "source": "Berth 33",
            "transportation_methods": [
                "Roadway",
                "Sea",
                "Transloading"
            ],
            "shipper": "FIT",
            "nTEU": 0,
            "origin": "GUATEMALA",
            "destination": "McIntosh Intersection",
            "name": "8-DENEB J-16:86:GUATEMALA"
        },
        {
            "EAT": 1440,
            "LDT": 4320,
            "cargo_categories": [
                "Non-hazardous"
            ],
            "delay_cost": 0,
            "group_uuid": "0ae7c4e5-68d1-40f8-9a38-56eb6216cfa0",
            "source": "Berth 33",
            "transportation_methods": [
                "Roadway",
                "Sea",
                "Transloading"
            ],
            "shipper": "FIT",
            "nTEU": 2,
            "origin": "ITALY",
            "destination": "McIntosh Intersection",
            "name": "8-DENEB J-17:94:ITALY"
        },
        {
            "EAT": 1440,
            "LDT": 4320,
            "cargo_categories": [
                "Non-hazardous"
            ],
            "delay_cost": 0,
            "group_uuid": "0ae7c4e5-68d1-40f8-9a38-56eb6216cfa0",
            "source": "Berth 33",
            "transportation_methods": [
                "Roadway",
                "Sea",
                "Transloading"
            ],
            "shipper": "Crowley",
            "nTEU": 4,
            "origin": "CHILE",
            "destination": "McIntosh Intersection",
            "name": "8-DENEB J-18:22:CHILE"
        },
        {
            "EAT": 1440,
            "LDT": 4320,
            "cargo_categories": [
                "Non-hazardous"
            ],
            "delay_cost": 0,
            "group_uuid": "0ae7c4e5-68d1-40f8-9a38-56eb6216cfa0",
            "source": "Berth 33",
            "transportation_methods": [
                "Roadway",
                "Sea",
                "Transloading"
            ],
            "shipper": "FIT",
            "nTEU": 2,
            "origin": "BRAZIL",
            "destination": "McIntosh Intersection",
            "name": "8-DENEB J-19:48:BRAZIL"
        },
        {
            "EAT": 1440,
            "LDT": 4320,
            "cargo_categories": [
                "Non-hazardous"
            ],
            "delay_cost": 0,
            "group_uuid": "0ae7c4e5-68d1-40f8-9a38-56eb6216cfa0",
            "source": "Berth 33",
            "transportation_methods": [
                "Roadway",
                "Sea",
                "Transloading"
            ],
            "shipper": "Crowley",
            "nTEU": 10,
            "origin": "PERU",
            "destination": "McIntosh Intersection",
            "name": "8-DENEB J-20:34:PERU"
        },
        {
            "EAT": 1440,
            "LDT": 4320,
            "cargo_categories": [
                "Non-hazardous"
            ],
            "delay_cost": 0,
            "group_uuid": "0ae7c4e5-68d1-40f8-9a38-56eb6216cfa0",
            "source": "Berth 33",
            "transportation_methods": [
                "Roadway",
                "Sea",
                "Transloading"
            ],
            "shipper": "FIT",
            "nTEU": 6,
            "origin": "HONDURAS",
            "destination": "McIntosh Intersection",
            "name": "8-DENEB J-21:64:HONDURAS"
        },
        {
            "EAT": 1440,
            "LDT": 4320,
            "cargo_categories": [
                "Non-hazardous"
            ],
            "delay_cost": 0,
            "group_uuid": "0ae7c4e5-68d1-40f8-9a38-56eb6216cfa0",
            "source": "Berth 33",
            "transportation_methods": [
                "Roadway",
                "Sea",
                "Transloading"
            ],
            "shipper": "Crowley",
            "nTEU": 10,
            "origin": "GUATEMALA",
            "destination": "McIntosh Intersection",
            "name": "8-DENEB J-22:52:GUATEMALA"
        },
        {
            "EAT": 1440,
            "LDT": 4320,
            "cargo_categories": [
                "Non-hazardous"
            ],
            "delay_cost": 0,
            "group_uuid": "0ae7c4e5-68d1-40f8-9a38-56eb6216cfa0",
            "source": "Berth 33",
            "transportation_methods": [
                "Roadway",
                "Sea",
                "Transloading"
            ],
            "shipper": "Crowley",
            "nTEU": 5,
            "origin": "HONDURAS",
            "destination": "McIntosh Intersection",
            "name": "8-DENEB J-23:38:HONDURAS"
        },
        {
            "EAT": 1440,
            "LDT": 4320,
            "cargo_categories": [
                "Non-hazardous"
            ],
            "delay_cost": 0,
            "group_uuid": "0ae7c4e5-68d1-40f8-9a38-56eb6216cfa0",
            "source": "Berth 33",
            "transportation_methods": [
                "Roadway",
                "Sea",
                "Transloading"
            ],
            "shipper": "FIT",
            "nTEU": 14,
            "origin": "HONDURAS",
            "destination": "McIntosh Intersection",
            "name": "8-DENEB J-24:62:HONDURAS"
        },
        {
            "EAT": 1440,
            "LDT": 4320,
            "cargo_categories": [
                "Non-hazardous"
            ],
            "delay_cost": 0,
            "group_uuid": "0ae7c4e5-68d1-40f8-9a38-56eb6216cfa0",
            "source": "Berth 33",
            "transportation_methods": [
                "Roadway",
                "Sea",
                "Transloading"
            ],
            "shipper": "FIT",
            "nTEU": 9,
            "origin": "DOMINICAN REPUBLIC",
            "destination": "McIntosh Intersection",
            "name": "8-DENEB J-25:83:DOMINICAN REPUBLIC"
        },
        {
            "EAT": 1440,
            "LDT": 4320,
            "cargo_categories": [
                "Non-hazardous"
            ],
            "delay_cost": 0,
            "group_uuid": "0ae7c4e5-68d1-40f8-9a38-56eb6216cfa0",
            "source": "Berth 33",
            "transportation_methods": [
                "Roadway",
                "Sea",
                "Transloading"
            ],
            "shipper": "FIT",
            "nTEU": 21,
            "origin": "COSTA RICA",
            "destination": "McIntosh Intersection",
            "name": "8-DENEB J-26:90:COSTA RICA"
        },
        {
            "EAT": 1440,
            "LDT": 4320,
            "cargo_categories": [
                "Non-hazardous"
            ],
            "delay_cost": 0,
            "group_uuid": "0ae7c4e5-68d1-40f8-9a38-56eb6216cfa0",
            "source": "Berth 33",
            "transportation_methods": [
                "Roadway",
                "Sea",
                "Transloading"
            ],
            "shipper": "Crowley",
            "nTEU": 1,
            "origin": "HONDURAS",
            "destination": "McIntosh Intersection",
            "name": "8-DENEB J-27:60:HONDURAS"
        },
        {
            "EAT": 1440,
            "LDT": 4320,
            "cargo_categories": [
                "Non-hazardous"
            ],
            "delay_cost": 0,
            "group_uuid": "0ae7c4e5-68d1-40f8-9a38-56eb6216cfa0",
            "source": "Berth 33",
            "transportation_methods": [
                "Roadway",
                "Sea",
                "Transloading"
            ],
            "shipper": "FIT",
            "nTEU": 2,
            "origin": "GUATEMALA",
            "destination": "McIntosh Intersection",
            "name": "8-DENEB J-28:21:GUATEMALA"
        },
        {
            "EAT": 1440,
            "LDT": 4320,
            "cargo_categories": [
                "Non-hazardous"
            ],
            "delay_cost": 0,
            "group_uuid": "0ae7c4e5-68d1-40f8-9a38-56eb6216cfa0",
            "source": "Berth 33",
            "transportation_methods": [
                "Roadway",
                "Sea",
                "Transloading"
            ],
            "shipper": "FIT",
            "nTEU": 2,
            "origin": "COSTA RICA",
            "destination": "McIntosh Intersection",
            "name": "8-DENEB J-29:12:COSTA RICA"
        },
        {
            "EAT": 1440,
            "LDT": 4320,
            "cargo_categories": [
                "Non-hazardous"
            ],
            "delay_cost": 0,
            "group_uuid": "0ae7c4e5-68d1-40f8-9a38-56eb6216cfa0",
            "source": "Berth 33",
            "transportation_methods": [
                "Roadway",
                "Sea",
                "Transloading"
            ],
            "shipper": "Crowley",
            "nTEU": 5,
            "origin": "TURKEY",
            "destination": "McIntosh Intersection",
            "name": "8-DENEB J-30:25:TURKEY"
        },
        {
            "EAT": 1440,
            "LDT": 4320,
            "cargo_categories": [
                "Non-hazardous"
            ],
            "delay_cost": 0,
            "group_uuid": "0ae7c4e5-68d1-40f8-9a38-56eb6216cfa0",
            "source": "Berth 33",
            "transportation_methods": [
                "Roadway",
                "Sea",
                "Transloading"
            ],
            "shipper": "FIT",
            "nTEU": 4,
            "origin": "GERMANY",
            "destination": "McIntosh Intersection",
            "name": "8-DENEB J-31:63:GERMANY"
        },
        {
            "EAT": 1440,
            "LDT": 4320,
            "cargo_categories": [
                "Non-hazardous"
            ],
            "delay_cost": 0,
            "group_uuid": "0ae7c4e5-68d1-40f8-9a38-56eb6216cfa0",
            "source": "Berth 33",
            "transportation_methods": [
                "Roadway",
                "Sea",
                "Transloading"
            ],
            "shipper": "Crowley",
            "nTEU": 2,
            "origin": "GUATEMALA",
            "destination": "McIntosh Intersection",
            "name": "8-DENEB J-32:7:GUATEMALA"
        },
        {
            "EAT": 1440,
            "LDT": 4320,
            "cargo_categories": [
                "Non-hazardous"
            ],
            "delay_cost": 0,
            "group_uuid": "0ae7c4e5-68d1-40f8-9a38-56eb6216cfa0",
            "source": "Berth 33",
            "transportation_methods": [
                "Roadway",
                "Sea",
                "Transloading"
            ],
            "shipper": "Crowley",
            "nTEU": 5,
            "origin": "GERMANY",
            "destination": "McIntosh Intersection",
            "name": "8-DENEB J-33:28:GERMANY"
        }
    ]
}