{
    "commodities": [
        {
            "EAT": 7200,
            "LDT": 10080,
            "cargo_categories": [
                "Non-hazardous"
            ],
            "delay_cost": 0,
            "group_uuid": "34d8a512-9483-4026-bb24-e010b70f1f5c",
            "source": "Berth 32",
            "transportation_methods": [
                "Roadway",
                "Sea",
                "Transloading"
            ],
            "shipper": "MSC",
            "nTEU": 3,
            "origin": "ITALY",
            "destination": "McIntosh Intersection",
            "name": "29-JACOB-0:94:ITALY"
        },
        {
            "EAT": 7200,
            "LDT": 10080,
            "cargo_categories": [
                "Non-hazardous"
            ],
            "delay_cost": 0,
            "group_uuid": "34d8a512-9483-4026-bb24-e010b70f1f5c",
            "source": "Berth 32",
            "transportation_methods": [
                "Roadway",
                "Sea",
                "Transloading"
            ],
            "shipper": "MSC",
            "nTEU": 1,
            "origin": "BRAZIL",
            "destination": "McIntosh Intersection",
            "name": "29-JACOB-1:10:BRAZIL"
        },
        {
            "EAT": 7200,
            "LDT": 10080,
            "cargo_categories": [
                "Non-hazardous"
            ],
            "delay_cost": 0,
            "group_uuid": "34d8a512-9483-4026-bb24-e010b70f1f5c",
            "source": "Berth 32",
            "transportation_methods": [
                "Roadway",
                "Sea",
                "Transloading"
            ],
            "shipper": "MSC",
            "nTEU": 4,
            "origin": "COLOMBIA",
            "destination": "McIntosh Intersection",
            "name": "29-JACOB-2:76:COLOMBIA"
        },
        {
            "EAT": 7200,
            "LDT": 10080,
            "cargo_categories": [
                "Non-hazardous"
            ],
            "delay_cost": 0,
            "group_uuid": "34d8a512-9483-4026-bb24-e010b70f1f5c",
            "source": "Berth 32",
            "transportation_methods": [
                "Roadway",
                "Sea",
                "Transloading"
            ],
            "shipper": "MSC",
            "nTEU": 4,
            "origin": "BAHAMAS",
            "destination": "McIntosh Intersection",
            "name": "29-JACOB-3:80:BAHAMAS"
        },
        {
            "EAT": 7200,
            "LDT": 10080,
            "cargo_categories": [
                "Non-hazardous"
            ],
            "delay_cost": 0,
            "group_uuid": "34d8a512-9483-4026-bb24-e010b70f1f5c",
            "source": "Berth 32",
            "transportation_methods": [
                "Roadway",
                "Sea",
                "Transloading"
            ],
            "shipper": "MSC",
            "nTEU": 10,
            "origin": "HONDURAS",
            "destination": "McIntosh Intersection",
            "name": "29-JACOB-4::HONDURAS"
        },
        {
            "EAT": 7200,
            "LDT": 10080,
            "cargo_categories": [
                "Non-hazardous"
            ],
            "delay_cost": 0,
            "group_uuid": "34d8a512-9483-4026-bb24-e010b70f1f5c",
            "source": "Berth 32",
            "transportation_methods": [
                "Roadway",
                "Sea",
                "Transloading"
            ],
            "shipper": "MSC",
            "nTEU": 30,
            "origin": "SPAIN-S",
            "destination": "McIntosh Intersection",
            "name": "29-JACOB-5:25:SPAIN-S"
        },
        {
            "EAT": 7200,
            "LDT": 10080,
            "cargo_categories": [
                "Non-hazardous"
            ],
            "delay_cost": 0,
            "group_uuid": "34d8a512-9483-4026-bb24-e010b70f1f5c",
            "source": "Berth 32",
            "transportation_methods": [
                "Roadway",
                "Sea",
                "Transloading"
            ],
            "shipper": "MSC",
            "nTEU": 1,
            "origin": "BRAZIL",
            "destination": "McIntosh Intersection",
            "name": "29-JACOB-6:38:BRAZIL"
        },
        {
            "EAT": 7200,
            "LDT": 10080,
            "cargo_categories": [
                "Non-hazardous"
            ],
            "delay_cost": 0,
            "group_uuid": "34d8a512-9483-4026-bb24-e010b70f1f5c",
            "source": "Berth 32",
            "transportation_methods": [
                "Roadway",
                "Sea",
                "Transloading"
            ],
            "shipper": "MSC",
            "nTEU": 5,
            "origin": "BRAZIL",
            "destination": "McIntosh Intersection",
            "name": "29-JACOB-7:68:BRAZIL"
        },
        {
            "EAT": 7200,
            "LDT": 10080,
            "cargo_categories": [
                "Non-hazardous"
            ],
            "delay_cost": 0,
            "group_uuid": "34d8a512-9483-4026-bb24-e010b70f1f5c",
            "source": "Berth 32",
            "transportation_methods": [
                "Roadway",
                "Sea",
                "Transloading"
            ],
            "shipper": "MSC",
            "nTEU": 2,
            "origin": "PORTUGAL",
            "destination": "McIntosh Intersection",
            "name": "29-JACOB-8:15:PORTUGAL"
        },
        {
            "EAT": 7200,
            "LDT": 10080,
            "cargo_categories": [
                "Non-hazardous"
            ],
            "delay_cost": 0,
            "group_uuid": "34d8a512-9483-4026-bb24-e010b70f1f5c",
            "source": "Berth 32",
            "transportation_methods": [
                "Roadway",
                "Sea",
                "Transloading"
            ],
            "shipper": "MSC",
            "nTEU": 2,
            "origin": "COSTA RICA",
            "destination": "McIntosh Intersection",
            "name": "29-JACOB-9:40:COSTA RICA"
        },
        {
            "EAT": 7200,
            "LDT": 10080,
            "cargo_categories": [
                "Non-hazardous"
            ],
            "delay_cost": 0,
            "group_uuid": "34d8a512-9483-4026-bb24-e010b70f1f5c",
            "source": "Berth 32",
            "transportation_methods": [
                "Roadway",
                "Sea",
                "Transloading"
            ],
            "shipper": "MSC",
            "nTEU": 20,
            "origin": "GUATEMALA",
            "destination": "McIntosh Intersection",
            "name": "29-JACOB-10:8:GUATEMALA"
        },
        {
            "EAT": 7200,
            "LDT": 10080,
            "cargo_categories": [
                "Non-hazardous"
            ],
            "delay_cost": 0,
            "group_uuid": "34d8a512-9483-4026-bb24-e010b70f1f5c",
            "source": "Berth 32",
            "transportation_methods": [
                "Roadway",
                "Sea",
                "Transloading"
            ],
            "shipper": "MSC",
            "nTEU": 6,
            "origin": "BRAZIL",
            "destination": "McIntosh Intersection",
            "name": "29-JACOB-11:48:BRAZIL"
        },
        {
            "EAT": 7200,
            "LDT": 10080,
            "cargo_categories": [
                "Non-hazardous"
            ],
            "delay_cost": 0,
            "group_uuid": "34d8a512-9483-4026-bb24-e010b70f1f5c",
            "source": "Berth 32",
            "transportation_methods": [
                "Roadway",
                "Sea",
                "Transloading"
            ],
            "shipper": "MSC",
            "nTEU": 6,
            "origin": "JAMAICA",
            "destination": "McIntosh Intersection",
            "name": "29-JACOB-12:73:JAMAICA"
        },
        {
            "EAT": 7200,
            "LDT": 10080,
            "cargo_categories": [
                "Non-hazardous"
            ],
            "delay_cost": 0,
            "group_uuid": "34d8a512-9483-4026-bb24-e010b70f1f5c",
            "source": "Berth 32",
            "transportation_methods": [
                "Roadway",
                "Sea",
                "Transloading"
            ],
            "shipper": "MSC",
            "nTEU": 1,
            "origin": "GERMANY",
            "destination": "McIntosh Intersection",
            "name": "29-JACOB-13:49:GERMANY"
        },
        {
            "EAT": 7200,
            "LDT": 10080,
            "cargo_categories": [
                "Non-hazardous"
            ],
            "delay_cost": 0,
            "group_uuid": "34d8a512-9483-4026-bb24-e010b70f1f5c",
            "source": "Berth 32",
            "transportation_methods": [
                "Roadway",
                "Sea",
                "Transloading"
            ],
            "shipper": "MSC",
            "nTEU": 4,
            "origin": "PANAMA",
            "destination": "McIntosh Intersection",
            "name": "29-JACOB-14:20:PANAMA"
        },
        {
            "EAT": 7200,
            "LDT": 10080,
            "cargo_categories": [
                "Non-hazardous"
            ],
            "delay_cost": 0,
            "group_uuid": "34d8a512-9483-4026-bb24-e010b70f1f5c",
            "source": "Berth 32",
            "transportation_methods": [
                "Roadway",
                "Sea",
                "Transloading"
            ],
            "shipper": "MSC",
            "nTEU": 3,
            "origin": "COLOMBIA",
            "destination": "McIntosh Intersection",
            "name": "29-JACOB-15:84:COLOMBIA"
        },
        {
            "EAT": 7200,
            "LDT": 10080,
            "cargo_categories": [
                "Non-hazardous"
            ],
            "delay_cost": 0,
            "group_uuid": "34d8a512-9483-4026-bb24-e010b70f1f5c",
            "source": "Berth 32",
            "transportation_methods": [
                "Roadway",
                "Sea",
                "Transloading"
            ],
            "shipper": "MSC",
            "nTEU": 4,
            "origin": "SPAIN-S",
            "destination": "McIntosh Intersection",
            "name": "29-JACOB-16:33:SPAIN-S"
        },
        {
            "EAT": 7200,
            "LDT": 10080,
            "cargo_categories": [
                "Non-hazardous"
            ],
            "delay_cost": 0,
            "group_uuid": "34d8a512-9483-4026-bb24-e010b70f1f5c",
            "source": "Berth 32",
            "transportation_methods": [
                "Roadway",
                "Sea",
                "Transloading"
            ],
            "shipper": "MSC",
            "nTEU": 6,
            "origin": "SPAIN-S",
            "destination": "McIntosh Intersection",
            "name": "29-JACOB-17:4:SPAIN-S"
        },
        {
            "EAT": 7200,
            "LDT": 10080,
            "cargo_categories": [
                "Non-hazardous"
            ],
            "delay_cost": 0,
            "group_uuid": "34d8a512-9483-4026-bb24-e010b70f1f5c",
            "source": "Berth 32",
            "transportation_methods": [
                "Roadway",
                "Sea",
                "Transloading"
            ],
            "shipper": "MSC",
            "nTEU": 2,
            "origin": "DOMINICAN REPUBLIC",
            "destination": "McIntosh Intersection",
            "name": "29-JACOB-18:63:DOMINICAN REPUBLIC"
        },
        {
            "EAT": 7200,
            "LDT": 10080,
            "cargo_categories": [
                "Non-hazardous"
            ],
            "delay_cost": 0,
            "group_uuid": "34d8a512-9483-4026-bb24-e010b70f1f5c",
            "source": "Berth 32",
            "transportation_methods": [
                "Roadway",
                "Sea",
                "Transloading"
            ],
            "shipper": "MSC",
            "nTEU": 12,
            "origin": "GERMANY",
            "destination": "McIntosh Intersection",
            "name": "29-JACOB-19:89:GERMANY"
        },
        {
            "EAT": 7200,
            "LDT": 10080,
            "cargo_categories": [
                "Non-hazardous"
            ],
            "delay_cost": 0,
            "group_uuid": "34d8a512-9483-4026-bb24-e010b70f1f5c",
            "source": "Berth 32",
            "transportation_methods": [
                "Roadway",
                "Sea",
                "Transloading"
            ],
            "shipper": "MSC",
            "nTEU": 3,
            "origin": "ITALY",
            "destination": "McIntosh Intersection",
            "name": "29-JACOB-20:70:ITALY"
        },
        {
            "EAT": 7200,
            "LDT": 10080,
            "cargo_categories": [
                "Non-hazardous"
            ],
            "delay_cost": 0,
            "group_uuid": "34d8a512-9483-4026-bb24-e010b70f1f5c",
            "source": "Berth 32",
            "transportation_methods": [
                "Roadway",
                "Sea",
                "Transloading"
            ],
            "shipper": "MSC",
            "nTEU": 4,
            "origin": "ECUADOR",
            "destination": "McIntosh Intersection",
            "name": "29-JACOB-21:39:ECUADOR"
        },
        {
            "EAT": 7200,
            "LDT": 10080,
            "cargo_categories": [
                "Non-hazardous"
            ],
            "delay_cost": 0,
            "group_uuid": "34d8a512-9483-4026-bb24-e010b70f1f5c",
            "source": "Berth 32",
            "transportation_methods": [
                "Roadway",
                "Sea",
                "Transloading"
            ],
            "shipper": "MSC",
            "nTEU": 4,
            "origin": "GERMANY",
            "destination": "McIntosh Intersection",
            "name": "29-JACOB-22:44:GERMANY"
        },
        {
            "EAT": 7200,
            "LDT": 10080,
            "cargo_categories": [
                "Non-hazardous"
            ],
            "delay_cost": 0,
            "group_uuid": "34d8a512-9483-4026-bb24-e010b70f1f5c",
            "source": "Berth 32",
            "transportation_methods": [
                "Roadway",
                "Sea",
                "Transloading"
            ],
            "shipper": "MSC",
            "nTEU": 2,
            "origin": "GUATEMALA",
            "destination": "McIntosh Intersection",
            "name": "29-JACOB-23:62:GUATEMALA"
        },
        {
            "EAT": 7200,
            "LDT": 10080,
            "cargo_categories": [
                "Non-hazardous"
            ],
            "delay_cost": 0,
            "group_uuid": "34d8a512-9483-4026-bb24-e010b70f1f5c",
            "source": "Berth 32",
            "transportation_methods": [
                "Roadway",
                "Sea",
                "Transloading"
            ],
            "shipper": "MSC",
            "nTEU": 50,
            "origin": "ITALY",
            "destination": "McIntosh Intersection",
            "name": "29-JACOB-24:22:ITALY"
        },
        {
            "EAT": 7200,
            "LDT": 10080,
            "cargo_categories": [
                "Non-hazardous"
            ],
            "delay_cost": 0,
            "group_uuid": "34d8a512-9483-4026-bb24-e010b70f1f5c",
            "source": "Berth 32",
            "transportation_methods": [
                "Roadway",
                "Sea",
                "Transloading"
            ],
            "shipper": "MSC",
            "nTEU": 1,
            "origin": "BAHAMAS",
            "destination": "McIntosh Intersection",
            "name": "29-JACOB-25:69:BAHAMAS"
        }
    ]
}