{
    "commodities": [
        {
            "EAT": 8640,
            "LDT": 11520,
            "cargo_categories": [
                "Non-hazardous"
            ],
            "delay_cost": 0,
            "group_uuid": "b52ce0bf-0a57-4684-a516-a98befd76008",
            "source": "Berth 33",
            "transportation_methods": [
                "Roadway",
                "Sea",
                "Transloading"
            ],
            "shipper": "Crowley",
            "nTEU": 1,
            "origin": "COSTA RICA",
            "destination": "McIntosh Intersection",
            "name": "32-VEGA SACHSEN-0:39:COSTA RICA"
        },
        {
            "EAT": 8640,
            "LDT": 11520,
            "cargo_categories": [
                "Non-hazardous"
            ],
            "delay_cost": 0,
            "group_uuid": "b52ce0bf-0a57-4684-a516-a98befd76008",
            "source": "Berth 33",
            "transportation_methods": [
                "Roadway",
                "Sea",
                "Transloading"
            ],
            "shipper": "Crowley",
            "nTEU": 2,
            "origin": "GUATEMALA",
            "destination": "McIntosh Intersection",
            "name": "32-VEGA SACHSEN-1:61:GUATEMALA"
        },
        {
            "EAT": 8640,
            "LDT": 11520,
            "cargo_categories": [
                "Non-hazardous"
            ],
            "delay_cost": 0,
            "group_uuid": "b52ce0bf-0a57-4684-a516-a98befd76008",
            "source": "Berth 33",
            "transportation_methods": [
                "Roadway",
                "Sea",
                "Transloading"
            ],
            "shipper": "Crowley",
            "nTEU": 1,
            "origin": "HAITI",
            "destination": "McIntosh Intersection",
            "name": "32-VEGA SACHSEN-2:60:HAITI"
        },
        {
            "EAT": 8640,
            "LDT": 11520,
            "cargo_categories": [
                "Non-hazardous"
            ],
            "delay_cost": 0,
            "group_uuid": "b52ce0bf-0a57-4684-a516-a98befd76008",
            "source": "Berth 33",
            "transportation_methods": [
                "Roadway",
                "Sea",
                "Transloading"
            ],
            "shipper": "Crowley",
            "nTEU": 2,
            "origin": "HAITI",
            "destination": "McIntosh Intersection",
            "name": "32-VEGA SACHSEN-3:68:HAITI"
        },
        {
            "EAT": 8640,
            "LDT": 11520,
            "cargo_categories": [
                "Non-hazardous"
            ],
            "delay_cost": 0,
            "group_uuid": "b52ce0bf-0a57-4684-a516-a98befd76008",
            "source": "Berth 33",
            "transportation_methods": [
                "Roadway",
                "Sea",
                "Transloading"
            ],
            "shipper": "Crowley",
            "nTEU": 59,
            "origin": "HAITI",
            "destination": "McIntosh Intersection",
            "name": "32-VEGA SACHSEN-4:62:HAITI"
        },
        {
            "EAT": 8640,
            "LDT": 11520,
            "cargo_categories": [
                "Non-hazardous"
            ],
            "delay_cost": 0,
            "group_uuid": "b52ce0bf-0a57-4684-a516-a98befd76008",
            "source": "Berth 33",
            "transportation_methods": [
                "Roadway",
                "Sea",
                "Transloading"
            ],
            "shipper": "Crowley",
            "nTEU": 2,
            "origin": "COLOMBIA",
            "destination": "McIntosh Intersection",
            "name": "32-VEGA SACHSEN-5:95:COLOMBIA"
        },
        {
            "EAT": 8640,
            "LDT": 11520,
            "cargo_categories": [
                "Non-hazardous"
            ],
            "delay_cost": 0,
            "group_uuid": "b52ce0bf-0a57-4684-a516-a98befd76008",
            "source": "Berth 33",
            "transportation_methods": [
                "Roadway",
                "Sea",
                "Transloading"
            ],
            "shipper": "Crowley",
            "nTEU": 0,
            "origin": "VIRGIN ISLAND",
            "destination": "McIntosh Intersection",
            "name": "32-VEGA SACHSEN-6:86:VIRGIN ISLAND"
        },
        {
            "EAT": 8640,
            "LDT": 11520,
            "cargo_categories": [
                "Non-hazardous"
            ],
            "delay_cost": 0,
            "group_uuid": "b52ce0bf-0a57-4684-a516-a98befd76008",
            "source": "Berth 33",
            "transportation_methods": [
                "Roadway",
                "Sea",
                "Transloading"
            ],
            "shipper": "Crowley",
            "nTEU": 6,
            "origin": "HONDURAS",
            "destination": "McIntosh Intersection",
            "name": "32-VEGA SACHSEN-7::HONDURAS"
        },
        {
            "EAT": 8640,
            "LDT": 11520,
            "cargo_categories": [
                "Non-hazardous"
            ],
            "delay_cost": 0,
            "group_uuid": "b52ce0bf-0a57-4684-a516-a98befd76008",
            "source": "Berth 33",
            "transportation_methods": [
                "Roadway",
                "Sea",
                "Transloading"
            ],
            "shipper": "Crowley",
            "nTEU": 2,
            "origin": "DOMINICAN REPUBLIC",
            "destination": "McIntosh Intersection",
            "name": "32-VEGA SACHSEN-8:90:DOMINICAN REPUBLIC"
        },
        {
            "EAT": 8640,
            "LDT": 11520,
            "cargo_categories": [
                "Non-hazardous"
            ],
            "delay_cost": 0,
            "group_uuid": "b52ce0bf-0a57-4684-a516-a98befd76008",
            "source": "Berth 33",
            "transportation_methods": [
                "Roadway",
                "Sea",
                "Transloading"
            ],
            "shipper": "Crowley",
            "nTEU": 17,
            "origin": "HONDURAS",
            "destination": "McIntosh Intersection",
            "name": "32-VEGA SACHSEN-9:8:HONDURAS"
        }
    ]
}