{
    "graph.transportation": {
        "dwellTime.days": 3.8,
        "gateServiceTime.mins": 12,
        "roadCapacity.teu": 13,
        "craneRate.teu-hr": 22,
        "templateFilePath": "data/test-scenarios/onf2/networks/transportation.gnsi",
        "schemaFilePath": "/Users/polutropos/Documents/Repositories/CIRI/cptl-models/data/schema/network.schema.v2.json"
    },
    "flows": {
        "prioritization": 3,
        "ldt.days": 2,
        "scheduleTemplateFilePath": "data/test-scenarios/onf2/flows/PEV-FY2018/10/schedule.filtered.json",
        "scheduleSchemaFilePath": "/Users/polutropos/Documents/Repositories/CIRI/cptl-models/data/schema/schedule.schema.v2.json",
        "shipmentSchemaFilePath": "/Users/polutropos/Documents/Repositories/CIRI/cptl-models/data/schema/shipment.schema.v2.json",
        "simDuration.weeks": 2
    }
}