{
    "commodities": [
        {
            "EAT": 4465,
            "LDT": 5905,
            "cargo_categories": [
                "Non-hazardous"
            ],
            "delay_cost": 0,
            "group_uuid": "63f415f5-e117-4dd5-8e79-1150283bc944",
            "source": "Berth 33",
            "transportation_methods": [
                "Roadway",
                "Sea",
                "Transloading"
            ],
            "shipper": "Crowley",
            "nTEU": 0,
            "origin": "DOMINICAN REPUBLIC",
            "destination": "McIntosh Intersection",
            "name": "14-AS FIORELLA-0:84:DOMINICAN REPUBLIC"
        },
        {
            "EAT": 4465,
            "LDT": 5905,
            "cargo_categories": [
                "Non-hazardous"
            ],
            "delay_cost": 0,
            "group_uuid": "63f415f5-e117-4dd5-8e79-1150283bc944",
            "source": "Berth 33",
            "transportation_methods": [
                "Roadway",
                "Sea",
                "Transloading"
            ],
            "shipper": "Crowley",
            "nTEU": 14,
            "origin": "ITALY",
            "destination": "McIntosh Intersection",
            "name": "14-AS FIORELLA-1:87:ITALY"
        },
        {
            "EAT": 4465,
            "LDT": 5905,
            "cargo_categories": [
                "Non-hazardous"
            ],
            "delay_cost": 0,
            "group_uuid": "63f415f5-e117-4dd5-8e79-1150283bc944",
            "source": "Berth 33",
            "transportation_methods": [
                "Roadway",
                "Sea",
                "Transloading"
            ],
            "shipper": "Crowley",
            "nTEU": 1,
            "origin": "HONDURAS",
            "destination": "McIntosh Intersection",
            "name": "14-AS FIORELLA-2:39:HONDURAS"
        },
        {
            "EAT": 4465,
            "LDT": 5905,
            "cargo_categories": [
                "Non-hazardous"
            ],
            "delay_cost": 0,
            "group_uuid": "63f415f5-e117-4dd5-8e79-1150283bc944",
            "source": "Berth 33",
            "transportation_methods": [
                "Roadway",
                "Sea",
                "Transloading"
            ],
            "shipper": "Crowley",
            "nTEU": 1,
            "origin": "GUATEMALA",
            "destination": "McIntosh Intersection",
            "name": "14-AS FIORELLA-3:94:GUATEMALA"
        },
        {
            "EAT": 4465,
            "LDT": 5905,
            "cargo_categories": [
                "Non-hazardous"
            ],
            "delay_cost": 0,
            "group_uuid": "63f415f5-e117-4dd5-8e79-1150283bc944",
            "source": "Berth 33",
            "transportation_methods": [
                "Roadway",
                "Sea",
                "Transloading"
            ],
            "shipper": "Crowley",
            "nTEU": 2,
            "origin": "COSTA RICA",
            "destination": "McIntosh Intersection",
            "name": "14-AS FIORELLA-4:40:COSTA RICA"
        },
        {
            "EAT": 4465,
            "LDT": 5905,
            "cargo_categories": [
                "Non-hazardous"
            ],
            "delay_cost": 0,
            "group_uuid": "63f415f5-e117-4dd5-8e79-1150283bc944",
            "source": "Berth 33",
            "transportation_methods": [
                "Roadway",
                "Sea",
                "Transloading"
            ],
            "shipper": "Crowley",
            "nTEU": 6,
            "origin": "HONDURAS",
            "destination": "McIntosh Intersection",
            "name": "14-AS FIORELLA-5:24:HONDURAS"
        },
        {
            "EAT": 4465,
            "LDT": 5905,
            "cargo_categories": [
                "Non-hazardous"
            ],
            "delay_cost": 0,
            "group_uuid": "63f415f5-e117-4dd5-8e79-1150283bc944",
            "source": "Berth 33",
            "transportation_methods": [
                "Roadway",
                "Sea",
                "Transloading"
            ],
            "shipper": "Crowley",
            "nTEU": 4,
            "origin": "SPAIN-S",
            "destination": "McIntosh Intersection",
            "name": "14-AS FIORELLA-6:15:SPAIN-S"
        },
        {
            "EAT": 4465,
            "LDT": 5905,
            "cargo_categories": [
                "Non-hazardous"
            ],
            "delay_cost": 0,
            "group_uuid": "63f415f5-e117-4dd5-8e79-1150283bc944",
            "source": "Berth 33",
            "transportation_methods": [
                "Roadway",
                "Sea",
                "Transloading"
            ],
            "shipper": "Crowley",
            "nTEU": 1,
            "origin": "BAHAMAS",
            "destination": "McIntosh Intersection",
            "name": "14-AS FIORELLA-7::BAHAMAS"
        },
        {
            "EAT": 4465,
            "LDT": 5905,
            "cargo_categories": [
                "Non-hazardous"
            ],
            "delay_cost": 0,
            "group_uuid": "63f415f5-e117-4dd5-8e79-1150283bc944",
            "source": "Berth 33",
            "transportation_methods": [
                "Roadway",
                "Sea",
                "Transloading"
            ],
            "shipper": "Crowley",
            "nTEU": 1,
            "origin": "SPAIN-S",
            "destination": "McIntosh Intersection",
            "name": "14-AS FIORELLA-8:73:SPAIN-S"
        },
        {
            "EAT": 4465,
            "LDT": 5905,
            "cargo_categories": [
                "Non-hazardous"
            ],
            "delay_cost": 0,
            "group_uuid": "63f415f5-e117-4dd5-8e79-1150283bc944",
            "source": "Berth 33",
            "transportation_methods": [
                "Roadway",
                "Sea",
                "Transloading"
            ],
            "shipper": "Crowley",
            "nTEU": 0,
            "origin": "TURKS AND CAICOS IS",
            "destination": "McIntosh Intersection",
            "name": "14-AS FIORELLA-9:86:TURKS AND CAICOS IS"
        }
    ]
}