{
    "commodities": [
        {
            "EAT": 8640,
            "LDT": 10080,
            "cargo_categories": [
                "Non-hazardous"
            ],
            "delay_cost": 0,
            "group_uuid": "912a2610-3754-4be2-9afa-ca0b7e045638",
            "source": "Berth 33",
            "transportation_methods": [
                "Roadway",
                "Sea",
                "Transloading"
            ],
            "shipper": "FIT",
            "nTEU": 0,
            "origin": "BAHAMAS",
            "destination": "McIntosh Intersection",
            "name": "30-CAPE MAIL-0:86:BAHAMAS"
        }
    ]
}