{
    "commodities": [
        {
            "EAT": 5710,
            "LDT": 7150,
            "cargo_categories": [
                "Non-hazardous"
            ],
            "delay_cost": 0,
            "group_uuid": "6b076a4f-f355-45dc-96d7-6a7c4dbf760b",
            "source": "Berth 33",
            "transportation_methods": [
                "Roadway",
                "Sea",
                "Transloading"
            ],
            "shipper": "Crowley",
            "nTEU": 1,
            "origin": "GUATEMALA",
            "destination": "McIntosh Intersection",
            "name": "20-DENEB J-0:40:GUATEMALA"
        },
        {
            "EAT": 5710,
            "LDT": 7150,
            "cargo_categories": [
                "Non-hazardous"
            ],
            "delay_cost": 0,
            "group_uuid": "6b076a4f-f355-45dc-96d7-6a7c4dbf760b",
            "source": "Berth 33",
            "transportation_methods": [
                "Roadway",
                "Sea",
                "Transloading"
            ],
            "shipper": "Crowley",
            "nTEU": 4,
            "origin": "GERMANY",
            "destination": "McIntosh Intersection",
            "name": "20-DENEB J-1:76:GERMANY"
        },
        {
            "EAT": 5710,
            "LDT": 7150,
            "cargo_categories": [
                "Non-hazardous"
            ],
            "delay_cost": 0,
            "group_uuid": "6b076a4f-f355-45dc-96d7-6a7c4dbf760b",
            "source": "Berth 33",
            "transportation_methods": [
                "Roadway",
                "Sea",
                "Transloading"
            ],
            "shipper": "King Ocean",
            "nTEU": 8,
            "origin": "HONDURAS",
            "destination": "McIntosh Intersection",
            "name": "20-DENEB J-2::HONDURAS"
        },
        {
            "EAT": 5710,
            "LDT": 7150,
            "cargo_categories": [
                "Non-hazardous"
            ],
            "delay_cost": 0,
            "group_uuid": "6b076a4f-f355-45dc-96d7-6a7c4dbf760b",
            "source": "Berth 33",
            "transportation_methods": [
                "Roadway",
                "Sea",
                "Transloading"
            ],
            "shipper": "Crowley",
            "nTEU": 2,
            "origin": "DOMINICAN REPUBLIC",
            "destination": "McIntosh Intersection",
            "name": "20-DENEB J-3:6:DOMINICAN REPUBLIC"
        },
        {
            "EAT": 5710,
            "LDT": 7150,
            "cargo_categories": [
                "Non-hazardous"
            ],
            "delay_cost": 0,
            "group_uuid": "6b076a4f-f355-45dc-96d7-6a7c4dbf760b",
            "source": "Berth 33",
            "transportation_methods": [
                "Roadway",
                "Sea",
                "Transloading"
            ],
            "shipper": "Crowley",
            "nTEU": 7,
            "origin": "DOMINICAN REPUBLIC",
            "destination": "McIntosh Intersection",
            "name": "20-DENEB J-4:39:DOMINICAN REPUBLIC"
        },
        {
            "EAT": 5710,
            "LDT": 7150,
            "cargo_categories": [
                "Non-hazardous"
            ],
            "delay_cost": 0,
            "group_uuid": "6b076a4f-f355-45dc-96d7-6a7c4dbf760b",
            "source": "Berth 33",
            "transportation_methods": [
                "Roadway",
                "Sea",
                "Transloading"
            ],
            "shipper": "Crowley",
            "nTEU": 46,
            "origin": "HONDURAS",
            "destination": "McIntosh Intersection",
            "name": "20-DENEB J-5:61:HONDURAS"
        },
        {
            "EAT": 5710,
            "LDT": 7150,
            "cargo_categories": [
                "Non-hazardous"
            ],
            "delay_cost": 0,
            "group_uuid": "6b076a4f-f355-45dc-96d7-6a7c4dbf760b",
            "source": "Berth 33",
            "transportation_methods": [
                "Roadway",
                "Sea",
                "Transloading"
            ],
            "shipper": "Crowley",
            "nTEU": 0,
            "origin": "TURKS AND CAICOS IS",
            "destination": "McIntosh Intersection",
            "name": "20-DENEB J-6:86:TURKS AND CAICOS IS"
        },
        {
            "EAT": 5710,
            "LDT": 7150,
            "cargo_categories": [
                "Non-hazardous"
            ],
            "delay_cost": 0,
            "group_uuid": "6b076a4f-f355-45dc-96d7-6a7c4dbf760b",
            "source": "Berth 33",
            "transportation_methods": [
                "Roadway",
                "Sea",
                "Transloading"
            ],
            "shipper": "Crowley",
            "nTEU": 8,
            "origin": "PANAMA",
            "destination": "McIntosh Intersection",
            "name": "20-DENEB J-7:44:PANAMA"
        },
        {
            "EAT": 5710,
            "LDT": 7150,
            "cargo_categories": [
                "Non-hazardous"
            ],
            "delay_cost": 0,
            "group_uuid": "6b076a4f-f355-45dc-96d7-6a7c4dbf760b",
            "source": "Berth 33",
            "transportation_methods": [
                "Roadway",
                "Sea",
                "Transloading"
            ],
            "shipper": "King Ocean",
            "nTEU": 2,
            "origin": "HONDURAS",
            "destination": "McIntosh Intersection",
            "name": "20-DENEB J-8:55:HONDURAS"
        },
        {
            "EAT": 5710,
            "LDT": 7150,
            "cargo_categories": [
                "Non-hazardous"
            ],
            "delay_cost": 0,
            "group_uuid": "6b076a4f-f355-45dc-96d7-6a7c4dbf760b",
            "source": "Berth 33",
            "transportation_methods": [
                "Roadway",
                "Sea",
                "Transloading"
            ],
            "shipper": "Crowley",
            "nTEU": 1,
            "origin": "COLOMBIA",
            "destination": "McIntosh Intersection",
            "name": "20-DENEB J-9:95:COLOMBIA"
        },
        {
            "EAT": 5710,
            "LDT": 7150,
            "cargo_categories": [
                "Non-hazardous"
            ],
            "delay_cost": 0,
            "group_uuid": "6b076a4f-f355-45dc-96d7-6a7c4dbf760b",
            "source": "Berth 33",
            "transportation_methods": [
                "Roadway",
                "Sea",
                "Transloading"
            ],
            "shipper": "Crowley",
            "nTEU": 5,
            "origin": "COLOMBIA",
            "destination": "McIntosh Intersection",
            "name": "20-DENEB J-10:20:COLOMBIA"
        },
        {
            "EAT": 5710,
            "LDT": 7150,
            "cargo_categories": [
                "Non-hazardous"
            ],
            "delay_cost": 0,
            "group_uuid": "6b076a4f-f355-45dc-96d7-6a7c4dbf760b",
            "source": "Berth 33",
            "transportation_methods": [
                "Roadway",
                "Sea",
                "Transloading"
            ],
            "shipper": "Crowley",
            "nTEU": 13,
            "origin": "UNITED KINGDOM",
            "destination": "McIntosh Intersection",
            "name": "20-DENEB J-11:63:UNITED KINGDOM"
        },
        {
            "EAT": 5710,
            "LDT": 7150,
            "cargo_categories": [
                "Non-hazardous"
            ],
            "delay_cost": 0,
            "group_uuid": "6b076a4f-f355-45dc-96d7-6a7c4dbf760b",
            "source": "Berth 33",
            "transportation_methods": [
                "Roadway",
                "Sea",
                "Transloading"
            ],
            "shipper": "Crowley",
            "nTEU": 2,
            "origin": "ITALY",
            "destination": "McIntosh Intersection",
            "name": "20-DENEB J-12:87:ITALY"
        },
        {
            "EAT": 5710,
            "LDT": 7150,
            "cargo_categories": [
                "Non-hazardous"
            ],
            "delay_cost": 0,
            "group_uuid": "6b076a4f-f355-45dc-96d7-6a7c4dbf760b",
            "source": "Berth 33",
            "transportation_methods": [
                "Roadway",
                "Sea",
                "Transloading"
            ],
            "shipper": "Crowley",
            "nTEU": 7,
            "origin": "DOMINICAN REPUBLIC",
            "destination": "McIntosh Intersection",
            "name": "20-DENEB J-13:90:DOMINICAN REPUBLIC"
        },
        {
            "EAT": 5710,
            "LDT": 7150,
            "cargo_categories": [
                "Non-hazardous"
            ],
            "delay_cost": 0,
            "group_uuid": "6b076a4f-f355-45dc-96d7-6a7c4dbf760b",
            "source": "Berth 33",
            "transportation_methods": [
                "Roadway",
                "Sea",
                "Transloading"
            ],
            "shipper": "King Ocean",
            "nTEU": 1,
            "origin": "GUATEMALA",
            "destination": "McIntosh Intersection",
            "name": "20-DENEB J-14:8:GUATEMALA"
        },
        {
            "EAT": 5710,
            "LDT": 7150,
            "cargo_categories": [
                "Non-hazardous"
            ],
            "delay_cost": 0,
            "group_uuid": "6b076a4f-f355-45dc-96d7-6a7c4dbf760b",
            "source": "Berth 33",
            "transportation_methods": [
                "Roadway",
                "Sea",
                "Transloading"
            ],
            "shipper": "Crowley",
            "nTEU": 5,
            "origin": "VENEZUELA",
            "destination": "McIntosh Intersection",
            "name": "20-DENEB J-15:74:VENEZUELA"
        },
        {
            "EAT": 5710,
            "LDT": 7150,
            "cargo_categories": [
                "Non-hazardous"
            ],
            "delay_cost": 0,
            "group_uuid": "6b076a4f-f355-45dc-96d7-6a7c4dbf760b",
            "source": "Berth 33",
            "transportation_methods": [
                "Roadway",
                "Sea",
                "Transloading"
            ],
            "shipper": "Crowley",
            "nTEU": 1,
            "origin": "COLOMBIA",
            "destination": "McIntosh Intersection",
            "name": "20-DENEB J-16:73:COLOMBIA"
        },
        {
            "EAT": 5710,
            "LDT": 7150,
            "cargo_categories": [
                "Non-hazardous"
            ],
            "delay_cost": 0,
            "group_uuid": "6b076a4f-f355-45dc-96d7-6a7c4dbf760b",
            "source": "Berth 33",
            "transportation_methods": [
                "Roadway",
                "Sea",
                "Transloading"
            ],
            "shipper": "Crowley",
            "nTEU": 4,
            "origin": "SPAIN-S",
            "destination": "McIntosh Intersection",
            "name": "20-DENEB J-17:72:SPAIN-S"
        },
        {
            "EAT": 5710,
            "LDT": 7150,
            "cargo_categories": [
                "Non-hazardous"
            ],
            "delay_cost": 0,
            "group_uuid": "6b076a4f-f355-45dc-96d7-6a7c4dbf760b",
            "source": "Berth 33",
            "transportation_methods": [
                "Roadway",
                "Sea",
                "Transloading"
            ],
            "shipper": "Crowley",
            "nTEU": 165,
            "origin": "NICARAGUA",
            "destination": "McIntosh Intersection",
            "name": "20-DENEB J-18:62:NICARAGUA"
        },
        {
            "EAT": 5710,
            "LDT": 7150,
            "cargo_categories": [
                "Non-hazardous"
            ],
            "delay_cost": 0,
            "group_uuid": "6b076a4f-f355-45dc-96d7-6a7c4dbf760b",
            "source": "Berth 33",
            "transportation_methods": [
                "Roadway",
                "Sea",
                "Transloading"
            ],
            "shipper": "Crowley",
            "nTEU": 3,
            "origin": "ITALY",
            "destination": "McIntosh Intersection",
            "name": "20-DENEB J-19:84:ITALY"
        },
        {
            "EAT": 5710,
            "LDT": 7150,
            "cargo_categories": [
                "Non-hazardous"
            ],
            "delay_cost": 0,
            "group_uuid": "6b076a4f-f355-45dc-96d7-6a7c4dbf760b",
            "source": "Berth 33",
            "transportation_methods": [
                "Roadway",
                "Sea",
                "Transloading"
            ],
            "shipper": "Crowley",
            "nTEU": 1,
            "origin": "PANAMA",
            "destination": "McIntosh Intersection",
            "name": "20-DENEB J-20:17:PANAMA"
        },
        {
            "EAT": 5710,
            "LDT": 7150,
            "cargo_categories": [
                "Non-hazardous"
            ],
            "delay_cost": 0,
            "group_uuid": "6b076a4f-f355-45dc-96d7-6a7c4dbf760b",
            "source": "Berth 33",
            "transportation_methods": [
                "Roadway",
                "Sea",
                "Transloading"
            ],
            "shipper": "Crowley",
            "nTEU": 44,
            "origin": "SPAIN-S",
            "destination": "McIntosh Intersection",
            "name": "20-DENEB J-21:7:SPAIN-S"
        },
        {
            "EAT": 5710,
            "LDT": 7150,
            "cargo_categories": [
                "Non-hazardous"
            ],
            "delay_cost": 0,
            "group_uuid": "6b076a4f-f355-45dc-96d7-6a7c4dbf760b",
            "source": "Berth 33",
            "transportation_methods": [
                "Roadway",
                "Sea",
                "Transloading"
            ],
            "shipper": "King Ocean",
            "nTEU": 12,
            "origin": "BRAZIL",
            "destination": "McIntosh Intersection",
            "name": "20-DENEB J-22:19:BRAZIL"
        },
        {
            "EAT": 5710,
            "LDT": 7150,
            "cargo_categories": [
                "Non-hazardous"
            ],
            "delay_cost": 0,
            "group_uuid": "6b076a4f-f355-45dc-96d7-6a7c4dbf760b",
            "source": "Berth 33",
            "transportation_methods": [
                "Roadway",
                "Sea",
                "Transloading"
            ],
            "shipper": "Crowley",
            "nTEU": 11,
            "origin": "BRAZIL",
            "destination": "McIntosh Intersection",
            "name": "20-DENEB J-23:48:BRAZIL"
        },
        {
            "EAT": 5710,
            "LDT": 7150,
            "cargo_categories": [
                "Non-hazardous"
            ],
            "delay_cost": 0,
            "group_uuid": "6b076a4f-f355-45dc-96d7-6a7c4dbf760b",
            "source": "Berth 33",
            "transportation_methods": [
                "Roadway",
                "Sea",
                "Transloading"
            ],
            "shipper": "Crowley",
            "nTEU": 6,
            "origin": "CHILE",
            "destination": "McIntosh Intersection",
            "name": "20-DENEB J-24:3:CHILE"
        },
        {
            "EAT": 5710,
            "LDT": 7150,
            "cargo_categories": [
                "Non-hazardous"
            ],
            "delay_cost": 0,
            "group_uuid": "6b076a4f-f355-45dc-96d7-6a7c4dbf760b",
            "source": "Berth 33",
            "transportation_methods": [
                "Roadway",
                "Sea",
                "Transloading"
            ],
            "shipper": "Crowley",
            "nTEU": 1,
            "origin": "DOMINICAN REPUBLIC",
            "destination": "McIntosh Intersection",
            "name": "20-DENEB J-25:65:DOMINICAN REPUBLIC"
        },
        {
            "EAT": 5710,
            "LDT": 7150,
            "cargo_categories": [
                "Non-hazardous"
            ],
            "delay_cost": 0,
            "group_uuid": "6b076a4f-f355-45dc-96d7-6a7c4dbf760b",
            "source": "Berth 33",
            "transportation_methods": [
                "Roadway",
                "Sea",
                "Transloading"
            ],
            "shipper": "Crowley",
            "nTEU": 1,
            "origin": "BAHAMAS",
            "destination": "McIntosh Intersection",
            "name": "20-DENEB J-26:21:BAHAMAS"
        },
        {
            "EAT": 5710,
            "LDT": 7150,
            "cargo_categories": [
                "Non-hazardous"
            ],
            "delay_cost": 0,
            "group_uuid": "6b076a4f-f355-45dc-96d7-6a7c4dbf760b",
            "source": "Berth 33",
            "transportation_methods": [
                "Roadway",
                "Sea",
                "Transloading"
            ],
            "shipper": "Crowley",
            "nTEU": 10,
            "origin": "HONDURAS",
            "destination": "McIntosh Intersection",
            "name": "20-DENEB J-27:52:HONDURAS"
        },
        {
            "EAT": 5710,
            "LDT": 7150,
            "cargo_categories": [
                "Non-hazardous"
            ],
            "delay_cost": 0,
            "group_uuid": "6b076a4f-f355-45dc-96d7-6a7c4dbf760b",
            "source": "Berth 33",
            "transportation_methods": [
                "Roadway",
                "Sea",
                "Transloading"
            ],
            "shipper": "Crowley",
            "nTEU": 15,
            "origin": "DOMINICAN REPUBLIC",
            "destination": "McIntosh Intersection",
            "name": "20-DENEB J-28:94:DOMINICAN REPUBLIC"
        },
        {
            "EAT": 5710,
            "LDT": 7150,
            "cargo_categories": [
                "Non-hazardous"
            ],
            "delay_cost": 0,
            "group_uuid": "6b076a4f-f355-45dc-96d7-6a7c4dbf760b",
            "source": "Berth 33",
            "transportation_methods": [
                "Roadway",
                "Sea",
                "Transloading"
            ],
            "shipper": "Crowley",
            "nTEU": 3,
            "origin": "COLOMBIA",
            "destination": "McIntosh Intersection",
            "name": "20-DENEB J-29:22:COLOMBIA"
        },
        {
            "EAT": 5710,
            "LDT": 7150,
            "cargo_categories": [
                "Non-hazardous"
            ],
            "delay_cost": 0,
            "group_uuid": "6b076a4f-f355-45dc-96d7-6a7c4dbf760b",
            "source": "Berth 33",
            "transportation_methods": [
                "Roadway",
                "Sea",
                "Transloading"
            ],
            "shipper": "Crowley",
            "nTEU": 4,
            "origin": "ITALY",
            "destination": "McIntosh Intersection",
            "name": "20-DENEB J-30:42:ITALY"
        },
        {
            "EAT": 5710,
            "LDT": 7150,
            "cargo_categories": [
                "Non-hazardous"
            ],
            "delay_cost": 0,
            "group_uuid": "6b076a4f-f355-45dc-96d7-6a7c4dbf760b",
            "source": "Berth 33",
            "transportation_methods": [
                "Roadway",
                "Sea",
                "Transloading"
            ],
            "shipper": "Crowley",
            "nTEU": 2,
            "origin": "COLOMBIA",
            "destination": "McIntosh Intersection",
            "name": "20-DENEB J-31:2:COLOMBIA"
        },
        {
            "EAT": 5710,
            "LDT": 7150,
            "cargo_categories": [
                "Non-hazardous"
            ],
            "delay_cost": 0,
            "group_uuid": "6b076a4f-f355-45dc-96d7-6a7c4dbf760b",
            "source": "Berth 33",
            "transportation_methods": [
                "Roadway",
                "Sea",
                "Transloading"
            ],
            "shipper": "Crowley",
            "nTEU": 6,
            "origin": "UNITED KINGDOM",
            "destination": "McIntosh Intersection",
            "name": "20-DENEB J-32:85:UNITED KINGDOM"
        },
        {
            "EAT": 5710,
            "LDT": 7150,
            "cargo_categories": [
                "Non-hazardous"
            ],
            "delay_cost": 0,
            "group_uuid": "6b076a4f-f355-45dc-96d7-6a7c4dbf760b",
            "source": "Berth 33",
            "transportation_methods": [
                "Roadway",
                "Sea",
                "Transloading"
            ],
            "shipper": "Crowley",
            "nTEU": 2,
            "origin": "URUGUAY",
            "destination": "McIntosh Intersection",
            "name": "20-DENEB J-33:12:URUGUAY"
        }
    ]
}