{
    "commodities": [
        {
            "EAT": 10080,
            "LDT": 11520,
            "cargo_categories": [
                "Non-hazardous"
            ],
            "delay_cost": 0,
            "group_uuid": "fa1247d0-23e1-4ec9-b5c1-9c0ad4118f41",
            "source": "Berth 32",
            "transportation_methods": [
                "Roadway",
                "Sea",
                "Transloading"
            ],
            "shipper": "King Ocean",
            "nTEU": 1,
            "origin": "DOMINICAN REPUBLIC",
            "destination": "McIntosh Intersection",
            "name": "34-FS IPANEMA-0:28:DOMINICAN REPUBLIC"
        },
        {
            "EAT": 10080,
            "LDT": 11520,
            "cargo_categories": [
                "Non-hazardous"
            ],
            "delay_cost": 0,
            "group_uuid": "fa1247d0-23e1-4ec9-b5c1-9c0ad4118f41",
            "source": "Berth 32",
            "transportation_methods": [
                "Roadway",
                "Sea",
                "Transloading"
            ],
            "shipper": "King Ocean",
            "nTEU": 1,
            "origin": "SPAIN-S",
            "destination": "McIntosh Intersection",
            "name": "34-FS IPANEMA-1:72:SPAIN-S"
        },
        {
            "EAT": 10080,
            "LDT": 11520,
            "cargo_categories": [
                "Non-hazardous"
            ],
            "delay_cost": 0,
            "group_uuid": "fa1247d0-23e1-4ec9-b5c1-9c0ad4118f41",
            "source": "Berth 32",
            "transportation_methods": [
                "Roadway",
                "Sea",
                "Transloading"
            ],
            "shipper": "King Ocean",
            "nTEU": 2,
            "origin": "GERMANY",
            "destination": "McIntosh Intersection",
            "name": "34-FS IPANEMA-2:76:GERMANY"
        },
        {
            "EAT": 10080,
            "LDT": 11520,
            "cargo_categories": [
                "Non-hazardous"
            ],
            "delay_cost": 0,
            "group_uuid": "fa1247d0-23e1-4ec9-b5c1-9c0ad4118f41",
            "source": "Berth 32",
            "transportation_methods": [
                "Roadway",
                "Sea",
                "Transloading"
            ],
            "shipper": "Crowley",
            "nTEU": 2,
            "origin": "GERMANY",
            "destination": "McIntosh Intersection",
            "name": "34-FS IPANEMA-3:44:GERMANY"
        },
        {
            "EAT": 10080,
            "LDT": 11520,
            "cargo_categories": [
                "Non-hazardous"
            ],
            "delay_cost": 0,
            "group_uuid": "fa1247d0-23e1-4ec9-b5c1-9c0ad4118f41",
            "source": "Berth 32",
            "transportation_methods": [
                "Roadway",
                "Sea",
                "Transloading"
            ],
            "shipper": "Crowley",
            "nTEU": 0,
            "origin": "BAHAMAS",
            "destination": "McIntosh Intersection",
            "name": "34-FS IPANEMA-4:86:BAHAMAS"
        },
        {
            "EAT": 10080,
            "LDT": 11520,
            "cargo_categories": [
                "Non-hazardous"
            ],
            "delay_cost": 0,
            "group_uuid": "fa1247d0-23e1-4ec9-b5c1-9c0ad4118f41",
            "source": "Berth 32",
            "transportation_methods": [
                "Roadway",
                "Sea",
                "Transloading"
            ],
            "shipper": "King Ocean",
            "nTEU": 7,
            "origin": "HONDURAS",
            "destination": "McIntosh Intersection",
            "name": "34-FS IPANEMA-5::HONDURAS"
        },
        {
            "EAT": 10080,
            "LDT": 11520,
            "cargo_categories": [
                "Non-hazardous"
            ],
            "delay_cost": 0,
            "group_uuid": "fa1247d0-23e1-4ec9-b5c1-9c0ad4118f41",
            "source": "Berth 32",
            "transportation_methods": [
                "Roadway",
                "Sea",
                "Transloading"
            ],
            "shipper": "King Ocean",
            "nTEU": 4,
            "origin": "DOMINICAN REPUBLIC",
            "destination": "McIntosh Intersection",
            "name": "34-FS IPANEMA-6:39:DOMINICAN REPUBLIC"
        },
        {
            "EAT": 10080,
            "LDT": 11520,
            "cargo_categories": [
                "Non-hazardous"
            ],
            "delay_cost": 0,
            "group_uuid": "fa1247d0-23e1-4ec9-b5c1-9c0ad4118f41",
            "source": "Berth 32",
            "transportation_methods": [
                "Roadway",
                "Sea",
                "Transloading"
            ],
            "shipper": "King Ocean",
            "nTEU": 9,
            "origin": "SPAIN-S",
            "destination": "McIntosh Intersection",
            "name": "34-FS IPANEMA-7:73:SPAIN-S"
        },
        {
            "EAT": 10080,
            "LDT": 11520,
            "cargo_categories": [
                "Non-hazardous"
            ],
            "delay_cost": 0,
            "group_uuid": "fa1247d0-23e1-4ec9-b5c1-9c0ad4118f41",
            "source": "Berth 32",
            "transportation_methods": [
                "Roadway",
                "Sea",
                "Transloading"
            ],
            "shipper": "King Ocean",
            "nTEU": 1,
            "origin": "PORTUGAL",
            "destination": "McIntosh Intersection",
            "name": "34-FS IPANEMA-8:21:PORTUGAL"
        },
        {
            "EAT": 10080,
            "LDT": 11520,
            "cargo_categories": [
                "Non-hazardous"
            ],
            "delay_cost": 0,
            "group_uuid": "fa1247d0-23e1-4ec9-b5c1-9c0ad4118f41",
            "source": "Berth 32",
            "transportation_methods": [
                "Roadway",
                "Sea",
                "Transloading"
            ],
            "shipper": "King Ocean",
            "nTEU": 2,
            "origin": "COSTA RICA",
            "destination": "McIntosh Intersection",
            "name": "34-FS IPANEMA-9:87:COSTA RICA"
        }
    ]
}