{
    "commodities": [
        {
            "EAT": 5760,
            "LDT": 7200,
            "cargo_categories": [
                "Non-hazardous"
            ],
            "delay_cost": 0,
            "group_uuid": "3fcee1da-e206-4a51-b796-ee836cdde716",
            "source": "Berth 32",
            "transportation_methods": [
                "Roadway",
                "Sea",
                "Transloading"
            ],
            "shipper": "MSC",
            "nTEU": 1,
            "origin": "GUATEMALA",
            "destination": "McIntosh Intersection",
            "name": "22-MSC KALAMATA-0:83:GUATEMALA"
        },
        {
            "EAT": 5760,
            "LDT": 7200,
            "cargo_categories": [
                "Non-hazardous"
            ],
            "delay_cost": 0,
            "group_uuid": "3fcee1da-e206-4a51-b796-ee836cdde716",
            "source": "Berth 32",
            "transportation_methods": [
                "Roadway",
                "Sea",
                "Transloading"
            ],
            "shipper": "MSC",
            "nTEU": 1,
            "origin": "ITALY",
            "destination": "McIntosh Intersection",
            "name": "22-MSC KALAMATA-1:87:ITALY"
        },
        {
            "EAT": 5760,
            "LDT": 7200,
            "cargo_categories": [
                "Non-hazardous"
            ],
            "delay_cost": 0,
            "group_uuid": "3fcee1da-e206-4a51-b796-ee836cdde716",
            "source": "Berth 32",
            "transportation_methods": [
                "Roadway",
                "Sea",
                "Transloading"
            ],
            "shipper": "FIT",
            "nTEU": 1,
            "origin": "BAHAMAS",
            "destination": "McIntosh Intersection",
            "name": "22-MSC KALAMATA-2:73:BAHAMAS"
        },
        {
            "EAT": 5760,
            "LDT": 7200,
            "cargo_categories": [
                "Non-hazardous"
            ],
            "delay_cost": 0,
            "group_uuid": "3fcee1da-e206-4a51-b796-ee836cdde716",
            "source": "Berth 32",
            "transportation_methods": [
                "Roadway",
                "Sea",
                "Transloading"
            ],
            "shipper": "MSC",
            "nTEU": 31,
            "origin": "SPAIN-S",
            "destination": "McIntosh Intersection",
            "name": "22-MSC KALAMATA-3:84:SPAIN-S"
        },
        {
            "EAT": 5760,
            "LDT": 7200,
            "cargo_categories": [
                "Non-hazardous"
            ],
            "delay_cost": 0,
            "group_uuid": "3fcee1da-e206-4a51-b796-ee836cdde716",
            "source": "Berth 32",
            "transportation_methods": [
                "Roadway",
                "Sea",
                "Transloading"
            ],
            "shipper": "MSC",
            "nTEU": 2,
            "origin": "ITALY",
            "destination": "McIntosh Intersection",
            "name": "22-MSC KALAMATA-4:88:ITALY"
        },
        {
            "EAT": 5760,
            "LDT": 7200,
            "cargo_categories": [
                "Non-hazardous"
            ],
            "delay_cost": 0,
            "group_uuid": "3fcee1da-e206-4a51-b796-ee836cdde716",
            "source": "Berth 32",
            "transportation_methods": [
                "Roadway",
                "Sea",
                "Transloading"
            ],
            "shipper": "MSC",
            "nTEU": 1,
            "origin": "GUATEMALA",
            "destination": "McIntosh Intersection",
            "name": "22-MSC KALAMATA-5:62:GUATEMALA"
        },
        {
            "EAT": 5760,
            "LDT": 7200,
            "cargo_categories": [
                "Non-hazardous"
            ],
            "delay_cost": 0,
            "group_uuid": "3fcee1da-e206-4a51-b796-ee836cdde716",
            "source": "Berth 32",
            "transportation_methods": [
                "Roadway",
                "Sea",
                "Transloading"
            ],
            "shipper": "MSC",
            "nTEU": 1,
            "origin": "COLOMBIA",
            "destination": "McIntosh Intersection",
            "name": "22-MSC KALAMATA-6:2:COLOMBIA"
        },
        {
            "EAT": 5760,
            "LDT": 7200,
            "cargo_categories": [
                "Non-hazardous"
            ],
            "delay_cost": 0,
            "group_uuid": "3fcee1da-e206-4a51-b796-ee836cdde716",
            "source": "Berth 32",
            "transportation_methods": [
                "Roadway",
                "Sea",
                "Transloading"
            ],
            "shipper": "FIT",
            "nTEU": 3,
            "origin": "HONDURAS",
            "destination": "McIntosh Intersection",
            "name": "22-MSC KALAMATA-7:42:HONDURAS"
        },
        {
            "EAT": 5760,
            "LDT": 7200,
            "cargo_categories": [
                "Non-hazardous"
            ],
            "delay_cost": 0,
            "group_uuid": "3fcee1da-e206-4a51-b796-ee836cdde716",
            "source": "Berth 32",
            "transportation_methods": [
                "Roadway",
                "Sea",
                "Transloading"
            ],
            "shipper": "MSC",
            "nTEU": 127,
            "origin": "NETHERLANDS",
            "destination": "McIntosh Intersection",
            "name": "22-MSC KALAMATA-8:22:NETHERLANDS"
        },
        {
            "EAT": 5760,
            "LDT": 7200,
            "cargo_categories": [
                "Non-hazardous"
            ],
            "delay_cost": 0,
            "group_uuid": "3fcee1da-e206-4a51-b796-ee836cdde716",
            "source": "Berth 32",
            "transportation_methods": [
                "Roadway",
                "Sea",
                "Transloading"
            ],
            "shipper": "MSC",
            "nTEU": 1,
            "origin": "DOMINICAN REPUBLIC",
            "destination": "McIntosh Intersection",
            "name": "22-MSC KALAMATA-9:33:DOMINICAN REPUBLIC"
        },
        {
            "EAT": 5760,
            "LDT": 7200,
            "cargo_categories": [
                "Non-hazardous"
            ],
            "delay_cost": 0,
            "group_uuid": "3fcee1da-e206-4a51-b796-ee836cdde716",
            "source": "Berth 32",
            "transportation_methods": [
                "Roadway",
                "Sea",
                "Transloading"
            ],
            "shipper": "MSC",
            "nTEU": 2,
            "origin": "DOMINICAN REPUBLIC",
            "destination": "McIntosh Intersection",
            "name": "22-MSC KALAMATA-10:95:DOMINICAN REPUBLIC"
        },
        {
            "EAT": 5760,
            "LDT": 7200,
            "cargo_categories": [
                "Non-hazardous"
            ],
            "delay_cost": 0,
            "group_uuid": "3fcee1da-e206-4a51-b796-ee836cdde716",
            "source": "Berth 32",
            "transportation_methods": [
                "Roadway",
                "Sea",
                "Transloading"
            ],
            "shipper": "MSC",
            "nTEU": 11,
            "origin": "GUATEMALA",
            "destination": "McIntosh Intersection",
            "name": "22-MSC KALAMATA-11:21:GUATEMALA"
        },
        {
            "EAT": 5760,
            "LDT": 7200,
            "cargo_categories": [
                "Non-hazardous"
            ],
            "delay_cost": 0,
            "group_uuid": "3fcee1da-e206-4a51-b796-ee836cdde716",
            "source": "Berth 32",
            "transportation_methods": [
                "Roadway",
                "Sea",
                "Transloading"
            ],
            "shipper": "MSC",
            "nTEU": 1,
            "origin": "SPAIN-S",
            "destination": "McIntosh Intersection",
            "name": "22-MSC KALAMATA-12:57:SPAIN-S"
        },
        {
            "EAT": 5760,
            "LDT": 7200,
            "cargo_categories": [
                "Non-hazardous"
            ],
            "delay_cost": 0,
            "group_uuid": "3fcee1da-e206-4a51-b796-ee836cdde716",
            "source": "Berth 32",
            "transportation_methods": [
                "Roadway",
                "Sea",
                "Transloading"
            ],
            "shipper": "MSC",
            "nTEU": 1,
            "origin": "GERMANY",
            "destination": "McIntosh Intersection",
            "name": "22-MSC KALAMATA-13:4:GERMANY"
        },
        {
            "EAT": 5760,
            "LDT": 7200,
            "cargo_categories": [
                "Non-hazardous"
            ],
            "delay_cost": 0,
            "group_uuid": "3fcee1da-e206-4a51-b796-ee836cdde716",
            "source": "Berth 32",
            "transportation_methods": [
                "Roadway",
                "Sea",
                "Transloading"
            ],
            "shipper": "FIT",
            "nTEU": 58,
            "origin": "ITALY",
            "destination": "McIntosh Intersection",
            "name": "22-MSC KALAMATA-14:94:ITALY"
        },
        {
            "EAT": 5760,
            "LDT": 7200,
            "cargo_categories": [
                "Non-hazardous"
            ],
            "delay_cost": 0,
            "group_uuid": "3fcee1da-e206-4a51-b796-ee836cdde716",
            "source": "Berth 32",
            "transportation_methods": [
                "Roadway",
                "Sea",
                "Transloading"
            ],
            "shipper": "FIT",
            "nTEU": 30,
            "origin": "COLOMBIA",
            "destination": "McIntosh Intersection",
            "name": "22-MSC KALAMATA-15::COLOMBIA"
        },
        {
            "EAT": 5760,
            "LDT": 7200,
            "cargo_categories": [
                "Non-hazardous"
            ],
            "delay_cost": 0,
            "group_uuid": "3fcee1da-e206-4a51-b796-ee836cdde716",
            "source": "Berth 32",
            "transportation_methods": [
                "Roadway",
                "Sea",
                "Transloading"
            ],
            "shipper": "MSC",
            "nTEU": 1,
            "origin": "PANAMA",
            "destination": "McIntosh Intersection",
            "name": "22-MSC KALAMATA-16:29:PANAMA"
        },
        {
            "EAT": 5760,
            "LDT": 7200,
            "cargo_categories": [
                "Non-hazardous"
            ],
            "delay_cost": 0,
            "group_uuid": "3fcee1da-e206-4a51-b796-ee836cdde716",
            "source": "Berth 32",
            "transportation_methods": [
                "Roadway",
                "Sea",
                "Transloading"
            ],
            "shipper": "FIT",
            "nTEU": 2,
            "origin": "DOMINICAN REPUBLIC",
            "destination": "McIntosh Intersection",
            "name": "22-MSC KALAMATA-17:46:DOMINICAN REPUBLIC"
        },
        {
            "EAT": 5760,
            "LDT": 7200,
            "cargo_categories": [
                "Non-hazardous"
            ],
            "delay_cost": 0,
            "group_uuid": "3fcee1da-e206-4a51-b796-ee836cdde716",
            "source": "Berth 32",
            "transportation_methods": [
                "Roadway",
                "Sea",
                "Transloading"
            ],
            "shipper": "FIT",
            "nTEU": 38,
            "origin": "COLOMBIA",
            "destination": "McIntosh Intersection",
            "name": "22-MSC KALAMATA-18:25:COLOMBIA"
        },
        {
            "EAT": 5760,
            "LDT": 7200,
            "cargo_categories": [
                "Non-hazardous"
            ],
            "delay_cost": 0,
            "group_uuid": "3fcee1da-e206-4a51-b796-ee836cdde716",
            "source": "Berth 32",
            "transportation_methods": [
                "Roadway",
                "Sea",
                "Transloading"
            ],
            "shipper": "FIT",
            "nTEU": 1,
            "origin": "PANAMA",
            "destination": "McIntosh Intersection",
            "name": "22-MSC KALAMATA-19:27:PANAMA"
        },
        {
            "EAT": 5760,
            "LDT": 7200,
            "cargo_categories": [
                "Non-hazardous"
            ],
            "delay_cost": 0,
            "group_uuid": "3fcee1da-e206-4a51-b796-ee836cdde716",
            "source": "Berth 32",
            "transportation_methods": [
                "Roadway",
                "Sea",
                "Transloading"
            ],
            "shipper": "MSC",
            "nTEU": 11,
            "origin": "ITALY",
            "destination": "McIntosh Intersection",
            "name": "22-MSC KALAMATA-20:19:ITALY"
        },
        {
            "EAT": 5760,
            "LDT": 7200,
            "cargo_categories": [
                "Non-hazardous"
            ],
            "delay_cost": 0,
            "group_uuid": "3fcee1da-e206-4a51-b796-ee836cdde716",
            "source": "Berth 32",
            "transportation_methods": [
                "Roadway",
                "Sea",
                "Transloading"
            ],
            "shipper": "MSC",
            "nTEU": 19,
            "origin": "BRAZIL",
            "destination": "McIntosh Intersection",
            "name": "22-MSC KALAMATA-21:39:BRAZIL"
        },
        {
            "EAT": 5760,
            "LDT": 7200,
            "cargo_categories": [
                "Non-hazardous"
            ],
            "delay_cost": 0,
            "group_uuid": "3fcee1da-e206-4a51-b796-ee836cdde716",
            "source": "Berth 32",
            "transportation_methods": [
                "Roadway",
                "Sea",
                "Transloading"
            ],
            "shipper": "MSC",
            "nTEU": 11,
            "origin": "DOMINICAN REPUBLIC",
            "destination": "McIntosh Intersection",
            "name": "22-MSC KALAMATA-22:52:DOMINICAN REPUBLIC"
        },
        {
            "EAT": 5760,
            "LDT": 7200,
            "cargo_categories": [
                "Non-hazardous"
            ],
            "delay_cost": 0,
            "group_uuid": "3fcee1da-e206-4a51-b796-ee836cdde716",
            "source": "Berth 32",
            "transportation_methods": [
                "Roadway",
                "Sea",
                "Transloading"
            ],
            "shipper": "MSC",
            "nTEU": 1,
            "origin": "HONDURAS",
            "destination": "McIntosh Intersection",
            "name": "22-MSC KALAMATA-23:74:HONDURAS"
        },
        {
            "EAT": 5760,
            "LDT": 7200,
            "cargo_categories": [
                "Non-hazardous"
            ],
            "delay_cost": 0,
            "group_uuid": "3fcee1da-e206-4a51-b796-ee836cdde716",
            "source": "Berth 32",
            "transportation_methods": [
                "Roadway",
                "Sea",
                "Transloading"
            ],
            "shipper": "MSC",
            "nTEU": 9,
            "origin": "HONDURAS",
            "destination": "McIntosh Intersection",
            "name": "22-MSC KALAMATA-24:7:HONDURAS"
        },
        {
            "EAT": 5760,
            "LDT": 7200,
            "cargo_categories": [
                "Non-hazardous"
            ],
            "delay_cost": 0,
            "group_uuid": "3fcee1da-e206-4a51-b796-ee836cdde716",
            "source": "Berth 32",
            "transportation_methods": [
                "Roadway",
                "Sea",
                "Transloading"
            ],
            "shipper": "MSC",
            "nTEU": 3,
            "origin": "SPAIN-S",
            "destination": "McIntosh Intersection",
            "name": "22-MSC KALAMATA-25:44:SPAIN-S"
        },
        {
            "EAT": 5760,
            "LDT": 7200,
            "cargo_categories": [
                "Non-hazardous"
            ],
            "delay_cost": 0,
            "group_uuid": "3fcee1da-e206-4a51-b796-ee836cdde716",
            "source": "Berth 32",
            "transportation_methods": [
                "Roadway",
                "Sea",
                "Transloading"
            ],
            "shipper": "MSC",
            "nTEU": 1,
            "origin": "ITALY",
            "destination": "McIntosh Intersection",
            "name": "22-MSC KALAMATA-26:37:ITALY"
        },
        {
            "EAT": 5760,
            "LDT": 7200,
            "cargo_categories": [
                "Non-hazardous"
            ],
            "delay_cost": 0,
            "group_uuid": "3fcee1da-e206-4a51-b796-ee836cdde716",
            "source": "Berth 32",
            "transportation_methods": [
                "Roadway",
                "Sea",
                "Transloading"
            ],
            "shipper": "FIT",
            "nTEU": 11,
            "origin": "GERMANY",
            "destination": "McIntosh Intersection",
            "name": "22-MSC KALAMATA-27:48:GERMANY"
        },
        {
            "EAT": 5760,
            "LDT": 7200,
            "cargo_categories": [
                "Non-hazardous"
            ],
            "delay_cost": 0,
            "group_uuid": "3fcee1da-e206-4a51-b796-ee836cdde716",
            "source": "Berth 32",
            "transportation_methods": [
                "Roadway",
                "Sea",
                "Transloading"
            ],
            "shipper": "FIT",
            "nTEU": 2,
            "origin": "DOMINICAN REPUBLIC",
            "destination": "McIntosh Intersection",
            "name": "22-MSC KALAMATA-28:96:DOMINICAN REPUBLIC"
        },
        {
            "EAT": 5760,
            "LDT": 7200,
            "cargo_categories": [
                "Non-hazardous"
            ],
            "delay_cost": 0,
            "group_uuid": "3fcee1da-e206-4a51-b796-ee836cdde716",
            "source": "Berth 32",
            "transportation_methods": [
                "Roadway",
                "Sea",
                "Transloading"
            ],
            "shipper": "MSC",
            "nTEU": 16,
            "origin": "SPAIN-S",
            "destination": "McIntosh Intersection",
            "name": "22-MSC KALAMATA-29:15:SPAIN-S"
        },
        {
            "EAT": 5760,
            "LDT": 7200,
            "cargo_categories": [
                "Non-hazardous"
            ],
            "delay_cost": 0,
            "group_uuid": "3fcee1da-e206-4a51-b796-ee836cdde716",
            "source": "Berth 32",
            "transportation_methods": [
                "Roadway",
                "Sea",
                "Transloading"
            ],
            "shipper": "MSC",
            "nTEU": 1,
            "origin": "PANAMA",
            "destination": "McIntosh Intersection",
            "name": "22-MSC KALAMATA-30:30:PANAMA"
        },
        {
            "EAT": 5760,
            "LDT": 7200,
            "cargo_categories": [
                "Non-hazardous"
            ],
            "delay_cost": 0,
            "group_uuid": "3fcee1da-e206-4a51-b796-ee836cdde716",
            "source": "Berth 32",
            "transportation_methods": [
                "Roadway",
                "Sea",
                "Transloading"
            ],
            "shipper": "MSC",
            "nTEU": 1,
            "origin": "ITALY",
            "destination": "McIntosh Intersection",
            "name": "22-MSC KALAMATA-31:64:ITALY"
        },
        {
            "EAT": 5760,
            "LDT": 7200,
            "cargo_categories": [
                "Non-hazardous"
            ],
            "delay_cost": 0,
            "group_uuid": "3fcee1da-e206-4a51-b796-ee836cdde716",
            "source": "Berth 32",
            "transportation_methods": [
                "Roadway",
                "Sea",
                "Transloading"
            ],
            "shipper": "MSC",
            "nTEU": 2,
            "origin": "ITALY",
            "destination": "McIntosh Intersection",
            "name": "22-MSC KALAMATA-32:82:ITALY"
        },
        {
            "EAT": 5760,
            "LDT": 7200,
            "cargo_categories": [
                "Non-hazardous"
            ],
            "delay_cost": 0,
            "group_uuid": "3fcee1da-e206-4a51-b796-ee836cdde716",
            "source": "Berth 32",
            "transportation_methods": [
                "Roadway",
                "Sea",
                "Transloading"
            ],
            "shipper": "MSC",
            "nTEU": 2,
            "origin": "URUGUAY",
            "destination": "McIntosh Intersection",
            "name": "22-MSC KALAMATA-33:12:URUGUAY"
        },
        {
            "EAT": 5760,
            "LDT": 7200,
            "cargo_categories": [
                "Non-hazardous"
            ],
            "delay_cost": 0,
            "group_uuid": "3fcee1da-e206-4a51-b796-ee836cdde716",
            "source": "Berth 32",
            "transportation_methods": [
                "Roadway",
                "Sea",
                "Transloading"
            ],
            "shipper": "MSC",
            "nTEU": 42,
            "origin": "ECUADOR",
            "destination": "McIntosh Intersection",
            "name": "22-MSC KALAMATA-34:69:ECUADOR"
        },
        {
            "EAT": 5760,
            "LDT": 7200,
            "cargo_categories": [
                "Non-hazardous"
            ],
            "delay_cost": 0,
            "group_uuid": "3fcee1da-e206-4a51-b796-ee836cdde716",
            "source": "Berth 32",
            "transportation_methods": [
                "Roadway",
                "Sea",
                "Transloading"
            ],
            "shipper": "MSC",
            "nTEU": 1,
            "origin": "NICARAGUA",
            "destination": "McIntosh Intersection",
            "name": "22-MSC KALAMATA-35:9:NICARAGUA"
        },
        {
            "EAT": 5760,
            "LDT": 7200,
            "cargo_categories": [
                "Non-hazardous"
            ],
            "delay_cost": 0,
            "group_uuid": "3fcee1da-e206-4a51-b796-ee836cdde716",
            "source": "Berth 32",
            "transportation_methods": [
                "Roadway",
                "Sea",
                "Transloading"
            ],
            "shipper": "MSC",
            "nTEU": 3,
            "origin": "BAHAMAS",
            "destination": "McIntosh Intersection",
            "name": "22-MSC KALAMATA-36:40:BAHAMAS"
        },
        {
            "EAT": 5760,
            "LDT": 7200,
            "cargo_categories": [
                "Non-hazardous"
            ],
            "delay_cost": 0,
            "group_uuid": "3fcee1da-e206-4a51-b796-ee836cdde716",
            "source": "Berth 32",
            "transportation_methods": [
                "Roadway",
                "Sea",
                "Transloading"
            ],
            "shipper": "FIT",
            "nTEU": 9,
            "origin": "BAHAMAS",
            "destination": "McIntosh Intersection",
            "name": "22-MSC KALAMATA-37:70:BAHAMAS"
        },
        {
            "EAT": 5760,
            "LDT": 7200,
            "cargo_categories": [
                "Non-hazardous"
            ],
            "delay_cost": 0,
            "group_uuid": "3fcee1da-e206-4a51-b796-ee836cdde716",
            "source": "Berth 32",
            "transportation_methods": [
                "Roadway",
                "Sea",
                "Transloading"
            ],
            "shipper": "MSC",
            "nTEU": 3,
            "origin": "SPAIN-S",
            "destination": "McIntosh Intersection",
            "name": "22-MSC KALAMATA-38:76:SPAIN-S"
        },
        {
            "EAT": 5760,
            "LDT": 7200,
            "cargo_categories": [
                "Non-hazardous"
            ],
            "delay_cost": 0,
            "group_uuid": "3fcee1da-e206-4a51-b796-ee836cdde716",
            "source": "Berth 32",
            "transportation_methods": [
                "Roadway",
                "Sea",
                "Transloading"
            ],
            "shipper": "MSC",
            "nTEU": 6,
            "origin": "ITALY",
            "destination": "McIntosh Intersection",
            "name": "22-MSC KALAMATA-39:85:ITALY"
        },
        {
            "EAT": 5760,
            "LDT": 7200,
            "cargo_categories": [
                "Non-hazardous"
            ],
            "delay_cost": 0,
            "group_uuid": "3fcee1da-e206-4a51-b796-ee836cdde716",
            "source": "Berth 32",
            "transportation_methods": [
                "Roadway",
                "Sea",
                "Transloading"
            ],
            "shipper": "MSC",
            "nTEU": 1,
            "origin": "BAHAMAS",
            "destination": "McIntosh Intersection",
            "name": "22-MSC KALAMATA-40:16:BAHAMAS"
        },
        {
            "EAT": 5760,
            "LDT": 7200,
            "cargo_categories": [
                "Non-hazardous"
            ],
            "delay_cost": 0,
            "group_uuid": "3fcee1da-e206-4a51-b796-ee836cdde716",
            "source": "Berth 32",
            "transportation_methods": [
                "Roadway",
                "Sea",
                "Transloading"
            ],
            "shipper": "FIT",
            "nTEU": 18,
            "origin": "SPAIN-S",
            "destination": "McIntosh Intersection",
            "name": "22-MSC KALAMATA-41:72:SPAIN-S"
        },
        {
            "EAT": 5760,
            "LDT": 7200,
            "cargo_categories": [
                "Non-hazardous"
            ],
            "delay_cost": 0,
            "group_uuid": "3fcee1da-e206-4a51-b796-ee836cdde716",
            "source": "Berth 32",
            "transportation_methods": [
                "Roadway",
                "Sea",
                "Transloading"
            ],
            "shipper": "FIT",
            "nTEU": 1,
            "origin": "BERMUDA",
            "destination": "McIntosh Intersection",
            "name": "22-MSC KALAMATA-42:79:BERMUDA"
        },
        {
            "EAT": 5760,
            "LDT": 7200,
            "cargo_categories": [
                "Non-hazardous"
            ],
            "delay_cost": 0,
            "group_uuid": "3fcee1da-e206-4a51-b796-ee836cdde716",
            "source": "Berth 32",
            "transportation_methods": [
                "Roadway",
                "Sea",
                "Transloading"
            ],
            "shipper": "MSC",
            "nTEU": 1,
            "origin": "HONDURAS",
            "destination": "McIntosh Intersection",
            "name": "22-MSC KALAMATA-43:61:HONDURAS"
        },
        {
            "EAT": 5760,
            "LDT": 7200,
            "cargo_categories": [
                "Non-hazardous"
            ],
            "delay_cost": 0,
            "group_uuid": "3fcee1da-e206-4a51-b796-ee836cdde716",
            "source": "Berth 32",
            "transportation_methods": [
                "Roadway",
                "Sea",
                "Transloading"
            ],
            "shipper": "FIT",
            "nTEU": 1,
            "origin": "BAHAMAS",
            "destination": "McIntosh Intersection",
            "name": "22-MSC KALAMATA-44:71:BAHAMAS"
        },
        {
            "EAT": 5760,
            "LDT": 7200,
            "cargo_categories": [
                "Non-hazardous"
            ],
            "delay_cost": 0,
            "group_uuid": "3fcee1da-e206-4a51-b796-ee836cdde716",
            "source": "Berth 32",
            "transportation_methods": [
                "Roadway",
                "Sea",
                "Transloading"
            ],
            "shipper": "FIT",
            "nTEU": 7,
            "origin": "LEEWARD AND WINDWARD",
            "destination": "McIntosh Intersection",
            "name": "22-MSC KALAMATA-45:24:LEEWARD AND WINDWARD"
        },
        {
            "EAT": 5760,
            "LDT": 7200,
            "cargo_categories": [
                "Non-hazardous"
            ],
            "delay_cost": 0,
            "group_uuid": "3fcee1da-e206-4a51-b796-ee836cdde716",
            "source": "Berth 32",
            "transportation_methods": [
                "Roadway",
                "Sea",
                "Transloading"
            ],
            "shipper": "MSC",
            "nTEU": 9,
            "origin": "BAHAMAS",
            "destination": "McIntosh Intersection",
            "name": "22-MSC KALAMATA-46:68:BAHAMAS"
        },
        {
            "EAT": 5760,
            "LDT": 7200,
            "cargo_categories": [
                "Non-hazardous"
            ],
            "delay_cost": 0,
            "group_uuid": "3fcee1da-e206-4a51-b796-ee836cdde716",
            "source": "Berth 32",
            "transportation_methods": [
                "Roadway",
                "Sea",
                "Transloading"
            ],
            "shipper": "MSC",
            "nTEU": 6,
            "origin": "ITALY",
            "destination": "McIntosh Intersection",
            "name": "22-MSC KALAMATA-47:11:ITALY"
        },
        {
            "EAT": 5760,
            "LDT": 7200,
            "cargo_categories": [
                "Non-hazardous"
            ],
            "delay_cost": 0,
            "group_uuid": "3fcee1da-e206-4a51-b796-ee836cdde716",
            "source": "Berth 32",
            "transportation_methods": [
                "Roadway",
                "Sea",
                "Transloading"
            ],
            "shipper": "FIT",
            "nTEU": 19,
            "origin": "DOMINICAN REPUBLIC",
            "destination": "McIntosh Intersection",
            "name": "22-MSC KALAMATA-48:20:DOMINICAN REPUBLIC"
        },
        {
            "EAT": 5760,
            "LDT": 7200,
            "cargo_categories": [
                "Non-hazardous"
            ],
            "delay_cost": 0,
            "group_uuid": "3fcee1da-e206-4a51-b796-ee836cdde716",
            "source": "Berth 32",
            "transportation_methods": [
                "Roadway",
                "Sea",
                "Transloading"
            ],
            "shipper": "FIT",
            "nTEU": 2,
            "origin": "PANAMA",
            "destination": "McIntosh Intersection",
            "name": "22-MSC KALAMATA-49:17:PANAMA"
        },
        {
            "EAT": 5760,
            "LDT": 7200,
            "cargo_categories": [
                "Non-hazardous"
            ],
            "delay_cost": 0,
            "group_uuid": "3fcee1da-e206-4a51-b796-ee836cdde716",
            "source": "Berth 32",
            "transportation_methods": [
                "Roadway",
                "Sea",
                "Transloading"
            ],
            "shipper": "MSC",
            "nTEU": 1,
            "origin": "ITALY",
            "destination": "McIntosh Intersection",
            "name": "22-MSC KALAMATA-50:66:ITALY"
        },
        {
            "EAT": 5760,
            "LDT": 7200,
            "cargo_categories": [
                "Non-hazardous"
            ],
            "delay_cost": 0,
            "group_uuid": "3fcee1da-e206-4a51-b796-ee836cdde716",
            "source": "Berth 32",
            "transportation_methods": [
                "Roadway",
                "Sea",
                "Transloading"
            ],
            "shipper": "FIT",
            "nTEU": 1,
            "origin": "PORTUGAL",
            "destination": "McIntosh Intersection",
            "name": "22-MSC KALAMATA-51:45:PORTUGAL"
        },
        {
            "EAT": 5760,
            "LDT": 7200,
            "cargo_categories": [
                "Non-hazardous"
            ],
            "delay_cost": 0,
            "group_uuid": "3fcee1da-e206-4a51-b796-ee836cdde716",
            "source": "Berth 32",
            "transportation_methods": [
                "Roadway",
                "Sea",
                "Transloading"
            ],
            "shipper": "FIT",
            "nTEU": 2,
            "origin": "COSTA RICA",
            "destination": "McIntosh Intersection",
            "name": "22-MSC KALAMATA-52:8:COSTA RICA"
        },
        {
            "EAT": 5760,
            "LDT": 7200,
            "cargo_categories": [
                "Non-hazardous"
            ],
            "delay_cost": 0,
            "group_uuid": "3fcee1da-e206-4a51-b796-ee836cdde716",
            "source": "Berth 32",
            "transportation_methods": [
                "Roadway",
                "Sea",
                "Transloading"
            ],
            "shipper": "FIT",
            "nTEU": 7,
            "origin": "GUATEMALA",
            "destination": "McIntosh Intersection",
            "name": "22-MSC KALAMATA-53:63:GUATEMALA"
        },
        {
            "EAT": 5760,
            "LDT": 7200,
            "cargo_categories": [
                "Non-hazardous"
            ],
            "delay_cost": 0,
            "group_uuid": "3fcee1da-e206-4a51-b796-ee836cdde716",
            "source": "Berth 32",
            "transportation_methods": [
                "Roadway",
                "Sea",
                "Transloading"
            ],
            "shipper": "FIT",
            "nTEU": 1,
            "origin": "VIRGIN ISLAND",
            "destination": "McIntosh Intersection",
            "name": "22-MSC KALAMATA-54:49:VIRGIN ISLAND"
        },
        {
            "EAT": 5760,
            "LDT": 7200,
            "cargo_categories": [
                "Non-hazardous"
            ],
            "delay_cost": 0,
            "group_uuid": "3fcee1da-e206-4a51-b796-ee836cdde716",
            "source": "Berth 32",
            "transportation_methods": [
                "Roadway",
                "Sea",
                "Transloading"
            ],
            "shipper": "FIT",
            "nTEU": 10,
            "origin": "COLOMBIA",
            "destination": "McIntosh Intersection",
            "name": "22-MSC KALAMATA-55:3:COLOMBIA"
        },
        {
            "EAT": 5760,
            "LDT": 7200,
            "cargo_categories": [
                "Non-hazardous"
            ],
            "delay_cost": 0,
            "group_uuid": "3fcee1da-e206-4a51-b796-ee836cdde716",
            "source": "Berth 32",
            "transportation_methods": [
                "Roadway",
                "Sea",
                "Transloading"
            ],
            "shipper": "MSC",
            "nTEU": 2,
            "origin": "DOMINICAN REPUBLIC",
            "destination": "McIntosh Intersection",
            "name": "22-MSC KALAMATA-56:34:DOMINICAN REPUBLIC"
        },
        {
            "EAT": 5760,
            "LDT": 7200,
            "cargo_categories": [
                "Non-hazardous"
            ],
            "delay_cost": 0,
            "group_uuid": "3fcee1da-e206-4a51-b796-ee836cdde716",
            "source": "Berth 32",
            "transportation_methods": [
                "Roadway",
                "Sea",
                "Transloading"
            ],
            "shipper": "MSC",
            "nTEU": 23,
            "origin": "UNITED KINGDOM",
            "destination": "McIntosh Intersection",
            "name": "22-MSC KALAMATA-57:89:UNITED KINGDOM"
        }
    ]
}