{
    "commodities": [
        {
            "EAT": 2880,
            "LDT": 4320,
            "cargo_categories": [
                "Non-hazardous"
            ],
            "delay_cost": 0,
            "group_uuid": "8c43e127-98a2-44bc-b32c-b536ddbe9229",
            "source": "Berth 30",
            "transportation_methods": [
                "Roadway",
                "Sea",
                "Transloading"
            ],
            "shipper": "FIT",
            "nTEU": 10,
            "origin": "BELGIUM",
            "destination": "McIntosh Intersection",
            "name": "13-WASHINGTON EXPRESS-0:18:BELGIUM"
        },
        {
            "EAT": 2880,
            "LDT": 4320,
            "cargo_categories": [
                "Non-hazardous"
            ],
            "delay_cost": 0,
            "group_uuid": "8c43e127-98a2-44bc-b32c-b536ddbe9229",
            "source": "Berth 30",
            "transportation_methods": [
                "Roadway",
                "Sea",
                "Transloading"
            ],
            "shipper": "FIT",
            "nTEU": 1,
            "origin": "ITALY",
            "destination": "McIntosh Intersection",
            "name": "13-WASHINGTON EXPRESS-1:27:ITALY"
        },
        {
            "EAT": 2880,
            "LDT": 4320,
            "cargo_categories": [
                "Non-hazardous"
            ],
            "delay_cost": 0,
            "group_uuid": "8c43e127-98a2-44bc-b32c-b536ddbe9229",
            "source": "Berth 30",
            "transportation_methods": [
                "Roadway",
                "Sea",
                "Transloading"
            ],
            "shipper": "FIT",
            "nTEU": 4,
            "origin": "BELGIUM",
            "destination": "McIntosh Intersection",
            "name": "13-WASHINGTON EXPRESS-2:28:BELGIUM"
        },
        {
            "EAT": 2880,
            "LDT": 4320,
            "cargo_categories": [
                "Non-hazardous"
            ],
            "delay_cost": 0,
            "group_uuid": "8c43e127-98a2-44bc-b32c-b536ddbe9229",
            "source": "Berth 30",
            "transportation_methods": [
                "Roadway",
                "Sea",
                "Transloading"
            ],
            "shipper": "FIT",
            "nTEU": 10,
            "origin": "COLOMBIA",
            "destination": "McIntosh Intersection",
            "name": "13-WASHINGTON EXPRESS-3:84:COLOMBIA"
        },
        {
            "EAT": 2880,
            "LDT": 4320,
            "cargo_categories": [
                "Non-hazardous"
            ],
            "delay_cost": 0,
            "group_uuid": "8c43e127-98a2-44bc-b32c-b536ddbe9229",
            "source": "Berth 30",
            "transportation_methods": [
                "Roadway",
                "Sea",
                "Transloading"
            ],
            "shipper": "FIT",
            "nTEU": 4,
            "origin": "DOMINICAN REPUBLIC",
            "destination": "McIntosh Intersection",
            "name": "13-WASHINGTON EXPRESS-4:85:DOMINICAN REPUBLIC"
        },
        {
            "EAT": 2880,
            "LDT": 4320,
            "cargo_categories": [
                "Non-hazardous"
            ],
            "delay_cost": 0,
            "group_uuid": "8c43e127-98a2-44bc-b32c-b536ddbe9229",
            "source": "Berth 30",
            "transportation_methods": [
                "Roadway",
                "Sea",
                "Transloading"
            ],
            "shipper": "FIT",
            "nTEU": 1,
            "origin": "GERMANY",
            "destination": "McIntosh Intersection",
            "name": "13-WASHINGTON EXPRESS-5:12:GERMANY"
        },
        {
            "EAT": 2880,
            "LDT": 4320,
            "cargo_categories": [
                "Non-hazardous"
            ],
            "delay_cost": 0,
            "group_uuid": "8c43e127-98a2-44bc-b32c-b536ddbe9229",
            "source": "Berth 30",
            "transportation_methods": [
                "Roadway",
                "Sea",
                "Transloading"
            ],
            "shipper": "FIT",
            "nTEU": 6,
            "origin": "UNITED KINGDOM",
            "destination": "McIntosh Intersection",
            "name": "13-WASHINGTON EXPRESS-6:94:UNITED KINGDOM"
        },
        {
            "EAT": 2880,
            "LDT": 4320,
            "cargo_categories": [
                "Non-hazardous"
            ],
            "delay_cost": 0,
            "group_uuid": "8c43e127-98a2-44bc-b32c-b536ddbe9229",
            "source": "Berth 30",
            "transportation_methods": [
                "Roadway",
                "Sea",
                "Transloading"
            ],
            "shipper": "FIT",
            "nTEU": 4,
            "origin": "COSTA RICA",
            "destination": "McIntosh Intersection",
            "name": "13-WASHINGTON EXPRESS-7::COSTA RICA"
        },
        {
            "EAT": 2880,
            "LDT": 4320,
            "cargo_categories": [
                "Non-hazardous"
            ],
            "delay_cost": 0,
            "group_uuid": "8c43e127-98a2-44bc-b32c-b536ddbe9229",
            "source": "Berth 30",
            "transportation_methods": [
                "Roadway",
                "Sea",
                "Transloading"
            ],
            "shipper": "FIT",
            "nTEU": 2,
            "origin": "CHILE",
            "destination": "McIntosh Intersection",
            "name": "13-WASHINGTON EXPRESS-8:40:CHILE"
        },
        {
            "EAT": 2880,
            "LDT": 4320,
            "cargo_categories": [
                "Non-hazardous"
            ],
            "delay_cost": 0,
            "group_uuid": "8c43e127-98a2-44bc-b32c-b536ddbe9229",
            "source": "Berth 30",
            "transportation_methods": [
                "Roadway",
                "Sea",
                "Transloading"
            ],
            "shipper": "FIT",
            "nTEU": 26,
            "origin": "COLOMBIA",
            "destination": "McIntosh Intersection",
            "name": "13-WASHINGTON EXPRESS-9:76:COLOMBIA"
        },
        {
            "EAT": 2880,
            "LDT": 4320,
            "cargo_categories": [
                "Non-hazardous"
            ],
            "delay_cost": 0,
            "group_uuid": "8c43e127-98a2-44bc-b32c-b536ddbe9229",
            "source": "Berth 30",
            "transportation_methods": [
                "Roadway",
                "Sea",
                "Transloading"
            ],
            "shipper": "FIT",
            "nTEU": 9,
            "origin": "ITALY",
            "destination": "McIntosh Intersection",
            "name": "13-WASHINGTON EXPRESS-10:89:ITALY"
        },
        {
            "EAT": 2880,
            "LDT": 4320,
            "cargo_categories": [
                "Non-hazardous"
            ],
            "delay_cost": 0,
            "group_uuid": "8c43e127-98a2-44bc-b32c-b536ddbe9229",
            "source": "Berth 30",
            "transportation_methods": [
                "Roadway",
                "Sea",
                "Transloading"
            ],
            "shipper": "FIT",
            "nTEU": 1,
            "origin": "COLOMBIA",
            "destination": "McIntosh Intersection",
            "name": "13-WASHINGTON EXPRESS-11:34:COLOMBIA"
        },
        {
            "EAT": 2880,
            "LDT": 4320,
            "cargo_categories": [
                "Non-hazardous"
            ],
            "delay_cost": 0,
            "group_uuid": "8c43e127-98a2-44bc-b32c-b536ddbe9229",
            "source": "Berth 30",
            "transportation_methods": [
                "Roadway",
                "Sea",
                "Transloading"
            ],
            "shipper": "FIT",
            "nTEU": 2,
            "origin": "BRAZIL",
            "destination": "McIntosh Intersection",
            "name": "13-WASHINGTON EXPRESS-12:19:BRAZIL"
        },
        {
            "EAT": 2880,
            "LDT": 4320,
            "cargo_categories": [
                "Non-hazardous"
            ],
            "delay_cost": 0,
            "group_uuid": "8c43e127-98a2-44bc-b32c-b536ddbe9229",
            "source": "Berth 30",
            "transportation_methods": [
                "Roadway",
                "Sea",
                "Transloading"
            ],
            "shipper": "FIT",
            "nTEU": 72,
            "origin": "ITALY",
            "destination": "McIntosh Intersection",
            "name": "13-WASHINGTON EXPRESS-13:22:ITALY"
        },
        {
            "EAT": 2880,
            "LDT": 4320,
            "cargo_categories": [
                "Non-hazardous"
            ],
            "delay_cost": 0,
            "group_uuid": "8c43e127-98a2-44bc-b32c-b536ddbe9229",
            "source": "Berth 30",
            "transportation_methods": [
                "Roadway",
                "Sea",
                "Transloading"
            ],
            "shipper": "FIT",
            "nTEU": 6,
            "origin": "HONDURAS",
            "destination": "McIntosh Intersection",
            "name": "13-WASHINGTON EXPRESS-14:42:HONDURAS"
        },
        {
            "EAT": 2880,
            "LDT": 4320,
            "cargo_categories": [
                "Non-hazardous"
            ],
            "delay_cost": 0,
            "group_uuid": "8c43e127-98a2-44bc-b32c-b536ddbe9229",
            "source": "Berth 30",
            "transportation_methods": [
                "Roadway",
                "Sea",
                "Transloading"
            ],
            "shipper": "FIT",
            "nTEU": 2,
            "origin": "GUATEMALA",
            "destination": "McIntosh Intersection",
            "name": "13-WASHINGTON EXPRESS-15:52:GUATEMALA"
        },
        {
            "EAT": 2880,
            "LDT": 4320,
            "cargo_categories": [
                "Non-hazardous"
            ],
            "delay_cost": 0,
            "group_uuid": "8c43e127-98a2-44bc-b32c-b536ddbe9229",
            "source": "Berth 30",
            "transportation_methods": [
                "Roadway",
                "Sea",
                "Transloading"
            ],
            "shipper": "FIT",
            "nTEU": 2,
            "origin": "BELGIUM",
            "destination": "McIntosh Intersection",
            "name": "13-WASHINGTON EXPRESS-16:69:BELGIUM"
        },
        {
            "EAT": 2880,
            "LDT": 4320,
            "cargo_categories": [
                "Non-hazardous"
            ],
            "delay_cost": 0,
            "group_uuid": "8c43e127-98a2-44bc-b32c-b536ddbe9229",
            "source": "Berth 30",
            "transportation_methods": [
                "Roadway",
                "Sea",
                "Transloading"
            ],
            "shipper": "FIT",
            "nTEU": 7,
            "origin": "HONDURAS",
            "destination": "McIntosh Intersection",
            "name": "13-WASHINGTON EXPRESS-17:39:HONDURAS"
        },
        {
            "EAT": 2880,
            "LDT": 4320,
            "cargo_categories": [
                "Non-hazardous"
            ],
            "delay_cost": 0,
            "group_uuid": "8c43e127-98a2-44bc-b32c-b536ddbe9229",
            "source": "Berth 30",
            "transportation_methods": [
                "Roadway",
                "Sea",
                "Transloading"
            ],
            "shipper": "FIT",
            "nTEU": 1,
            "origin": "PORTUGAL",
            "destination": "McIntosh Intersection",
            "name": "13-WASHINGTON EXPRESS-18:95:PORTUGAL"
        },
        {
            "EAT": 2880,
            "LDT": 4320,
            "cargo_categories": [
                "Non-hazardous"
            ],
            "delay_cost": 0,
            "group_uuid": "8c43e127-98a2-44bc-b32c-b536ddbe9229",
            "source": "Berth 30",
            "transportation_methods": [
                "Roadway",
                "Sea",
                "Transloading"
            ],
            "shipper": "FIT",
            "nTEU": 1,
            "origin": "BAHAMAS",
            "destination": "McIntosh Intersection",
            "name": "13-WASHINGTON EXPRESS-19:82:BAHAMAS"
        },
        {
            "EAT": 2880,
            "LDT": 4320,
            "cargo_categories": [
                "Non-hazardous"
            ],
            "delay_cost": 0,
            "group_uuid": "8c43e127-98a2-44bc-b32c-b536ddbe9229",
            "source": "Berth 30",
            "transportation_methods": [
                "Roadway",
                "Sea",
                "Transloading"
            ],
            "shipper": "FIT",
            "nTEU": 1,
            "origin": "DOMINICAN REPUBLIC",
            "destination": "McIntosh Intersection",
            "name": "13-WASHINGTON EXPRESS-20:83:DOMINICAN REPUBLIC"
        },
        {
            "EAT": 2880,
            "LDT": 4320,
            "cargo_categories": [
                "Non-hazardous"
            ],
            "delay_cost": 0,
            "group_uuid": "8c43e127-98a2-44bc-b32c-b536ddbe9229",
            "source": "Berth 30",
            "transportation_methods": [
                "Roadway",
                "Sea",
                "Transloading"
            ],
            "shipper": "FIT",
            "nTEU": 1,
            "origin": "VENEZUELA",
            "destination": "McIntosh Intersection",
            "name": "13-WASHINGTON EXPRESS-21:73:VENEZUELA"
        },
        {
            "EAT": 2880,
            "LDT": 4320,
            "cargo_categories": [
                "Non-hazardous"
            ],
            "delay_cost": 0,
            "group_uuid": "8c43e127-98a2-44bc-b32c-b536ddbe9229",
            "source": "Berth 30",
            "transportation_methods": [
                "Roadway",
                "Sea",
                "Transloading"
            ],
            "shipper": "FIT",
            "nTEU": 2,
            "origin": "TURKEY",
            "destination": "McIntosh Intersection",
            "name": "13-WASHINGTON EXPRESS-22:25:TURKEY"
        },
        {
            "EAT": 2880,
            "LDT": 4320,
            "cargo_categories": [
                "Non-hazardous"
            ],
            "delay_cost": 0,
            "group_uuid": "8c43e127-98a2-44bc-b32c-b536ddbe9229",
            "source": "Berth 30",
            "transportation_methods": [
                "Roadway",
                "Sea",
                "Transloading"
            ],
            "shipper": "FIT",
            "nTEU": 2,
            "origin": "GERMANY",
            "destination": "McIntosh Intersection",
            "name": "13-WASHINGTON EXPRESS-23:48:GERMANY"
        },
        {
            "EAT": 2880,
            "LDT": 4320,
            "cargo_categories": [
                "Non-hazardous"
            ],
            "delay_cost": 0,
            "group_uuid": "8c43e127-98a2-44bc-b32c-b536ddbe9229",
            "source": "Berth 30",
            "transportation_methods": [
                "Roadway",
                "Sea",
                "Transloading"
            ],
            "shipper": "FIT",
            "nTEU": 5,
            "origin": "GUATEMALA",
            "destination": "McIntosh Intersection",
            "name": "13-WASHINGTON EXPRESS-24:63:GUATEMALA"
        },
        {
            "EAT": 2880,
            "LDT": 4320,
            "cargo_categories": [
                "Non-hazardous"
            ],
            "delay_cost": 0,
            "group_uuid": "8c43e127-98a2-44bc-b32c-b536ddbe9229",
            "source": "Berth 30",
            "transportation_methods": [
                "Roadway",
                "Sea",
                "Transloading"
            ],
            "shipper": "FIT",
            "nTEU": 3,
            "origin": "BRAZIL",
            "destination": "McIntosh Intersection",
            "name": "13-WASHINGTON EXPRESS-25:17:BRAZIL"
        },
        {
            "EAT": 2880,
            "LDT": 4320,
            "cargo_categories": [
                "Non-hazardous"
            ],
            "delay_cost": 0,
            "group_uuid": "8c43e127-98a2-44bc-b32c-b536ddbe9229",
            "source": "Berth 30",
            "transportation_methods": [
                "Roadway",
                "Sea",
                "Transloading"
            ],
            "shipper": "FIT",
            "nTEU": 2,
            "origin": "ITALY",
            "destination": "McIntosh Intersection",
            "name": "13-WASHINGTON EXPRESS-26:32:ITALY"
        },
        {
            "EAT": 2880,
            "LDT": 4320,
            "cargo_categories": [
                "Non-hazardous"
            ],
            "delay_cost": 0,
            "group_uuid": "8c43e127-98a2-44bc-b32c-b536ddbe9229",
            "source": "Berth 30",
            "transportation_methods": [
                "Roadway",
                "Sea",
                "Transloading"
            ],
            "shipper": "FIT",
            "nTEU": 1,
            "origin": "BARBADOS",
            "destination": "McIntosh Intersection",
            "name": "13-WASHINGTON EXPRESS-27:38:BARBADOS"
        },
        {
            "EAT": 2880,
            "LDT": 4320,
            "cargo_categories": [
                "Non-hazardous"
            ],
            "delay_cost": 0,
            "group_uuid": "8c43e127-98a2-44bc-b32c-b536ddbe9229",
            "source": "Berth 30",
            "transportation_methods": [
                "Roadway",
                "Sea",
                "Transloading"
            ],
            "shipper": "FIT",
            "nTEU": 1,
            "origin": "MEXICO",
            "destination": "McIntosh Intersection",
            "name": "13-WASHINGTON EXPRESS-28:49:MEXICO"
        },
        {
            "EAT": 2880,
            "LDT": 4320,
            "cargo_categories": [
                "Non-hazardous"
            ],
            "delay_cost": 0,
            "group_uuid": "8c43e127-98a2-44bc-b32c-b536ddbe9229",
            "source": "Berth 30",
            "transportation_methods": [
                "Roadway",
                "Sea",
                "Transloading"
            ],
            "shipper": "FIT",
            "nTEU": 11,
            "origin": "COLOMBIA",
            "destination": "McIntosh Intersection",
            "name": "13-WASHINGTON EXPRESS-29:21:COLOMBIA"
        },
        {
            "EAT": 2880,
            "LDT": 4320,
            "cargo_categories": [
                "Non-hazardous"
            ],
            "delay_cost": 0,
            "group_uuid": "8c43e127-98a2-44bc-b32c-b536ddbe9229",
            "source": "Berth 30",
            "transportation_methods": [
                "Roadway",
                "Sea",
                "Transloading"
            ],
            "shipper": "FIT",
            "nTEU": 1,
            "origin": "COLOMBIA",
            "destination": "McIntosh Intersection",
            "name": "13-WASHINGTON EXPRESS-30:70:COLOMBIA"
        },
        {
            "EAT": 2880,
            "LDT": 4320,
            "cargo_categories": [
                "Non-hazardous"
            ],
            "delay_cost": 0,
            "group_uuid": "8c43e127-98a2-44bc-b32c-b536ddbe9229",
            "source": "Berth 30",
            "transportation_methods": [
                "Roadway",
                "Sea",
                "Transloading"
            ],
            "shipper": "FIT",
            "nTEU": 3,
            "origin": "BAHAMAS",
            "destination": "McIntosh Intersection",
            "name": "13-WASHINGTON EXPRESS-31:87:BAHAMAS"
        },
        {
            "EAT": 2880,
            "LDT": 4320,
            "cargo_categories": [
                "Non-hazardous"
            ],
            "delay_cost": 0,
            "group_uuid": "8c43e127-98a2-44bc-b32c-b536ddbe9229",
            "source": "Berth 30",
            "transportation_methods": [
                "Roadway",
                "Sea",
                "Transloading"
            ],
            "shipper": "FIT",
            "nTEU": 4,
            "origin": "HAITI",
            "destination": "McIntosh Intersection",
            "name": "13-WASHINGTON EXPRESS-32:62:HAITI"
        },
        {
            "EAT": 2880,
            "LDT": 4320,
            "cargo_categories": [
                "Non-hazardous"
            ],
            "delay_cost": 0,
            "group_uuid": "8c43e127-98a2-44bc-b32c-b536ddbe9229",
            "source": "Berth 30",
            "transportation_methods": [
                "Roadway",
                "Sea",
                "Transloading"
            ],
            "shipper": "FIT",
            "nTEU": 18,
            "origin": "BRAZIL",
            "destination": "McIntosh Intersection",
            "name": "13-WASHINGTON EXPRESS-33:44:BRAZIL"
        },
        {
            "EAT": 2880,
            "LDT": 4320,
            "cargo_categories": [
                "Non-hazardous"
            ],
            "delay_cost": 0,
            "group_uuid": "8c43e127-98a2-44bc-b32c-b536ddbe9229",
            "source": "Berth 30",
            "transportation_methods": [
                "Roadway",
                "Sea",
                "Transloading"
            ],
            "shipper": "FIT",
            "nTEU": 6,
            "origin": "DOMINICAN REPUBLIC",
            "destination": "McIntosh Intersection",
            "name": "13-WASHINGTON EXPRESS-34:33:DOMINICAN REPUBLIC"
        },
        {
            "EAT": 2880,
            "LDT": 4320,
            "cargo_categories": [
                "Non-hazardous"
            ],
            "delay_cost": 0,
            "group_uuid": "8c43e127-98a2-44bc-b32c-b536ddbe9229",
            "source": "Berth 30",
            "transportation_methods": [
                "Roadway",
                "Sea",
                "Transloading"
            ],
            "shipper": "FIT",
            "nTEU": 2,
            "origin": "UNITED KINGDOM",
            "destination": "McIntosh Intersection",
            "name": "13-WASHINGTON EXPRESS-35:57:UNITED KINGDOM"
        },
        {
            "EAT": 2880,
            "LDT": 4320,
            "cargo_categories": [
                "Non-hazardous"
            ],
            "delay_cost": 0,
            "group_uuid": "8c43e127-98a2-44bc-b32c-b536ddbe9229",
            "source": "Berth 30",
            "transportation_methods": [
                "Roadway",
                "Sea",
                "Transloading"
            ],
            "shipper": "FIT",
            "nTEU": 1,
            "origin": "BELGIUM",
            "destination": "McIntosh Intersection",
            "name": "13-WASHINGTON EXPRESS-36:29:BELGIUM"
        },
        {
            "EAT": 2880,
            "LDT": 4320,
            "cargo_categories": [
                "Non-hazardous"
            ],
            "delay_cost": 0,
            "group_uuid": "8c43e127-98a2-44bc-b32c-b536ddbe9229",
            "source": "Berth 30",
            "transportation_methods": [
                "Roadway",
                "Sea",
                "Transloading"
            ],
            "shipper": "FIT",
            "nTEU": 1,
            "origin": "BRAZIL",
            "destination": "McIntosh Intersection",
            "name": "13-WASHINGTON EXPRESS-37:88:BRAZIL"
        },
        {
            "EAT": 2880,
            "LDT": 4320,
            "cargo_categories": [
                "Non-hazardous"
            ],
            "delay_cost": 0,
            "group_uuid": "8c43e127-98a2-44bc-b32c-b536ddbe9229",
            "source": "Berth 30",
            "transportation_methods": [
                "Roadway",
                "Sea",
                "Transloading"
            ],
            "shipper": "FIT",
            "nTEU": 1,
            "origin": "GUATEMALA",
            "destination": "McIntosh Intersection",
            "name": "13-WASHINGTON EXPRESS-38:65:GUATEMALA"
        }
    ]
}