{
    "commodities": [
        {
            "EAT": 0,
            "LDT": 1440,
            "cargo_categories": [
                "Non-hazardous"
            ],
            "delay_cost": 0,
            "group_uuid": "8b8026a9-4f05-42e3-88fc-e4aebb11f47f",
            "source": "Berth 30",
            "transportation_methods": [
                "Roadway",
                "Sea",
                "Transloading"
            ],
            "shipper": "King Ocean",
            "nTEU": 0,
            "origin": "GUATEMALA",
            "destination": "McIntosh Intersection",
            "name": "5-AGENA-0:86:GUATEMALA"
        }
    ]
}