{
    "commodities": [
        {
            "EAT": 4125,
            "LDT": 5565,
            "cargo_categories": [
                "Non-hazardous"
            ],
            "delay_cost": 0,
            "group_uuid": "2c4fb512-3803-4311-8ec1-e007f3712a33",
            "source": "Berth 31",
            "transportation_methods": [
                "Roadway",
                "Sea",
                "Transloading"
            ],
            "shipper": "King Ocean",
            "nTEU": 2,
            "origin": "DOMINICAN REPUBLIC",
            "destination": "McIntosh Intersection",
            "name": "18-CHARLOTTE-0:95:DOMINICAN REPUBLIC"
        },
        {
            "EAT": 4125,
            "LDT": 5565,
            "cargo_categories": [
                "Non-hazardous"
            ],
            "delay_cost": 0,
            "group_uuid": "2c4fb512-3803-4311-8ec1-e007f3712a33",
            "source": "Berth 31",
            "transportation_methods": [
                "Roadway",
                "Sea",
                "Transloading"
            ],
            "shipper": "King Ocean",
            "nTEU": 0,
            "origin": "PANAMA",
            "destination": "McIntosh Intersection",
            "name": "18-CHARLOTTE-1:86:PANAMA"
        },
        {
            "EAT": 4125,
            "LDT": 5565,
            "cargo_categories": [
                "Non-hazardous"
            ],
            "delay_cost": 0,
            "group_uuid": "2c4fb512-3803-4311-8ec1-e007f3712a33",
            "source": "Berth 31",
            "transportation_methods": [
                "Roadway",
                "Sea",
                "Transloading"
            ],
            "shipper": "King Ocean",
            "nTEU": 1,
            "origin": "ITALY",
            "destination": "McIntosh Intersection",
            "name": "18-CHARLOTTE-2:64:ITALY"
        },
        {
            "EAT": 4125,
            "LDT": 5565,
            "cargo_categories": [
                "Non-hazardous"
            ],
            "delay_cost": 0,
            "group_uuid": "2c4fb512-3803-4311-8ec1-e007f3712a33",
            "source": "Berth 31",
            "transportation_methods": [
                "Roadway",
                "Sea",
                "Transloading"
            ],
            "shipper": "King Ocean",
            "nTEU": 6,
            "origin": "HONDURAS",
            "destination": "McIntosh Intersection",
            "name": "18-CHARLOTTE-3:62:HONDURAS"
        },
        {
            "EAT": 4125,
            "LDT": 5565,
            "cargo_categories": [
                "Non-hazardous"
            ],
            "delay_cost": 0,
            "group_uuid": "2c4fb512-3803-4311-8ec1-e007f3712a33",
            "source": "Berth 31",
            "transportation_methods": [
                "Roadway",
                "Sea",
                "Transloading"
            ],
            "shipper": "King Ocean",
            "nTEU": 2,
            "origin": "BELGIUM",
            "destination": "McIntosh Intersection",
            "name": "18-CHARLOTTE-4:74:BELGIUM"
        },
        {
            "EAT": 4125,
            "LDT": 5565,
            "cargo_categories": [
                "Non-hazardous"
            ],
            "delay_cost": 0,
            "group_uuid": "2c4fb512-3803-4311-8ec1-e007f3712a33",
            "source": "Berth 31",
            "transportation_methods": [
                "Roadway",
                "Sea",
                "Transloading"
            ],
            "shipper": "King Ocean",
            "nTEU": 6,
            "origin": "CHILE",
            "destination": "McIntosh Intersection",
            "name": "18-CHARLOTTE-5:2:CHILE"
        },
        {
            "EAT": 4125,
            "LDT": 5565,
            "cargo_categories": [
                "Non-hazardous"
            ],
            "delay_cost": 0,
            "group_uuid": "2c4fb512-3803-4311-8ec1-e007f3712a33",
            "source": "Berth 31",
            "transportation_methods": [
                "Roadway",
                "Sea",
                "Transloading"
            ],
            "shipper": "King Ocean",
            "nTEU": 2,
            "origin": "BRAZIL",
            "destination": "McIntosh Intersection",
            "name": "18-CHARLOTTE-6:50:BRAZIL"
        },
        {
            "EAT": 4125,
            "LDT": 5565,
            "cargo_categories": [
                "Non-hazardous"
            ],
            "delay_cost": 0,
            "group_uuid": "2c4fb512-3803-4311-8ec1-e007f3712a33",
            "source": "Berth 31",
            "transportation_methods": [
                "Roadway",
                "Sea",
                "Transloading"
            ],
            "shipper": "King Ocean",
            "nTEU": 2,
            "origin": "GUATEMALA",
            "destination": "McIntosh Intersection",
            "name": "18-CHARLOTTE-7:7:GUATEMALA"
        },
        {
            "EAT": 4125,
            "LDT": 5565,
            "cargo_categories": [
                "Non-hazardous"
            ],
            "delay_cost": 0,
            "group_uuid": "2c4fb512-3803-4311-8ec1-e007f3712a33",
            "source": "Berth 31",
            "transportation_methods": [
                "Roadway",
                "Sea",
                "Transloading"
            ],
            "shipper": "King Ocean",
            "nTEU": 4,
            "origin": "NETHERLANDS",
            "destination": "McIntosh Intersection",
            "name": "18-CHARLOTTE-8:22:NETHERLANDS"
        },
        {
            "EAT": 4125,
            "LDT": 5565,
            "cargo_categories": [
                "Non-hazardous"
            ],
            "delay_cost": 0,
            "group_uuid": "2c4fb512-3803-4311-8ec1-e007f3712a33",
            "source": "Berth 31",
            "transportation_methods": [
                "Roadway",
                "Sea",
                "Transloading"
            ],
            "shipper": "King Ocean",
            "nTEU": 2,
            "origin": "HONDURAS",
            "destination": "McIntosh Intersection",
            "name": "18-CHARLOTTE-9:85:HONDURAS"
        },
        {
            "EAT": 4125,
            "LDT": 5565,
            "cargo_categories": [
                "Non-hazardous"
            ],
            "delay_cost": 0,
            "group_uuid": "2c4fb512-3803-4311-8ec1-e007f3712a33",
            "source": "Berth 31",
            "transportation_methods": [
                "Roadway",
                "Sea",
                "Transloading"
            ],
            "shipper": "King Ocean",
            "nTEU": 2,
            "origin": "GUATEMALA",
            "destination": "McIntosh Intersection",
            "name": "18-CHARLOTTE-10::GUATEMALA"
        }
    ]
}