{
    "commodities": [
        {
            "EAT": 0,
            "LDT": 1440,
            "cargo_categories": [
                "Non-hazardous"
            ],
            "delay_cost": 0,
            "group_uuid": "1df219ea-8a25-4250-aa52-e1edb5b033ba",
            "source": "Berth 33",
            "transportation_methods": [
                "Roadway",
                "Sea",
                "Transloading"
            ],
            "shipper": "Crowley",
            "nTEU": 4,
            "origin": "BELGIUM",
            "destination": "McIntosh Intersection",
            "name": "4-K-STORM-0:48:BELGIUM"
        },
        {
            "EAT": 0,
            "LDT": 1440,
            "cargo_categories": [
                "Non-hazardous"
            ],
            "delay_cost": 0,
            "group_uuid": "1df219ea-8a25-4250-aa52-e1edb5b033ba",
            "source": "Berth 33",
            "transportation_methods": [
                "Roadway",
                "Sea",
                "Transloading"
            ],
            "shipper": "Crowley",
            "nTEU": 3,
            "origin": "DOMINICAN REPUBLIC",
            "destination": "McIntosh Intersection",
            "name": "4-K-STORM-1:90:DOMINICAN REPUBLIC"
        },
        {
            "EAT": 0,
            "LDT": 1440,
            "cargo_categories": [
                "Non-hazardous"
            ],
            "delay_cost": 0,
            "group_uuid": "1df219ea-8a25-4250-aa52-e1edb5b033ba",
            "source": "Berth 33",
            "transportation_methods": [
                "Roadway",
                "Sea",
                "Transloading"
            ],
            "shipper": "Crowley",
            "nTEU": 2,
            "origin": "ITALY",
            "destination": "McIntosh Intersection",
            "name": "4-K-STORM-2:64:ITALY"
        },
        {
            "EAT": 0,
            "LDT": 1440,
            "cargo_categories": [
                "Non-hazardous"
            ],
            "delay_cost": 0,
            "group_uuid": "1df219ea-8a25-4250-aa52-e1edb5b033ba",
            "source": "Berth 33",
            "transportation_methods": [
                "Roadway",
                "Sea",
                "Transloading"
            ],
            "shipper": "Crowley",
            "nTEU": 4,
            "origin": "CHILE",
            "destination": "McIntosh Intersection",
            "name": "4-K-STORM-3:20:CHILE"
        },
        {
            "EAT": 0,
            "LDT": 1440,
            "cargo_categories": [
                "Non-hazardous"
            ],
            "delay_cost": 0,
            "group_uuid": "1df219ea-8a25-4250-aa52-e1edb5b033ba",
            "source": "Berth 33",
            "transportation_methods": [
                "Roadway",
                "Sea",
                "Transloading"
            ],
            "shipper": "Crowley",
            "nTEU": 2,
            "origin": "GUATEMALA",
            "destination": "McIntosh Intersection",
            "name": "4-K-STORM-4:21:GUATEMALA"
        },
        {
            "EAT": 0,
            "LDT": 1440,
            "cargo_categories": [
                "Non-hazardous"
            ],
            "delay_cost": 0,
            "group_uuid": "1df219ea-8a25-4250-aa52-e1edb5b033ba",
            "source": "Berth 33",
            "transportation_methods": [
                "Roadway",
                "Sea",
                "Transloading"
            ],
            "shipper": "Crowley",
            "nTEU": 2,
            "origin": "GUATEMALA",
            "destination": "McIntosh Intersection",
            "name": "4-K-STORM-5:9:GUATEMALA"
        },
        {
            "EAT": 0,
            "LDT": 1440,
            "cargo_categories": [
                "Non-hazardous"
            ],
            "delay_cost": 0,
            "group_uuid": "1df219ea-8a25-4250-aa52-e1edb5b033ba",
            "source": "Berth 33",
            "transportation_methods": [
                "Roadway",
                "Sea",
                "Transloading"
            ],
            "shipper": "Crowley",
            "nTEU": 7,
            "origin": "PEOPLES REP OF CHINA",
            "destination": "McIntosh Intersection",
            "name": "4-K-STORM-6:87:PEOPLES REP OF CHINA"
        },
        {
            "EAT": 0,
            "LDT": 1440,
            "cargo_categories": [
                "Non-hazardous"
            ],
            "delay_cost": 0,
            "group_uuid": "1df219ea-8a25-4250-aa52-e1edb5b033ba",
            "source": "Berth 33",
            "transportation_methods": [
                "Roadway",
                "Sea",
                "Transloading"
            ],
            "shipper": "Crowley",
            "nTEU": 3,
            "origin": "ITALY",
            "destination": "McIntosh Intersection",
            "name": "4-K-STORM-7:84:ITALY"
        },
        {
            "EAT": 0,
            "LDT": 1440,
            "cargo_categories": [
                "Non-hazardous"
            ],
            "delay_cost": 0,
            "group_uuid": "1df219ea-8a25-4250-aa52-e1edb5b033ba",
            "source": "Berth 33",
            "transportation_methods": [
                "Roadway",
                "Sea",
                "Transloading"
            ],
            "shipper": "Crowley",
            "nTEU": 236,
            "origin": "HONDURAS",
            "destination": "McIntosh Intersection",
            "name": "4-K-STORM-8:62:HONDURAS"
        },
        {
            "EAT": 0,
            "LDT": 1440,
            "cargo_categories": [
                "Non-hazardous"
            ],
            "delay_cost": 0,
            "group_uuid": "1df219ea-8a25-4250-aa52-e1edb5b033ba",
            "source": "Berth 33",
            "transportation_methods": [
                "Roadway",
                "Sea",
                "Transloading"
            ],
            "shipper": "Crowley",
            "nTEU": 30,
            "origin": "ARGENTINA",
            "destination": "McIntosh Intersection",
            "name": "4-K-STORM-9:39:ARGENTINA"
        },
        {
            "EAT": 0,
            "LDT": 1440,
            "cargo_categories": [
                "Non-hazardous"
            ],
            "delay_cost": 0,
            "group_uuid": "1df219ea-8a25-4250-aa52-e1edb5b033ba",
            "source": "Berth 33",
            "transportation_methods": [
                "Roadway",
                "Sea",
                "Transloading"
            ],
            "shipper": "Crowley",
            "nTEU": 2,
            "origin": "HONDURAS",
            "destination": "McIntosh Intersection",
            "name": "4-K-STORM-10:2:HONDURAS"
        },
        {
            "EAT": 0,
            "LDT": 1440,
            "cargo_categories": [
                "Non-hazardous"
            ],
            "delay_cost": 0,
            "group_uuid": "1df219ea-8a25-4250-aa52-e1edb5b033ba",
            "source": "Berth 33",
            "transportation_methods": [
                "Roadway",
                "Sea",
                "Transloading"
            ],
            "shipper": "Crowley",
            "nTEU": 2,
            "origin": "BELGIUM",
            "destination": "McIntosh Intersection",
            "name": "4-K-STORM-11:22:BELGIUM"
        },
        {
            "EAT": 0,
            "LDT": 1440,
            "cargo_categories": [
                "Non-hazardous"
            ],
            "delay_cost": 0,
            "group_uuid": "1df219ea-8a25-4250-aa52-e1edb5b033ba",
            "source": "Berth 33",
            "transportation_methods": [
                "Roadway",
                "Sea",
                "Transloading"
            ],
            "shipper": "Crowley",
            "nTEU": 2,
            "origin": "HONDURAS",
            "destination": "McIntosh Intersection",
            "name": "4-K-STORM-12:60:HONDURAS"
        },
        {
            "EAT": 0,
            "LDT": 1440,
            "cargo_categories": [
                "Non-hazardous"
            ],
            "delay_cost": 0,
            "group_uuid": "1df219ea-8a25-4250-aa52-e1edb5b033ba",
            "source": "Berth 33",
            "transportation_methods": [
                "Roadway",
                "Sea",
                "Transloading"
            ],
            "shipper": "Crowley",
            "nTEU": 2,
            "origin": "COLOMBIA",
            "destination": "McIntosh Intersection",
            "name": "4-K-STORM-13:19:COLOMBIA"
        },
        {
            "EAT": 0,
            "LDT": 1440,
            "cargo_categories": [
                "Non-hazardous"
            ],
            "delay_cost": 0,
            "group_uuid": "1df219ea-8a25-4250-aa52-e1edb5b033ba",
            "source": "Berth 33",
            "transportation_methods": [
                "Roadway",
                "Sea",
                "Transloading"
            ],
            "shipper": "Crowley",
            "nTEU": 68,
            "origin": "HONDURAS",
            "destination": "McIntosh Intersection",
            "name": "4-K-STORM-14:7:HONDURAS"
        },
        {
            "EAT": 0,
            "LDT": 1440,
            "cargo_categories": [
                "Non-hazardous"
            ],
            "delay_cost": 0,
            "group_uuid": "1df219ea-8a25-4250-aa52-e1edb5b033ba",
            "source": "Berth 33",
            "transportation_methods": [
                "Roadway",
                "Sea",
                "Transloading"
            ],
            "shipper": "Crowley",
            "nTEU": 6,
            "origin": "DOMINICAN REPUBLIC",
            "destination": "McIntosh Intersection",
            "name": "4-K-STORM-15:24:DOMINICAN REPUBLIC"
        },
        {
            "EAT": 0,
            "LDT": 1440,
            "cargo_categories": [
                "Non-hazardous"
            ],
            "delay_cost": 0,
            "group_uuid": "1df219ea-8a25-4250-aa52-e1edb5b033ba",
            "source": "Berth 33",
            "transportation_methods": [
                "Roadway",
                "Sea",
                "Transloading"
            ],
            "shipper": "Crowley",
            "nTEU": 1,
            "origin": "HONDURAS",
            "destination": "McIntosh Intersection",
            "name": "4-K-STORM-16:42:HONDURAS"
        },
        {
            "EAT": 0,
            "LDT": 1440,
            "cargo_categories": [
                "Non-hazardous"
            ],
            "delay_cost": 0,
            "group_uuid": "1df219ea-8a25-4250-aa52-e1edb5b033ba",
            "source": "Berth 33",
            "transportation_methods": [
                "Roadway",
                "Sea",
                "Transloading"
            ],
            "shipper": "Crowley",
            "nTEU": 4,
            "origin": "ITALY",
            "destination": "McIntosh Intersection",
            "name": "4-K-STORM-17:69:ITALY"
        },
        {
            "EAT": 0,
            "LDT": 1440,
            "cargo_categories": [
                "Non-hazardous"
            ],
            "delay_cost": 0,
            "group_uuid": "1df219ea-8a25-4250-aa52-e1edb5b033ba",
            "source": "Berth 33",
            "transportation_methods": [
                "Roadway",
                "Sea",
                "Transloading"
            ],
            "shipper": "Crowley",
            "nTEU": 0,
            "origin": "BAHAMAS",
            "destination": "McIntosh Intersection",
            "name": "4-K-STORM-18:95:BAHAMAS"
        },
        {
            "EAT": 0,
            "LDT": 1440,
            "cargo_categories": [
                "Non-hazardous"
            ],
            "delay_cost": 0,
            "group_uuid": "1df219ea-8a25-4250-aa52-e1edb5b033ba",
            "source": "Berth 33",
            "transportation_methods": [
                "Roadway",
                "Sea",
                "Transloading"
            ],
            "shipper": "Crowley",
            "nTEU": 5,
            "origin": "HONDURAS",
            "destination": "McIntosh Intersection",
            "name": "4-K-STORM-19:85:HONDURAS"
        },
        {
            "EAT": 0,
            "LDT": 1440,
            "cargo_categories": [
                "Non-hazardous"
            ],
            "delay_cost": 0,
            "group_uuid": "1df219ea-8a25-4250-aa52-e1edb5b033ba",
            "source": "Berth 33",
            "transportation_methods": [
                "Roadway",
                "Sea",
                "Transloading"
            ],
            "shipper": "Crowley",
            "nTEU": 42,
            "origin": "COSTA RICA",
            "destination": "McIntosh Intersection",
            "name": "4-K-STORM-20:61:COSTA RICA"
        },
        {
            "EAT": 0,
            "LDT": 1440,
            "cargo_categories": [
                "Non-hazardous"
            ],
            "delay_cost": 0,
            "group_uuid": "1df219ea-8a25-4250-aa52-e1edb5b033ba",
            "source": "Berth 33",
            "transportation_methods": [
                "Roadway",
                "Sea",
                "Transloading"
            ],
            "shipper": "Crowley",
            "nTEU": 49,
            "origin": "HAITI",
            "destination": "McIntosh Intersection",
            "name": "4-K-STORM-21::HAITI"
        },
        {
            "EAT": 0,
            "LDT": 1440,
            "cargo_categories": [
                "Non-hazardous"
            ],
            "delay_cost": 0,
            "group_uuid": "1df219ea-8a25-4250-aa52-e1edb5b033ba",
            "source": "Berth 33",
            "transportation_methods": [
                "Roadway",
                "Sea",
                "Transloading"
            ],
            "shipper": "Crowley",
            "nTEU": 7,
            "origin": "COSTA RICA",
            "destination": "McIntosh Intersection",
            "name": "4-K-STORM-22:6:COSTA RICA"
        },
        {
            "EAT": 0,
            "LDT": 1440,
            "cargo_categories": [
                "Non-hazardous"
            ],
            "delay_cost": 0,
            "group_uuid": "1df219ea-8a25-4250-aa52-e1edb5b033ba",
            "source": "Berth 33",
            "transportation_methods": [
                "Roadway",
                "Sea",
                "Transloading"
            ],
            "shipper": "King Ocean",
            "nTEU": 1,
            "origin": "UNITED KINGDOM",
            "destination": "McIntosh Intersection",
            "name": "4-K-STORM-23:52:UNITED KINGDOM"
        },
        {
            "EAT": 0,
            "LDT": 1440,
            "cargo_categories": [
                "Non-hazardous"
            ],
            "delay_cost": 0,
            "group_uuid": "1df219ea-8a25-4250-aa52-e1edb5b033ba",
            "source": "Berth 33",
            "transportation_methods": [
                "Roadway",
                "Sea",
                "Transloading"
            ],
            "shipper": "Crowley",
            "nTEU": 2,
            "origin": "COLOMBIA",
            "destination": "McIntosh Intersection",
            "name": "4-K-STORM-24:86:COLOMBIA"
        },
        {
            "EAT": 0,
            "LDT": 1440,
            "cargo_categories": [
                "Non-hazardous"
            ],
            "delay_cost": 0,
            "group_uuid": "1df219ea-8a25-4250-aa52-e1edb5b033ba",
            "source": "Berth 33",
            "transportation_methods": [
                "Roadway",
                "Sea",
                "Transloading"
            ],
            "shipper": "Crowley",
            "nTEU": 123,
            "origin": "COSTA RICA",
            "destination": "McIntosh Intersection",
            "name": "4-K-STORM-25:8:COSTA RICA"
        }
    ]
}