{
    "commodities": [
        {
            "EAT": 7145,
            "LDT": 8585,
            "cargo_categories": [
                "Non-hazardous"
            ],
            "delay_cost": 0,
            "group_uuid": "88bc1643-694a-4c88-8749-018f5a586bda",
            "source": "Berth 33",
            "transportation_methods": [
                "Roadway",
                "Sea",
                "Transloading"
            ],
            "shipper": "King Ocean",
            "nTEU": 8,
            "origin": "SPAIN-S",
            "destination": "McIntosh Intersection",
            "name": "26-PARADERO-0:8:SPAIN-S"
        },
        {
            "EAT": 7145,
            "LDT": 8585,
            "cargo_categories": [
                "Non-hazardous"
            ],
            "delay_cost": 0,
            "group_uuid": "88bc1643-694a-4c88-8749-018f5a586bda",
            "source": "Berth 33",
            "transportation_methods": [
                "Roadway",
                "Sea",
                "Transloading"
            ],
            "shipper": "King Ocean",
            "nTEU": 12,
            "origin": "GUATEMALA",
            "destination": "McIntosh Intersection",
            "name": "26-PARADERO-1:61:GUATEMALA"
        },
        {
            "EAT": 7145,
            "LDT": 8585,
            "cargo_categories": [
                "Non-hazardous"
            ],
            "delay_cost": 0,
            "group_uuid": "88bc1643-694a-4c88-8749-018f5a586bda",
            "source": "Berth 33",
            "transportation_methods": [
                "Roadway",
                "Sea",
                "Transloading"
            ],
            "shipper": "King Ocean",
            "nTEU": 2,
            "origin": "CHILE",
            "destination": "McIntosh Intersection",
            "name": "26-PARADERO-2:10:CHILE"
        },
        {
            "EAT": 7145,
            "LDT": 8585,
            "cargo_categories": [
                "Non-hazardous"
            ],
            "delay_cost": 0,
            "group_uuid": "88bc1643-694a-4c88-8749-018f5a586bda",
            "source": "Berth 33",
            "transportation_methods": [
                "Roadway",
                "Sea",
                "Transloading"
            ],
            "shipper": "King Ocean",
            "nTEU": 2,
            "origin": "DOMINICAN REPUBLIC",
            "destination": "McIntosh Intersection",
            "name": "26-PARADERO-3:90:DOMINICAN REPUBLIC"
        },
        {
            "EAT": 7145,
            "LDT": 8585,
            "cargo_categories": [
                "Non-hazardous"
            ],
            "delay_cost": 0,
            "group_uuid": "88bc1643-694a-4c88-8749-018f5a586bda",
            "source": "Berth 33",
            "transportation_methods": [
                "Roadway",
                "Sea",
                "Transloading"
            ],
            "shipper": "Crowley",
            "nTEU": 0,
            "origin": "DOMINICAN REPUBLIC",
            "destination": "McIntosh Intersection",
            "name": "26-PARADERO-4:96:DOMINICAN REPUBLIC"
        },
        {
            "EAT": 7145,
            "LDT": 8585,
            "cargo_categories": [
                "Non-hazardous"
            ],
            "delay_cost": 0,
            "group_uuid": "88bc1643-694a-4c88-8749-018f5a586bda",
            "source": "Berth 33",
            "transportation_methods": [
                "Roadway",
                "Sea",
                "Transloading"
            ],
            "shipper": "Crowley",
            "nTEU": 7,
            "origin": "ITALY",
            "destination": "McIntosh Intersection",
            "name": "26-PARADERO-5:22:ITALY"
        },
        {
            "EAT": 7145,
            "LDT": 8585,
            "cargo_categories": [
                "Non-hazardous"
            ],
            "delay_cost": 0,
            "group_uuid": "88bc1643-694a-4c88-8749-018f5a586bda",
            "source": "Berth 33",
            "transportation_methods": [
                "Roadway",
                "Sea",
                "Transloading"
            ],
            "shipper": "Crowley",
            "nTEU": 170,
            "origin": "GUATEMALA",
            "destination": "McIntosh Intersection",
            "name": "26-PARADERO-6:62:GUATEMALA"
        },
        {
            "EAT": 7145,
            "LDT": 8585,
            "cargo_categories": [
                "Non-hazardous"
            ],
            "delay_cost": 0,
            "group_uuid": "88bc1643-694a-4c88-8749-018f5a586bda",
            "source": "Berth 33",
            "transportation_methods": [
                "Roadway",
                "Sea",
                "Transloading"
            ],
            "shipper": "King Ocean",
            "nTEU": 16,
            "origin": "BAHAMAS",
            "destination": "McIntosh Intersection",
            "name": "26-PARADERO-7:20:BAHAMAS"
        },
        {
            "EAT": 7145,
            "LDT": 8585,
            "cargo_categories": [
                "Non-hazardous"
            ],
            "delay_cost": 0,
            "group_uuid": "88bc1643-694a-4c88-8749-018f5a586bda",
            "source": "Berth 33",
            "transportation_methods": [
                "Roadway",
                "Sea",
                "Transloading"
            ],
            "shipper": "Crowley",
            "nTEU": 6,
            "origin": "TRINIDAD AND TOBAGO",
            "destination": "McIntosh Intersection",
            "name": "26-PARADERO-8:63:TRINIDAD AND TOBAGO"
        },
        {
            "EAT": 7145,
            "LDT": 8585,
            "cargo_categories": [
                "Non-hazardous"
            ],
            "delay_cost": 0,
            "group_uuid": "88bc1643-694a-4c88-8749-018f5a586bda",
            "source": "Berth 33",
            "transportation_methods": [
                "Roadway",
                "Sea",
                "Transloading"
            ],
            "shipper": "King Ocean",
            "nTEU": 1,
            "origin": "ITALY",
            "destination": "McIntosh Intersection",
            "name": "26-PARADERO-9:84:ITALY"
        },
        {
            "EAT": 7145,
            "LDT": 8585,
            "cargo_categories": [
                "Non-hazardous"
            ],
            "delay_cost": 0,
            "group_uuid": "88bc1643-694a-4c88-8749-018f5a586bda",
            "source": "Berth 33",
            "transportation_methods": [
                "Roadway",
                "Sea",
                "Transloading"
            ],
            "shipper": "Crowley",
            "nTEU": 5,
            "origin": "DOMINICAN REPUBLIC",
            "destination": "McIntosh Intersection",
            "name": "26-PARADERO-10:85:DOMINICAN REPUBLIC"
        },
        {
            "EAT": 7145,
            "LDT": 8585,
            "cargo_categories": [
                "Non-hazardous"
            ],
            "delay_cost": 0,
            "group_uuid": "88bc1643-694a-4c88-8749-018f5a586bda",
            "source": "Berth 33",
            "transportation_methods": [
                "Roadway",
                "Sea",
                "Transloading"
            ],
            "shipper": "King Ocean",
            "nTEU": 5,
            "origin": "HONDURAS",
            "destination": "McIntosh Intersection",
            "name": "26-PARADERO-11:52:HONDURAS"
        },
        {
            "EAT": 7145,
            "LDT": 8585,
            "cargo_categories": [
                "Non-hazardous"
            ],
            "delay_cost": 0,
            "group_uuid": "88bc1643-694a-4c88-8749-018f5a586bda",
            "source": "Berth 33",
            "transportation_methods": [
                "Roadway",
                "Sea",
                "Transloading"
            ],
            "shipper": "Crowley",
            "nTEU": 7,
            "origin": "COLOMBIA",
            "destination": "McIntosh Intersection",
            "name": "26-PARADERO-12:94:COLOMBIA"
        },
        {
            "EAT": 7145,
            "LDT": 8585,
            "cargo_categories": [
                "Non-hazardous"
            ],
            "delay_cost": 0,
            "group_uuid": "88bc1643-694a-4c88-8749-018f5a586bda",
            "source": "Berth 33",
            "transportation_methods": [
                "Roadway",
                "Sea",
                "Transloading"
            ],
            "shipper": "King Ocean",
            "nTEU": 7,
            "origin": "DOMINICAN REPUBLIC",
            "destination": "McIntosh Intersection",
            "name": "26-PARADERO-13:39:DOMINICAN REPUBLIC"
        },
        {
            "EAT": 7145,
            "LDT": 8585,
            "cargo_categories": [
                "Non-hazardous"
            ],
            "delay_cost": 0,
            "group_uuid": "88bc1643-694a-4c88-8749-018f5a586bda",
            "source": "Berth 33",
            "transportation_methods": [
                "Roadway",
                "Sea",
                "Transloading"
            ],
            "shipper": "King Ocean",
            "nTEU": 4,
            "origin": "COLOMBIA",
            "destination": "McIntosh Intersection",
            "name": "26-PARADERO-14:76:COLOMBIA"
        },
        {
            "EAT": 7145,
            "LDT": 8585,
            "cargo_categories": [
                "Non-hazardous"
            ],
            "delay_cost": 0,
            "group_uuid": "88bc1643-694a-4c88-8749-018f5a586bda",
            "source": "Berth 33",
            "transportation_methods": [
                "Roadway",
                "Sea",
                "Transloading"
            ],
            "shipper": "Crowley",
            "nTEU": 65,
            "origin": "COSTA RICA",
            "destination": "McIntosh Intersection",
            "name": "26-PARADERO-15:7:COSTA RICA"
        },
        {
            "EAT": 7145,
            "LDT": 8585,
            "cargo_categories": [
                "Non-hazardous"
            ],
            "delay_cost": 0,
            "group_uuid": "88bc1643-694a-4c88-8749-018f5a586bda",
            "source": "Berth 33",
            "transportation_methods": [
                "Roadway",
                "Sea",
                "Transloading"
            ],
            "shipper": "Crowley",
            "nTEU": 2,
            "origin": "GUATEMALA",
            "destination": "McIntosh Intersection",
            "name": "26-PARADERO-16:35:GUATEMALA"
        },
        {
            "EAT": 7145,
            "LDT": 8585,
            "cargo_categories": [
                "Non-hazardous"
            ],
            "delay_cost": 0,
            "group_uuid": "88bc1643-694a-4c88-8749-018f5a586bda",
            "source": "Berth 33",
            "transportation_methods": [
                "Roadway",
                "Sea",
                "Transloading"
            ],
            "shipper": "King Ocean",
            "nTEU": 4,
            "origin": "SPAIN-S",
            "destination": "McIntosh Intersection",
            "name": "26-PARADERO-17:69:SPAIN-S"
        },
        {
            "EAT": 7145,
            "LDT": 8585,
            "cargo_categories": [
                "Non-hazardous"
            ],
            "delay_cost": 0,
            "group_uuid": "88bc1643-694a-4c88-8749-018f5a586bda",
            "source": "Berth 33",
            "transportation_methods": [
                "Roadway",
                "Sea",
                "Transloading"
            ],
            "shipper": "Crowley",
            "nTEU": 2,
            "origin": "UNITED KINGDOM",
            "destination": "McIntosh Intersection",
            "name": "26-PARADERO-18:19:UNITED KINGDOM"
        },
        {
            "EAT": 7145,
            "LDT": 8585,
            "cargo_categories": [
                "Non-hazardous"
            ],
            "delay_cost": 0,
            "group_uuid": "88bc1643-694a-4c88-8749-018f5a586bda",
            "source": "Berth 33",
            "transportation_methods": [
                "Roadway",
                "Sea",
                "Transloading"
            ],
            "shipper": "Crowley",
            "nTEU": 1,
            "origin": "GUATEMALA",
            "destination": "McIntosh Intersection",
            "name": "26-PARADERO-19:95:GUATEMALA"
        },
        {
            "EAT": 7145,
            "LDT": 8585,
            "cargo_categories": [
                "Non-hazardous"
            ],
            "delay_cost": 0,
            "group_uuid": "88bc1643-694a-4c88-8749-018f5a586bda",
            "source": "Berth 33",
            "transportation_methods": [
                "Roadway",
                "Sea",
                "Transloading"
            ],
            "shipper": "Crowley",
            "nTEU": 1,
            "origin": "BRAZIL",
            "destination": "McIntosh Intersection",
            "name": "26-PARADERO-20:42:BRAZIL"
        },
        {
            "EAT": 7145,
            "LDT": 8585,
            "cargo_categories": [
                "Non-hazardous"
            ],
            "delay_cost": 0,
            "group_uuid": "88bc1643-694a-4c88-8749-018f5a586bda",
            "source": "Berth 33",
            "transportation_methods": [
                "Roadway",
                "Sea",
                "Transloading"
            ],
            "shipper": "Crowley",
            "nTEU": 36,
            "origin": "HONDURAS",
            "destination": "McIntosh Intersection",
            "name": "26-PARADERO-21::HONDURAS"
        },
        {
            "EAT": 7145,
            "LDT": 8585,
            "cargo_categories": [
                "Non-hazardous"
            ],
            "delay_cost": 0,
            "group_uuid": "88bc1643-694a-4c88-8749-018f5a586bda",
            "source": "Berth 33",
            "transportation_methods": [
                "Roadway",
                "Sea",
                "Transloading"
            ],
            "shipper": "Crowley",
            "nTEU": 1,
            "origin": "SPAIN-S",
            "destination": "McIntosh Intersection",
            "name": "26-PARADERO-22:34:SPAIN-S"
        },
        {
            "EAT": 7145,
            "LDT": 8585,
            "cargo_categories": [
                "Non-hazardous"
            ],
            "delay_cost": 0,
            "group_uuid": "88bc1643-694a-4c88-8749-018f5a586bda",
            "source": "Berth 33",
            "transportation_methods": [
                "Roadway",
                "Sea",
                "Transloading"
            ],
            "shipper": "King Ocean",
            "nTEU": 0,
            "origin": "GUATEMALA",
            "destination": "McIntosh Intersection",
            "name": "26-PARADERO-23:86:GUATEMALA"
        },
        {
            "EAT": 7145,
            "LDT": 8585,
            "cargo_categories": [
                "Non-hazardous"
            ],
            "delay_cost": 0,
            "group_uuid": "88bc1643-694a-4c88-8749-018f5a586bda",
            "source": "Berth 33",
            "transportation_methods": [
                "Roadway",
                "Sea",
                "Transloading"
            ],
            "shipper": "Crowley",
            "nTEU": 6,
            "origin": "HONDURAS",
            "destination": "McIntosh Intersection",
            "name": "26-PARADERO-24:6:HONDURAS"
        },
        {
            "EAT": 7145,
            "LDT": 8585,
            "cargo_categories": [
                "Non-hazardous"
            ],
            "delay_cost": 0,
            "group_uuid": "88bc1643-694a-4c88-8749-018f5a586bda",
            "source": "Berth 33",
            "transportation_methods": [
                "Roadway",
                "Sea",
                "Transloading"
            ],
            "shipper": "Crowley",
            "nTEU": 3,
            "origin": "HONDURAS",
            "destination": "McIntosh Intersection",
            "name": "26-PARADERO-25:59:HONDURAS"
        },
        {
            "EAT": 7145,
            "LDT": 8585,
            "cargo_categories": [
                "Non-hazardous"
            ],
            "delay_cost": 0,
            "group_uuid": "88bc1643-694a-4c88-8749-018f5a586bda",
            "source": "Berth 33",
            "transportation_methods": [
                "Roadway",
                "Sea",
                "Transloading"
            ],
            "shipper": "King Ocean",
            "nTEU": 7,
            "origin": "COLOMBIA",
            "destination": "McIntosh Intersection",
            "name": "26-PARADERO-26:44:COLOMBIA"
        },
        {
            "EAT": 7145,
            "LDT": 8585,
            "cargo_categories": [
                "Non-hazardous"
            ],
            "delay_cost": 0,
            "group_uuid": "88bc1643-694a-4c88-8749-018f5a586bda",
            "source": "Berth 33",
            "transportation_methods": [
                "Roadway",
                "Sea",
                "Transloading"
            ],
            "shipper": "Crowley",
            "nTEU": 5,
            "origin": "DOMINICAN REPUBLIC",
            "destination": "McIntosh Intersection",
            "name": "26-PARADERO-27:24:DOMINICAN REPUBLIC"
        },
        {
            "EAT": 7145,
            "LDT": 8585,
            "cargo_categories": [
                "Non-hazardous"
            ],
            "delay_cost": 0,
            "group_uuid": "88bc1643-694a-4c88-8749-018f5a586bda",
            "source": "Berth 33",
            "transportation_methods": [
                "Roadway",
                "Sea",
                "Transloading"
            ],
            "shipper": "Crowley",
            "nTEU": 3,
            "origin": "PERU",
            "destination": "McIntosh Intersection",
            "name": "26-PARADERO-28:83:PERU"
        },
        {
            "EAT": 7145,
            "LDT": 8585,
            "cargo_categories": [
                "Non-hazardous"
            ],
            "delay_cost": 0,
            "group_uuid": "88bc1643-694a-4c88-8749-018f5a586bda",
            "source": "Berth 33",
            "transportation_methods": [
                "Roadway",
                "Sea",
                "Transloading"
            ],
            "shipper": "Crowley",
            "nTEU": 1,
            "origin": "PERU",
            "destination": "McIntosh Intersection",
            "name": "26-PARADERO-29:87:PERU"
        }
    ]
}