{
    "commodities": [
        {
            "EAT": 0,
            "LDT": 1440,
            "cargo_categories": [
                "Non-hazardous"
            ],
            "delay_cost": 0,
            "group_uuid": "0632cefa-28d1-4a32-bf88-55709d747c80",
            "source": "Berth 30",
            "transportation_methods": [
                "Roadway",
                "Sea",
                "Transloading"
            ],
            "shipper": "King Ocean",
            "nTEU": 1,
            "origin": "COLOMBIA",
            "destination": "McIntosh Intersection",
            "name": "6-ROTHORN-0:21:COLOMBIA"
        },
        {
            "EAT": 0,
            "LDT": 1440,
            "cargo_categories": [
                "Non-hazardous"
            ],
            "delay_cost": 0,
            "group_uuid": "0632cefa-28d1-4a32-bf88-55709d747c80",
            "source": "Berth 30",
            "transportation_methods": [
                "Roadway",
                "Sea",
                "Transloading"
            ],
            "shipper": "King Ocean",
            "nTEU": 13,
            "origin": "NICARAGUA",
            "destination": "McIntosh Intersection",
            "name": "6-ROTHORN-1::NICARAGUA"
        },
        {
            "EAT": 0,
            "LDT": 1440,
            "cargo_categories": [
                "Non-hazardous"
            ],
            "delay_cost": 0,
            "group_uuid": "0632cefa-28d1-4a32-bf88-55709d747c80",
            "source": "Berth 30",
            "transportation_methods": [
                "Roadway",
                "Sea",
                "Transloading"
            ],
            "shipper": "King Ocean",
            "nTEU": 1,
            "origin": "VENEZUELA",
            "destination": "McIntosh Intersection",
            "name": "6-ROTHORN-2:9:VENEZUELA"
        },
        {
            "EAT": 0,
            "LDT": 1440,
            "cargo_categories": [
                "Non-hazardous"
            ],
            "delay_cost": 0,
            "group_uuid": "0632cefa-28d1-4a32-bf88-55709d747c80",
            "source": "Berth 30",
            "transportation_methods": [
                "Roadway",
                "Sea",
                "Transloading"
            ],
            "shipper": "Crowley",
            "nTEU": 37,
            "origin": "HONDURAS",
            "destination": "McIntosh Intersection",
            "name": "6-ROTHORN-3:8:HONDURAS"
        },
        {
            "EAT": 0,
            "LDT": 1440,
            "cargo_categories": [
                "Non-hazardous"
            ],
            "delay_cost": 0,
            "group_uuid": "0632cefa-28d1-4a32-bf88-55709d747c80",
            "source": "Berth 30",
            "transportation_methods": [
                "Roadway",
                "Sea",
                "Transloading"
            ],
            "shipper": "Crowley",
            "nTEU": 2,
            "origin": "DOMINICAN REPUBLIC",
            "destination": "McIntosh Intersection",
            "name": "6-ROTHORN-4:39:DOMINICAN REPUBLIC"
        },
        {
            "EAT": 0,
            "LDT": 1440,
            "cargo_categories": [
                "Non-hazardous"
            ],
            "delay_cost": 0,
            "group_uuid": "0632cefa-28d1-4a32-bf88-55709d747c80",
            "source": "Berth 30",
            "transportation_methods": [
                "Roadway",
                "Sea",
                "Transloading"
            ],
            "shipper": "King Ocean",
            "nTEU": 16,
            "origin": "HONDURAS",
            "destination": "McIntosh Intersection",
            "name": "6-ROTHORN-5:7:HONDURAS"
        },
        {
            "EAT": 0,
            "LDT": 1440,
            "cargo_categories": [
                "Non-hazardous"
            ],
            "delay_cost": 0,
            "group_uuid": "0632cefa-28d1-4a32-bf88-55709d747c80",
            "source": "Berth 30",
            "transportation_methods": [
                "Roadway",
                "Sea",
                "Transloading"
            ],
            "shipper": "King Ocean",
            "nTEU": 15,
            "origin": "CHILE",
            "destination": "McIntosh Intersection",
            "name": "6-ROTHORN-6:22:CHILE"
        },
        {
            "EAT": 0,
            "LDT": 1440,
            "cargo_categories": [
                "Non-hazardous"
            ],
            "delay_cost": 0,
            "group_uuid": "0632cefa-28d1-4a32-bf88-55709d747c80",
            "source": "Berth 30",
            "transportation_methods": [
                "Roadway",
                "Sea",
                "Transloading"
            ],
            "shipper": "Crowley",
            "nTEU": 2,
            "origin": "HONDURAS",
            "destination": "McIntosh Intersection",
            "name": "6-ROTHORN-7:6:HONDURAS"
        },
        {
            "EAT": 0,
            "LDT": 1440,
            "cargo_categories": [
                "Non-hazardous"
            ],
            "delay_cost": 0,
            "group_uuid": "0632cefa-28d1-4a32-bf88-55709d747c80",
            "source": "Berth 30",
            "transportation_methods": [
                "Roadway",
                "Sea",
                "Transloading"
            ],
            "shipper": "King Ocean",
            "nTEU": 1,
            "origin": "BRAZIL",
            "destination": "McIntosh Intersection",
            "name": "6-ROTHORN-8:94:BRAZIL"
        },
        {
            "EAT": 0,
            "LDT": 1440,
            "cargo_categories": [
                "Non-hazardous"
            ],
            "delay_cost": 0,
            "group_uuid": "0632cefa-28d1-4a32-bf88-55709d747c80",
            "source": "Berth 30",
            "transportation_methods": [
                "Roadway",
                "Sea",
                "Transloading"
            ],
            "shipper": "Crowley",
            "nTEU": 6,
            "origin": "GERMANY",
            "destination": "McIntosh Intersection",
            "name": "6-ROTHORN-9:40:GERMANY"
        },
        {
            "EAT": 0,
            "LDT": 1440,
            "cargo_categories": [
                "Non-hazardous"
            ],
            "delay_cost": 0,
            "group_uuid": "0632cefa-28d1-4a32-bf88-55709d747c80",
            "source": "Berth 30",
            "transportation_methods": [
                "Roadway",
                "Sea",
                "Transloading"
            ],
            "shipper": "Crowley",
            "nTEU": 7,
            "origin": "DOMINICAN REPUBLIC",
            "destination": "McIntosh Intersection",
            "name": "6-ROTHORN-10:90:DOMINICAN REPUBLIC"
        },
        {
            "EAT": 0,
            "LDT": 1440,
            "cargo_categories": [
                "Non-hazardous"
            ],
            "delay_cost": 0,
            "group_uuid": "0632cefa-28d1-4a32-bf88-55709d747c80",
            "source": "Berth 30",
            "transportation_methods": [
                "Roadway",
                "Sea",
                "Transloading"
            ],
            "shipper": "King Ocean",
            "nTEU": 4,
            "origin": "COLOMBIA",
            "destination": "McIntosh Intersection",
            "name": "6-ROTHORN-11:17:COLOMBIA"
        },
        {
            "EAT": 0,
            "LDT": 1440,
            "cargo_categories": [
                "Non-hazardous"
            ],
            "delay_cost": 0,
            "group_uuid": "0632cefa-28d1-4a32-bf88-55709d747c80",
            "source": "Berth 30",
            "transportation_methods": [
                "Roadway",
                "Sea",
                "Transloading"
            ],
            "shipper": "Crowley",
            "nTEU": 0,
            "origin": "BELGIUM",
            "destination": "McIntosh Intersection",
            "name": "6-ROTHORN-12:86:BELGIUM"
        },
        {
            "EAT": 0,
            "LDT": 1440,
            "cargo_categories": [
                "Non-hazardous"
            ],
            "delay_cost": 0,
            "group_uuid": "0632cefa-28d1-4a32-bf88-55709d747c80",
            "source": "Berth 30",
            "transportation_methods": [
                "Roadway",
                "Sea",
                "Transloading"
            ],
            "shipper": "King Ocean",
            "nTEU": 2,
            "origin": "BRAZIL",
            "destination": "McIntosh Intersection",
            "name": "6-ROTHORN-13:72:BRAZIL"
        },
        {
            "EAT": 0,
            "LDT": 1440,
            "cargo_categories": [
                "Non-hazardous"
            ],
            "delay_cost": 0,
            "group_uuid": "0632cefa-28d1-4a32-bf88-55709d747c80",
            "source": "Berth 30",
            "transportation_methods": [
                "Roadway",
                "Sea",
                "Transloading"
            ],
            "shipper": "King Ocean",
            "nTEU": 1,
            "origin": "DOMINICAN REPUBLIC",
            "destination": "McIntosh Intersection",
            "name": "6-ROTHORN-14:87:DOMINICAN REPUBLIC"
        },
        {
            "EAT": 0,
            "LDT": 1440,
            "cargo_categories": [
                "Non-hazardous"
            ],
            "delay_cost": 0,
            "group_uuid": "0632cefa-28d1-4a32-bf88-55709d747c80",
            "source": "Berth 30",
            "transportation_methods": [
                "Roadway",
                "Sea",
                "Transloading"
            ],
            "shipper": "Crowley",
            "nTEU": 1,
            "origin": "DOMINICAN REPUBLIC",
            "destination": "McIntosh Intersection",
            "name": "6-ROTHORN-15:62:DOMINICAN REPUBLIC"
        },
        {
            "EAT": 0,
            "LDT": 1440,
            "cargo_categories": [
                "Non-hazardous"
            ],
            "delay_cost": 0,
            "group_uuid": "0632cefa-28d1-4a32-bf88-55709d747c80",
            "source": "Berth 30",
            "transportation_methods": [
                "Roadway",
                "Sea",
                "Transloading"
            ],
            "shipper": "King Ocean",
            "nTEU": 1,
            "origin": "COSTA RICA",
            "destination": "McIntosh Intersection",
            "name": "6-ROTHORN-16:74:COSTA RICA"
        },
        {
            "EAT": 0,
            "LDT": 1440,
            "cargo_categories": [
                "Non-hazardous"
            ],
            "delay_cost": 0,
            "group_uuid": "0632cefa-28d1-4a32-bf88-55709d747c80",
            "source": "Berth 30",
            "transportation_methods": [
                "Roadway",
                "Sea",
                "Transloading"
            ],
            "shipper": "King Ocean",
            "nTEU": 1,
            "origin": "VIRGIN ISLAND",
            "destination": "McIntosh Intersection",
            "name": "6-ROTHORN-17:84:VIRGIN ISLAND"
        },
        {
            "EAT": 0,
            "LDT": 1440,
            "cargo_categories": [
                "Non-hazardous"
            ],
            "delay_cost": 0,
            "group_uuid": "0632cefa-28d1-4a32-bf88-55709d747c80",
            "source": "Berth 30",
            "transportation_methods": [
                "Roadway",
                "Sea",
                "Transloading"
            ],
            "shipper": "King Ocean",
            "nTEU": 2,
            "origin": "VIRGIN ISLAND",
            "destination": "McIntosh Intersection",
            "name": "6-ROTHORN-18:30:VIRGIN ISLAND"
        },
        {
            "EAT": 0,
            "LDT": 1440,
            "cargo_categories": [
                "Non-hazardous"
            ],
            "delay_cost": 0,
            "group_uuid": "0632cefa-28d1-4a32-bf88-55709d747c80",
            "source": "Berth 30",
            "transportation_methods": [
                "Roadway",
                "Sea",
                "Transloading"
            ],
            "shipper": "Crowley",
            "nTEU": 1,
            "origin": "BELGIUM",
            "destination": "McIntosh Intersection",
            "name": "6-ROTHORN-19:20:BELGIUM"
        },
        {
            "EAT": 0,
            "LDT": 1440,
            "cargo_categories": [
                "Non-hazardous"
            ],
            "delay_cost": 0,
            "group_uuid": "0632cefa-28d1-4a32-bf88-55709d747c80",
            "source": "Berth 30",
            "transportation_methods": [
                "Roadway",
                "Sea",
                "Transloading"
            ],
            "shipper": "King Ocean",
            "nTEU": 1,
            "origin": "BELGIUM",
            "destination": "McIntosh Intersection",
            "name": "6-ROTHORN-20:35:BELGIUM"
        },
        {
            "EAT": 0,
            "LDT": 1440,
            "cargo_categories": [
                "Non-hazardous"
            ],
            "delay_cost": 0,
            "group_uuid": "0632cefa-28d1-4a32-bf88-55709d747c80",
            "source": "Berth 30",
            "transportation_methods": [
                "Roadway",
                "Sea",
                "Transloading"
            ],
            "shipper": "King Ocean",
            "nTEU": 1,
            "origin": "PANAMA",
            "destination": "McIntosh Intersection",
            "name": "6-ROTHORN-21:4:PANAMA"
        },
        {
            "EAT": 0,
            "LDT": 1440,
            "cargo_categories": [
                "Non-hazardous"
            ],
            "delay_cost": 0,
            "group_uuid": "0632cefa-28d1-4a32-bf88-55709d747c80",
            "source": "Berth 30",
            "transportation_methods": [
                "Roadway",
                "Sea",
                "Transloading"
            ],
            "shipper": "King Ocean",
            "nTEU": 1,
            "origin": "PORTUGAL",
            "destination": "McIntosh Intersection",
            "name": "6-ROTHORN-22:16:PORTUGAL"
        },
        {
            "EAT": 0,
            "LDT": 1440,
            "cargo_categories": [
                "Non-hazardous"
            ],
            "delay_cost": 0,
            "group_uuid": "0632cefa-28d1-4a32-bf88-55709d747c80",
            "source": "Berth 30",
            "transportation_methods": [
                "Roadway",
                "Sea",
                "Transloading"
            ],
            "shipper": "Crowley",
            "nTEU": 1,
            "origin": "COSTA RICA",
            "destination": "McIntosh Intersection",
            "name": "6-ROTHORN-23:95:COSTA RICA"
        },
        {
            "EAT": 0,
            "LDT": 1440,
            "cargo_categories": [
                "Non-hazardous"
            ],
            "delay_cost": 0,
            "group_uuid": "0632cefa-28d1-4a32-bf88-55709d747c80",
            "source": "Berth 30",
            "transportation_methods": [
                "Roadway",
                "Sea",
                "Transloading"
            ],
            "shipper": "King Ocean",
            "nTEU": 2,
            "origin": "GUATEMALA",
            "destination": "McIntosh Intersection",
            "name": "6-ROTHORN-24:12:GUATEMALA"
        },
        {
            "EAT": 0,
            "LDT": 1440,
            "cargo_categories": [
                "Non-hazardous"
            ],
            "delay_cost": 0,
            "group_uuid": "0632cefa-28d1-4a32-bf88-55709d747c80",
            "source": "Berth 30",
            "transportation_methods": [
                "Roadway",
                "Sea",
                "Transloading"
            ],
            "shipper": "King Ocean",
            "nTEU": 4,
            "origin": "SPAIN-S",
            "destination": "McIntosh Intersection",
            "name": "6-ROTHORN-25:76:SPAIN-S"
        },
        {
            "EAT": 0,
            "LDT": 1440,
            "cargo_categories": [
                "Non-hazardous"
            ],
            "delay_cost": 0,
            "group_uuid": "0632cefa-28d1-4a32-bf88-55709d747c80",
            "source": "Berth 30",
            "transportation_methods": [
                "Roadway",
                "Sea",
                "Transloading"
            ],
            "shipper": "Crowley",
            "nTEU": 2,
            "origin": "SPAIN-S",
            "destination": "McIntosh Intersection",
            "name": "6-ROTHORN-26:33:SPAIN-S"
        }
    ]
}