{
    "commodities": [
        {
            "EAT": 7200,
            "LDT": 8640,
            "cargo_categories": [
                "Non-hazardous"
            ],
            "delay_cost": 0,
            "group_uuid": "35386ddb-07c8-4f6f-91fd-bb60a757e750",
            "source": "Berth 33",
            "transportation_methods": [
                "Roadway",
                "Sea",
                "Transloading"
            ],
            "shipper": "King Ocean",
            "nTEU": 3,
            "origin": "GUATEMALA",
            "destination": "McIntosh Intersection",
            "name": "28-TUCANA J-0:20:GUATEMALA"
        },
        {
            "EAT": 7200,
            "LDT": 8640,
            "cargo_categories": [
                "Non-hazardous"
            ],
            "delay_cost": 0,
            "group_uuid": "35386ddb-07c8-4f6f-91fd-bb60a757e750",
            "source": "Berth 33",
            "transportation_methods": [
                "Roadway",
                "Sea",
                "Transloading"
            ],
            "shipper": "Crowley",
            "nTEU": 3,
            "origin": "HONDURAS",
            "destination": "McIntosh Intersection",
            "name": "28-TUCANA J-1:59:HONDURAS"
        },
        {
            "EAT": 7200,
            "LDT": 8640,
            "cargo_categories": [
                "Non-hazardous"
            ],
            "delay_cost": 0,
            "group_uuid": "35386ddb-07c8-4f6f-91fd-bb60a757e750",
            "source": "Berth 33",
            "transportation_methods": [
                "Roadway",
                "Sea",
                "Transloading"
            ],
            "shipper": "King Ocean",
            "nTEU": 3,
            "origin": "GUATEMALA",
            "destination": "McIntosh Intersection",
            "name": "28-TUCANA J-2:65:GUATEMALA"
        },
        {
            "EAT": 7200,
            "LDT": 8640,
            "cargo_categories": [
                "Non-hazardous"
            ],
            "delay_cost": 0,
            "group_uuid": "35386ddb-07c8-4f6f-91fd-bb60a757e750",
            "source": "Berth 33",
            "transportation_methods": [
                "Roadway",
                "Sea",
                "Transloading"
            ],
            "shipper": "Crowley",
            "nTEU": 35,
            "origin": "HONDURAS",
            "destination": "McIntosh Intersection",
            "name": "28-TUCANA J-3:7:HONDURAS"
        },
        {
            "EAT": 7200,
            "LDT": 8640,
            "cargo_categories": [
                "Non-hazardous"
            ],
            "delay_cost": 0,
            "group_uuid": "35386ddb-07c8-4f6f-91fd-bb60a757e750",
            "source": "Berth 33",
            "transportation_methods": [
                "Roadway",
                "Sea",
                "Transloading"
            ],
            "shipper": "Crowley",
            "nTEU": 2,
            "origin": "BRAZIL",
            "destination": "McIntosh Intersection",
            "name": "28-TUCANA J-4:44:BRAZIL"
        },
        {
            "EAT": 7200,
            "LDT": 8640,
            "cargo_categories": [
                "Non-hazardous"
            ],
            "delay_cost": 0,
            "group_uuid": "35386ddb-07c8-4f6f-91fd-bb60a757e750",
            "source": "Berth 33",
            "transportation_methods": [
                "Roadway",
                "Sea",
                "Transloading"
            ],
            "shipper": "King Ocean",
            "nTEU": 2,
            "origin": "BAHAMAS",
            "destination": "McIntosh Intersection",
            "name": "28-TUCANA J-5:72:BAHAMAS"
        },
        {
            "EAT": 7200,
            "LDT": 8640,
            "cargo_categories": [
                "Non-hazardous"
            ],
            "delay_cost": 0,
            "group_uuid": "35386ddb-07c8-4f6f-91fd-bb60a757e750",
            "source": "Berth 33",
            "transportation_methods": [
                "Roadway",
                "Sea",
                "Transloading"
            ],
            "shipper": "King Ocean",
            "nTEU": 2,
            "origin": "CHILE",
            "destination": "McIntosh Intersection",
            "name": "28-TUCANA J-6:22:CHILE"
        },
        {
            "EAT": 7200,
            "LDT": 8640,
            "cargo_categories": [
                "Non-hazardous"
            ],
            "delay_cost": 0,
            "group_uuid": "35386ddb-07c8-4f6f-91fd-bb60a757e750",
            "source": "Berth 33",
            "transportation_methods": [
                "Roadway",
                "Sea",
                "Transloading"
            ],
            "shipper": "Crowley",
            "nTEU": 3,
            "origin": "PEOPLES REP OF CHINA",
            "destination": "McIntosh Intersection",
            "name": "28-TUCANA J-7:87:PEOPLES REP OF CHINA"
        },
        {
            "EAT": 7200,
            "LDT": 8640,
            "cargo_categories": [
                "Non-hazardous"
            ],
            "delay_cost": 0,
            "group_uuid": "35386ddb-07c8-4f6f-91fd-bb60a757e750",
            "source": "Berth 33",
            "transportation_methods": [
                "Roadway",
                "Sea",
                "Transloading"
            ],
            "shipper": "King Ocean",
            "nTEU": 10,
            "origin": "HONDURAS",
            "destination": "McIntosh Intersection",
            "name": "28-TUCANA J-8:8:HONDURAS"
        },
        {
            "EAT": 7200,
            "LDT": 8640,
            "cargo_categories": [
                "Non-hazardous"
            ],
            "delay_cost": 0,
            "group_uuid": "35386ddb-07c8-4f6f-91fd-bb60a757e750",
            "source": "Berth 33",
            "transportation_methods": [
                "Roadway",
                "Sea",
                "Transloading"
            ],
            "shipper": "Crowley",
            "nTEU": 69,
            "origin": "COLOMBIA",
            "destination": "McIntosh Intersection",
            "name": "28-TUCANA J-9:62:COLOMBIA"
        },
        {
            "EAT": 7200,
            "LDT": 8640,
            "cargo_categories": [
                "Non-hazardous"
            ],
            "delay_cost": 0,
            "group_uuid": "35386ddb-07c8-4f6f-91fd-bb60a757e750",
            "source": "Berth 33",
            "transportation_methods": [
                "Roadway",
                "Sea",
                "Transloading"
            ],
            "shipper": "King Ocean",
            "nTEU": 14,
            "origin": "HONDURAS",
            "destination": "McIntosh Intersection",
            "name": "28-TUCANA J-10:27:HONDURAS"
        },
        {
            "EAT": 7200,
            "LDT": 8640,
            "cargo_categories": [
                "Non-hazardous"
            ],
            "delay_cost": 0,
            "group_uuid": "35386ddb-07c8-4f6f-91fd-bb60a757e750",
            "source": "Berth 33",
            "transportation_methods": [
                "Roadway",
                "Sea",
                "Transloading"
            ],
            "shipper": "Crowley",
            "nTEU": 1,
            "origin": "COSTA RICA",
            "destination": "McIntosh Intersection",
            "name": "28-TUCANA J-11:49:COSTA RICA"
        },
        {
            "EAT": 7200,
            "LDT": 8640,
            "cargo_categories": [
                "Non-hazardous"
            ],
            "delay_cost": 0,
            "group_uuid": "35386ddb-07c8-4f6f-91fd-bb60a757e750",
            "source": "Berth 33",
            "transportation_methods": [
                "Roadway",
                "Sea",
                "Transloading"
            ],
            "shipper": "Crowley",
            "nTEU": 1,
            "origin": "HONDURAS",
            "destination": "McIntosh Intersection",
            "name": "28-TUCANA J-12:60:HONDURAS"
        },
        {
            "EAT": 7200,
            "LDT": 8640,
            "cargo_categories": [
                "Non-hazardous"
            ],
            "delay_cost": 0,
            "group_uuid": "35386ddb-07c8-4f6f-91fd-bb60a757e750",
            "source": "Berth 33",
            "transportation_methods": [
                "Roadway",
                "Sea",
                "Transloading"
            ],
            "shipper": "Crowley",
            "nTEU": 2,
            "origin": "BELIZE",
            "destination": "McIntosh Intersection",
            "name": "28-TUCANA J-13:21:BELIZE"
        },
        {
            "EAT": 7200,
            "LDT": 8640,
            "cargo_categories": [
                "Non-hazardous"
            ],
            "delay_cost": 0,
            "group_uuid": "35386ddb-07c8-4f6f-91fd-bb60a757e750",
            "source": "Berth 33",
            "transportation_methods": [
                "Roadway",
                "Sea",
                "Transloading"
            ],
            "shipper": "King Ocean",
            "nTEU": 2,
            "origin": "ECUADOR",
            "destination": "McIntosh Intersection",
            "name": "28-TUCANA J-14:69:ECUADOR"
        },
        {
            "EAT": 7200,
            "LDT": 8640,
            "cargo_categories": [
                "Non-hazardous"
            ],
            "delay_cost": 0,
            "group_uuid": "35386ddb-07c8-4f6f-91fd-bb60a757e750",
            "source": "Berth 33",
            "transportation_methods": [
                "Roadway",
                "Sea",
                "Transloading"
            ],
            "shipper": "Crowley",
            "nTEU": 3,
            "origin": "GERMANY",
            "destination": "McIntosh Intersection",
            "name": "28-TUCANA J-15:84:GERMANY"
        },
        {
            "EAT": 7200,
            "LDT": 8640,
            "cargo_categories": [
                "Non-hazardous"
            ],
            "delay_cost": 0,
            "group_uuid": "35386ddb-07c8-4f6f-91fd-bb60a757e750",
            "source": "Berth 33",
            "transportation_methods": [
                "Roadway",
                "Sea",
                "Transloading"
            ],
            "shipper": "Crowley",
            "nTEU": 1,
            "origin": "UNITED KINGDOM",
            "destination": "McIntosh Intersection",
            "name": "28-TUCANA J-16:42:UNITED KINGDOM"
        },
        {
            "EAT": 7200,
            "LDT": 8640,
            "cargo_categories": [
                "Non-hazardous"
            ],
            "delay_cost": 0,
            "group_uuid": "35386ddb-07c8-4f6f-91fd-bb60a757e750",
            "source": "Berth 33",
            "transportation_methods": [
                "Roadway",
                "Sea",
                "Transloading"
            ],
            "shipper": "Crowley",
            "nTEU": 2,
            "origin": "HONDURAS",
            "destination": "McIntosh Intersection",
            "name": "28-TUCANA J-17:52:HONDURAS"
        },
        {
            "EAT": 7200,
            "LDT": 8640,
            "cargo_categories": [
                "Non-hazardous"
            ],
            "delay_cost": 0,
            "group_uuid": "35386ddb-07c8-4f6f-91fd-bb60a757e750",
            "source": "Berth 33",
            "transportation_methods": [
                "Roadway",
                "Sea",
                "Transloading"
            ],
            "shipper": "Crowley",
            "nTEU": 22,
            "origin": "HONDURAS",
            "destination": "McIntosh Intersection",
            "name": "28-TUCANA J-18:61:HONDURAS"
        },
        {
            "EAT": 7200,
            "LDT": 8640,
            "cargo_categories": [
                "Non-hazardous"
            ],
            "delay_cost": 0,
            "group_uuid": "35386ddb-07c8-4f6f-91fd-bb60a757e750",
            "source": "Berth 33",
            "transportation_methods": [
                "Roadway",
                "Sea",
                "Transloading"
            ],
            "shipper": "King Ocean",
            "nTEU": 0,
            "origin": "COLOMBIA",
            "destination": "McIntosh Intersection",
            "name": "28-TUCANA J-19:86:COLOMBIA"
        },
        {
            "EAT": 7200,
            "LDT": 8640,
            "cargo_categories": [
                "Non-hazardous"
            ],
            "delay_cost": 0,
            "group_uuid": "35386ddb-07c8-4f6f-91fd-bb60a757e750",
            "source": "Berth 33",
            "transportation_methods": [
                "Roadway",
                "Sea",
                "Transloading"
            ],
            "shipper": "Crowley",
            "nTEU": 8,
            "origin": "HONDURAS",
            "destination": "McIntosh Intersection",
            "name": "28-TUCANA J-20::HONDURAS"
        },
        {
            "EAT": 7200,
            "LDT": 8640,
            "cargo_categories": [
                "Non-hazardous"
            ],
            "delay_cost": 0,
            "group_uuid": "35386ddb-07c8-4f6f-91fd-bb60a757e750",
            "source": "Berth 33",
            "transportation_methods": [
                "Roadway",
                "Sea",
                "Transloading"
            ],
            "shipper": "Crowley",
            "nTEU": 8,
            "origin": "GUATEMALA",
            "destination": "McIntosh Intersection",
            "name": "28-TUCANA J-21:39:GUATEMALA"
        },
        {
            "EAT": 7200,
            "LDT": 8640,
            "cargo_categories": [
                "Non-hazardous"
            ],
            "delay_cost": 0,
            "group_uuid": "35386ddb-07c8-4f6f-91fd-bb60a757e750",
            "source": "Berth 33",
            "transportation_methods": [
                "Roadway",
                "Sea",
                "Transloading"
            ],
            "shipper": "Crowley",
            "nTEU": 5,
            "origin": "BRAZIL",
            "destination": "McIntosh Intersection",
            "name": "28-TUCANA J-22:85:BRAZIL"
        },
        {
            "EAT": 7200,
            "LDT": 8640,
            "cargo_categories": [
                "Non-hazardous"
            ],
            "delay_cost": 0,
            "group_uuid": "35386ddb-07c8-4f6f-91fd-bb60a757e750",
            "source": "Berth 33",
            "transportation_methods": [
                "Roadway",
                "Sea",
                "Transloading"
            ],
            "shipper": "Crowley",
            "nTEU": 2,
            "origin": "DOMINICAN REPUBLIC",
            "destination": "McIntosh Intersection",
            "name": "28-TUCANA J-23:34:DOMINICAN REPUBLIC"
        },
        {
            "EAT": 7200,
            "LDT": 8640,
            "cargo_categories": [
                "Non-hazardous"
            ],
            "delay_cost": 0,
            "group_uuid": "35386ddb-07c8-4f6f-91fd-bb60a757e750",
            "source": "Berth 33",
            "transportation_methods": [
                "Roadway",
                "Sea",
                "Transloading"
            ],
            "shipper": "Crowley",
            "nTEU": 4,
            "origin": "DOMINICAN REPUBLIC",
            "destination": "McIntosh Intersection",
            "name": "28-TUCANA J-24:24:DOMINICAN REPUBLIC"
        },
        {
            "EAT": 7200,
            "LDT": 8640,
            "cargo_categories": [
                "Non-hazardous"
            ],
            "delay_cost": 0,
            "group_uuid": "35386ddb-07c8-4f6f-91fd-bb60a757e750",
            "source": "Berth 33",
            "transportation_methods": [
                "Roadway",
                "Sea",
                "Transloading"
            ],
            "shipper": "Crowley",
            "nTEU": 3,
            "origin": "SPAIN-S",
            "destination": "McIntosh Intersection",
            "name": "28-TUCANA J-25:95:SPAIN-S"
        },
        {
            "EAT": 7200,
            "LDT": 8640,
            "cargo_categories": [
                "Non-hazardous"
            ],
            "delay_cost": 0,
            "group_uuid": "35386ddb-07c8-4f6f-91fd-bb60a757e750",
            "source": "Berth 33",
            "transportation_methods": [
                "Roadway",
                "Sea",
                "Transloading"
            ],
            "shipper": "Crowley",
            "nTEU": 3,
            "origin": "ITALY",
            "destination": "McIntosh Intersection",
            "name": "28-TUCANA J-26:32:ITALY"
        }
    ]
}