{
    "commodities": [
        {
            "EAT": 1440,
            "LDT": 4320,
            "cargo_categories": [
                "Non-hazardous"
            ],
            "delay_cost": 0,
            "group_uuid": "82d338c7-6498-40f0-b167-4825e5bb31f4",
            "source": "Berth 33",
            "transportation_methods": [
                "Roadway",
                "Sea",
                "Transloading"
            ],
            "shipper": "Crowley",
            "nTEU": 44,
            "origin": "DOMINICAN REPUBLIC",
            "destination": "McIntosh Intersection",
            "name": "3-PAVO J-0:90:DOMINICAN REPUBLIC"
        },
        {
            "EAT": 1440,
            "LDT": 4320,
            "cargo_categories": [
                "Non-hazardous"
            ],
            "delay_cost": 0,
            "group_uuid": "82d338c7-6498-40f0-b167-4825e5bb31f4",
            "source": "Berth 33",
            "transportation_methods": [
                "Roadway",
                "Sea",
                "Transloading"
            ],
            "shipper": "Crowley",
            "nTEU": 2,
            "origin": "BELGIUM",
            "destination": "McIntosh Intersection",
            "name": "3-PAVO J-1:67:BELGIUM"
        },
        {
            "EAT": 1440,
            "LDT": 4320,
            "cargo_categories": [
                "Non-hazardous"
            ],
            "delay_cost": 0,
            "group_uuid": "82d338c7-6498-40f0-b167-4825e5bb31f4",
            "source": "Berth 33",
            "transportation_methods": [
                "Roadway",
                "Sea",
                "Transloading"
            ],
            "shipper": "Crowley",
            "nTEU": 9,
            "origin": "DOMINICAN REPUBLIC",
            "destination": "McIntosh Intersection",
            "name": "3-PAVO J-2:24:DOMINICAN REPUBLIC"
        },
        {
            "EAT": 1440,
            "LDT": 4320,
            "cargo_categories": [
                "Non-hazardous"
            ],
            "delay_cost": 0,
            "group_uuid": "82d338c7-6498-40f0-b167-4825e5bb31f4",
            "source": "Berth 33",
            "transportation_methods": [
                "Roadway",
                "Sea",
                "Transloading"
            ],
            "shipper": "Crowley",
            "nTEU": 1,
            "origin": "GUATEMALA",
            "destination": "McIntosh Intersection",
            "name": "3-PAVO J-3:21:GUATEMALA"
        },
        {
            "EAT": 1440,
            "LDT": 4320,
            "cargo_categories": [
                "Non-hazardous"
            ],
            "delay_cost": 0,
            "group_uuid": "82d338c7-6498-40f0-b167-4825e5bb31f4",
            "source": "Berth 33",
            "transportation_methods": [
                "Roadway",
                "Sea",
                "Transloading"
            ],
            "shipper": "Crowley",
            "nTEU": 6,
            "origin": "ITALY",
            "destination": "McIntosh Intersection",
            "name": "3-PAVO J-4:87:ITALY"
        },
        {
            "EAT": 1440,
            "LDT": 4320,
            "cargo_categories": [
                "Non-hazardous"
            ],
            "delay_cost": 10,
            "group_uuid": "82d338c7-6498-40f0-b167-4825e5bb31f4",
            "source": "Berth 33",
            "transportation_methods": [
                "Roadway",
                "Sea",
                "Transloading"
            ],
            "shipper": "Crowley",
            "nTEU": 9,
            "origin": "HONDURAS",
            "destination": "McIntosh Intersection",
            "name": "3-PAVO J-5:8:HONDURAS"
        },
        {
            "EAT": 1440,
            "LDT": 4320,
            "cargo_categories": [
                "Non-hazardous"
            ],
            "delay_cost": 0,
            "group_uuid": "82d338c7-6498-40f0-b167-4825e5bb31f4",
            "source": "Berth 33",
            "transportation_methods": [
                "Roadway",
                "Sea",
                "Transloading"
            ],
            "shipper": "Crowley",
            "nTEU": 6,
            "origin": "BAHAMAS",
            "destination": "McIntosh Intersection",
            "name": "3-PAVO J-6:39:BAHAMAS"
        },
        {
            "EAT": 1440,
            "LDT": 4320,
            "cargo_categories": [
                "Non-hazardous"
            ],
            "delay_cost": 0,
            "group_uuid": "82d338c7-6498-40f0-b167-4825e5bb31f4",
            "source": "Berth 33",
            "transportation_methods": [
                "Roadway",
                "Sea",
                "Transloading"
            ],
            "shipper": "Crowley",
            "nTEU": 21,
            "origin": "HONDURAS",
            "destination": "McIntosh Intersection",
            "name": "3-PAVO J-7:52:HONDURAS"
        },
        {
            "EAT": 1440,
            "LDT": 4320,
            "cargo_categories": [
                "Non-hazardous"
            ],
            "delay_cost": 0,
            "group_uuid": "82d338c7-6498-40f0-b167-4825e5bb31f4",
            "source": "Berth 33",
            "transportation_methods": [
                "Roadway",
                "Sea",
                "Transloading"
            ],
            "shipper": "Crowley",
            "nTEU": 1,
            "origin": "GUATEMALA",
            "destination": "McIntosh Intersection",
            "name": "3-PAVO J-8:61:GUATEMALA"
        },
        {
            "EAT": 1440,
            "LDT": 4320,
            "cargo_categories": [
                "Non-hazardous"
            ],
            "delay_cost": 0,
            "group_uuid": "82d338c7-6498-40f0-b167-4825e5bb31f4",
            "source": "Berth 33",
            "transportation_methods": [
                "Roadway",
                "Sea",
                "Transloading"
            ],
            "shipper": "Crowley",
            "nTEU": 1,
            "origin": "ITALY",
            "destination": "McIntosh Intersection",
            "name": "3-PAVO J-9:73:ITALY"
        },
        {
            "EAT": 1440,
            "LDT": 4320,
            "cargo_categories": [
                "Non-hazardous"
            ],
            "delay_cost": 0,
            "group_uuid": "82d338c7-6498-40f0-b167-4825e5bb31f4",
            "source": "Berth 33",
            "transportation_methods": [
                "Roadway",
                "Sea",
                "Transloading"
            ],
            "shipper": "Crowley",
            "nTEU": 7,
            "origin": "COLOMBIA",
            "destination": "McIntosh Intersection",
            "name": "3-PAVO J-10:96:COLOMBIA"
        },
        {
            "EAT": 1440,
            "LDT": 4320,
            "cargo_categories": [
                "Non-hazardous"
            ],
            "delay_cost": 0,
            "group_uuid": "82d338c7-6498-40f0-b167-4825e5bb31f4",
            "source": "Berth 33",
            "transportation_methods": [
                "Roadway",
                "Sea",
                "Transloading"
            ],
            "shipper": "Crowley",
            "nTEU": 1,
            "origin": "GUATEMALA",
            "destination": "McIntosh Intersection",
            "name": "3-PAVO J-11:54:GUATEMALA"
        },
        {
            "EAT": 1440,
            "LDT": 4320,
            "cargo_categories": [
                "Non-hazardous"
            ],
            "delay_cost": 0,
            "group_uuid": "82d338c7-6498-40f0-b167-4825e5bb31f4",
            "source": "Berth 33",
            "transportation_methods": [
                "Roadway",
                "Sea",
                "Transloading"
            ],
            "shipper": "Crowley",
            "nTEU": 7,
            "origin": "PANAMA",
            "destination": "McIntosh Intersection",
            "name": "3-PAVO J-12:84:PANAMA"
        },
        {
            "EAT": 1440,
            "LDT": 4320,
            "cargo_categories": [
                "Non-hazardous"
            ],
            "delay_cost": 0,
            "group_uuid": "82d338c7-6498-40f0-b167-4825e5bb31f4",
            "source": "Berth 33",
            "transportation_methods": [
                "Roadway",
                "Sea",
                "Transloading"
            ],
            "shipper": "Crowley",
            "nTEU": 5,
            "origin": "TURKS AND CAICOS IS",
            "destination": "McIntosh Intersection",
            "name": "3-PAVO J-13:86:TURKS AND CAICOS IS"
        },
        {
            "EAT": 1440,
            "LDT": 4320,
            "cargo_categories": [
                "Non-hazardous"
            ],
            "delay_cost": 0,
            "group_uuid": "82d338c7-6498-40f0-b167-4825e5bb31f4",
            "source": "Berth 33",
            "transportation_methods": [
                "Roadway",
                "Sea",
                "Transloading"
            ],
            "shipper": "Crowley",
            "nTEU": 3,
            "origin": "PERU",
            "destination": "McIntosh Intersection",
            "name": "3-PAVO J-14:7:PERU"
        },
        {
            "EAT": 1440,
            "LDT": 4320,
            "cargo_categories": [
                "Non-hazardous"
            ],
            "delay_cost": 0,
            "group_uuid": "82d338c7-6498-40f0-b167-4825e5bb31f4",
            "source": "Berth 33",
            "transportation_methods": [
                "Roadway",
                "Sea",
                "Transloading"
            ],
            "shipper": "Crowley",
            "nTEU": 1,
            "origin": "BELGIUM",
            "destination": "McIntosh Intersection",
            "name": "3-PAVO J-15:28:BELGIUM"
        },
        {
            "EAT": 1440,
            "LDT": 4320,
            "cargo_categories": [
                "Non-hazardous"
            ],
            "delay_cost": 0,
            "group_uuid": "82d338c7-6498-40f0-b167-4825e5bb31f4",
            "source": "Berth 33",
            "transportation_methods": [
                "Roadway",
                "Sea",
                "Transloading"
            ],
            "shipper": "Crowley",
            "nTEU": 1,
            "origin": "HONDURAS",
            "destination": "McIntosh Intersection",
            "name": "3-PAVO J-16:38:HONDURAS"
        },
        {
            "EAT": 1440,
            "LDT": 4320,
            "cargo_categories": [
                "Non-hazardous"
            ],
            "delay_cost": 0,
            "group_uuid": "82d338c7-6498-40f0-b167-4825e5bb31f4",
            "source": "Berth 33",
            "transportation_methods": [
                "Roadway",
                "Sea",
                "Transloading"
            ],
            "shipper": "Crowley",
            "nTEU": 173,
            "origin": "GUATEMALA",
            "destination": "McIntosh Intersection",
            "name": "3-PAVO J-17:62:GUATEMALA"
        },
        {
            "EAT": 1440,
            "LDT": 4320,
            "cargo_categories": [
                "Non-hazardous"
            ],
            "delay_cost": 0,
            "group_uuid": "82d338c7-6498-40f0-b167-4825e5bb31f4",
            "source": "Berth 33",
            "transportation_methods": [
                "Roadway",
                "Sea",
                "Transloading"
            ],
            "shipper": "Crowley",
            "nTEU": 1,
            "origin": "ITALY",
            "destination": "McIntosh Intersection",
            "name": "3-PAVO J-18:15:ITALY"
        },
        {
            "EAT": 1440,
            "LDT": 4320,
            "cargo_categories": [
                "Non-hazardous"
            ],
            "delay_cost": 0,
            "group_uuid": "82d338c7-6498-40f0-b167-4825e5bb31f4",
            "source": "Berth 33",
            "transportation_methods": [
                "Roadway",
                "Sea",
                "Transloading"
            ],
            "shipper": "Crowley",
            "nTEU": 13,
            "origin": "COLOMBIA",
            "destination": "McIntosh Intersection",
            "name": "3-PAVO J-19:68:COLOMBIA"
        },
        {
            "EAT": 1440,
            "LDT": 4320,
            "cargo_categories": [
                "Non-hazardous"
            ],
            "delay_cost": 0,
            "group_uuid": "82d338c7-6498-40f0-b167-4825e5bb31f4",
            "source": "Berth 33",
            "transportation_methods": [
                "Roadway",
                "Sea",
                "Transloading"
            ],
            "shipper": "Crowley",
            "nTEU": 1,
            "origin": "UNITED KINGDOM",
            "destination": "McIntosh Intersection",
            "name": "3-PAVO J-20:19:UNITED KINGDOM"
        },
        {
            "EAT": 1440,
            "LDT": 4320,
            "cargo_categories": [
                "Non-hazardous"
            ],
            "delay_cost": 0,
            "group_uuid": "82d338c7-6498-40f0-b167-4825e5bb31f4",
            "source": "Berth 33",
            "transportation_methods": [
                "Roadway",
                "Sea",
                "Transloading"
            ],
            "shipper": "Crowley",
            "nTEU": 4,
            "origin": "GERMANY",
            "destination": "McIntosh Intersection",
            "name": "3-PAVO J-21:95:GERMANY"
        },
        {
            "EAT": 1440,
            "LDT": 4320,
            "cargo_categories": [
                "Non-hazardous"
            ],
            "delay_cost": 0,
            "group_uuid": "82d338c7-6498-40f0-b167-4825e5bb31f4",
            "source": "Berth 33",
            "transportation_methods": [
                "Roadway",
                "Sea",
                "Transloading"
            ],
            "shipper": "Crowley",
            "nTEU": 22,
            "origin": "DOMINICAN REPUBLIC",
            "destination": "McIntosh Intersection",
            "name": "3-PAVO J-22:85:DOMINICAN REPUBLIC"
        },
        {
            "EAT": 1440,
            "LDT": 4320,
            "cargo_categories": [
                "Non-hazardous"
            ],
            "delay_cost": 0,
            "group_uuid": "82d338c7-6498-40f0-b167-4825e5bb31f4",
            "source": "Berth 33",
            "transportation_methods": [
                "Roadway",
                "Sea",
                "Transloading"
            ],
            "shipper": "Crowley",
            "nTEU": 2,
            "origin": "BAHAMAS",
            "destination": "McIntosh Intersection",
            "name": "3-PAVO J-23:94:BAHAMAS"
        },
        {
            "EAT": 1440,
            "LDT": 4320,
            "cargo_categories": [
                "Non-hazardous"
            ],
            "delay_cost": 0,
            "group_uuid": "82d338c7-6498-40f0-b167-4825e5bb31f4",
            "source": "Berth 33",
            "transportation_methods": [
                "Roadway",
                "Sea",
                "Transloading"
            ],
            "shipper": "Crowley",
            "nTEU": 9,
            "origin": "HONDURAS",
            "destination": "McIntosh Intersection",
            "name": "3-PAVO J-24::HONDURAS"
        }
    ]
}