{
    "commodities": [
        {
            "EAT": 945,
            "LDT": 3825,
            "cargo_categories": [
                "Non-hazardous"
            ],
            "delay_cost": 0,
            "group_uuid": "52254b02-1720-49ab-8cb6-42c8c693c8ac",
            "source": "Berth 32",
            "transportation_methods": [
                "Roadway",
                "Sea",
                "Transloading"
            ],
            "shipper": "King Ocean",
            "nTEU": 9,
            "origin": "HONDURAS",
            "destination": "McIntosh Intersection",
            "name": "1-PLANET V-0::HONDURAS"
        },
        {
            "EAT": 945,
            "LDT": 3825,
            "cargo_categories": [
                "Non-hazardous"
            ],
            "delay_cost": 0,
            "group_uuid": "52254b02-1720-49ab-8cb6-42c8c693c8ac",
            "source": "Berth 32",
            "transportation_methods": [
                "Roadway",
                "Sea",
                "Transloading"
            ],
            "shipper": "King Ocean",
            "nTEU": 2,
            "origin": "COLOMBIA",
            "destination": "McIntosh Intersection",
            "name": "1-PLANET V-1:17:COLOMBIA"
        },
        {
            "EAT": 945,
            "LDT": 3825,
            "cargo_categories": [
                "Non-hazardous"
            ],
            "delay_cost": 0,
            "group_uuid": "52254b02-1720-49ab-8cb6-42c8c693c8ac",
            "source": "Berth 32",
            "transportation_methods": [
                "Roadway",
                "Sea",
                "Transloading"
            ],
            "shipper": "King Ocean",
            "nTEU": 4,
            "origin": "ECUADOR",
            "destination": "McIntosh Intersection",
            "name": "1-PLANET V-2:34:ECUADOR"
        },
        {
            "EAT": 945,
            "LDT": 3825,
            "cargo_categories": [
                "Non-hazardous"
            ],
            "delay_cost": 0,
            "group_uuid": "52254b02-1720-49ab-8cb6-42c8c693c8ac",
            "source": "Berth 32",
            "transportation_methods": [
                "Roadway",
                "Sea",
                "Transloading"
            ],
            "shipper": "King Ocean",
            "nTEU": 5,
            "origin": "HONDURAS",
            "destination": "McIntosh Intersection",
            "name": "1-PLANET V-3:61:HONDURAS"
        },
        {
            "EAT": 945,
            "LDT": 3825,
            "cargo_categories": [
                "Non-hazardous"
            ],
            "delay_cost": 0,
            "group_uuid": "52254b02-1720-49ab-8cb6-42c8c693c8ac",
            "source": "Berth 32",
            "transportation_methods": [
                "Roadway",
                "Sea",
                "Transloading"
            ],
            "shipper": "King Ocean",
            "nTEU": 0,
            "origin": "TURKS AND CAICOS IS",
            "destination": "McIntosh Intersection",
            "name": "1-PLANET V-4:86:TURKS AND CAICOS IS"
        },
        {
            "EAT": 945,
            "LDT": 3825,
            "cargo_categories": [
                "Non-hazardous"
            ],
            "delay_cost": 0,
            "group_uuid": "52254b02-1720-49ab-8cb6-42c8c693c8ac",
            "source": "Berth 32",
            "transportation_methods": [
                "Roadway",
                "Sea",
                "Transloading"
            ],
            "shipper": "King Ocean",
            "nTEU": 17,
            "origin": "BAHAMAS",
            "destination": "McIntosh Intersection",
            "name": "1-PLANET V-5:25:BAHAMAS"
        },
        {
            "EAT": 945,
            "LDT": 3825,
            "cargo_categories": [
                "Non-hazardous"
            ],
            "delay_cost": 0,
            "group_uuid": "52254b02-1720-49ab-8cb6-42c8c693c8ac",
            "source": "Berth 32",
            "transportation_methods": [
                "Roadway",
                "Sea",
                "Transloading"
            ],
            "shipper": "King Ocean",
            "nTEU": 1,
            "origin": "CHILE",
            "destination": "McIntosh Intersection",
            "name": "1-PLANET V-6:63:CHILE"
        },
        {
            "EAT": 945,
            "LDT": 3825,
            "cargo_categories": [
                "Non-hazardous"
            ],
            "delay_cost": 0,
            "group_uuid": "52254b02-1720-49ab-8cb6-42c8c693c8ac",
            "source": "Berth 32",
            "transportation_methods": [
                "Roadway",
                "Sea",
                "Transloading"
            ],
            "shipper": "King Ocean",
            "nTEU": 1,
            "origin": "BELGIUM",
            "destination": "McIntosh Intersection",
            "name": "1-PLANET V-7:32:BELGIUM"
        },
        {
            "EAT": 945,
            "LDT": 3825,
            "cargo_categories": [
                "Non-hazardous"
            ],
            "delay_cost": 0,
            "group_uuid": "52254b02-1720-49ab-8cb6-42c8c693c8ac",
            "source": "Berth 32",
            "transportation_methods": [
                "Roadway",
                "Sea",
                "Transloading"
            ],
            "shipper": "King Ocean",
            "nTEU": 1,
            "origin": "DOMINICAN REPUBLIC",
            "destination": "McIntosh Intersection",
            "name": "1-PLANET V-8:83:DOMINICAN REPUBLIC"
        },
        {
            "EAT": 945,
            "LDT": 3825,
            "cargo_categories": [
                "Non-hazardous"
            ],
            "delay_cost": 0,
            "group_uuid": "52254b02-1720-49ab-8cb6-42c8c693c8ac",
            "source": "Berth 32",
            "transportation_methods": [
                "Roadway",
                "Sea",
                "Transloading"
            ],
            "shipper": "King Ocean",
            "nTEU": 12,
            "origin": "HONDURAS",
            "destination": "McIntosh Intersection",
            "name": "1-PLANET V-9:39:HONDURAS"
        },
        {
            "EAT": 945,
            "LDT": 3825,
            "cargo_categories": [
                "Non-hazardous"
            ],
            "delay_cost": 0,
            "group_uuid": "52254b02-1720-49ab-8cb6-42c8c693c8ac",
            "source": "Berth 32",
            "transportation_methods": [
                "Roadway",
                "Sea",
                "Transloading"
            ],
            "shipper": "King Ocean",
            "nTEU": 16,
            "origin": "ITALY",
            "destination": "McIntosh Intersection",
            "name": "1-PLANET V-10:84:ITALY"
        },
        {
            "EAT": 945,
            "LDT": 3825,
            "cargo_categories": [
                "Non-hazardous"
            ],
            "delay_cost": 0,
            "group_uuid": "52254b02-1720-49ab-8cb6-42c8c693c8ac",
            "source": "Berth 32",
            "transportation_methods": [
                "Roadway",
                "Sea",
                "Transloading"
            ],
            "shipper": "King Ocean",
            "nTEU": 1,
            "origin": "COLOMBIA",
            "destination": "McIntosh Intersection",
            "name": "1-PLANET V-11:87:COLOMBIA"
        },
        {
            "EAT": 945,
            "LDT": 3825,
            "cargo_categories": [
                "Non-hazardous"
            ],
            "delay_cost": 10,
            "group_uuid": "52254b02-1720-49ab-8cb6-42c8c693c8ac",
            "source": "Berth 32",
            "transportation_methods": [
                "Roadway",
                "Sea",
                "Transloading"
            ],
            "shipper": "King Ocean",
            "nTEU": 17,
            "origin": "GUATEMALA",
            "destination": "McIntosh Intersection",
            "name": "1-PLANET V-12:8:GUATEMALA"
        },
        {
            "EAT": 945,
            "LDT": 3825,
            "cargo_categories": [
                "Non-hazardous"
            ],
            "delay_cost": 0,
            "group_uuid": "52254b02-1720-49ab-8cb6-42c8c693c8ac",
            "source": "Berth 32",
            "transportation_methods": [
                "Roadway",
                "Sea",
                "Transloading"
            ],
            "shipper": "King Ocean",
            "nTEU": 1,
            "origin": "DOMINICAN REPUBLIC",
            "destination": "McIntosh Intersection",
            "name": "1-PLANET V-13:16:DOMINICAN REPUBLIC"
        },
        {
            "EAT": 945,
            "LDT": 3825,
            "cargo_categories": [
                "Non-hazardous"
            ],
            "delay_cost": 0,
            "group_uuid": "52254b02-1720-49ab-8cb6-42c8c693c8ac",
            "source": "Berth 32",
            "transportation_methods": [
                "Roadway",
                "Sea",
                "Transloading"
            ],
            "shipper": "King Ocean",
            "nTEU": 1,
            "origin": "GUATEMALA",
            "destination": "McIntosh Intersection",
            "name": "1-PLANET V-14:62:GUATEMALA"
        },
        {
            "EAT": 945,
            "LDT": 3825,
            "cargo_categories": [
                "Non-hazardous"
            ],
            "delay_cost": 0,
            "group_uuid": "52254b02-1720-49ab-8cb6-42c8c693c8ac",
            "source": "Berth 32",
            "transportation_methods": [
                "Roadway",
                "Sea",
                "Transloading"
            ],
            "shipper": "King Ocean",
            "nTEU": 1,
            "origin": "DOMINICAN REPUBLIC",
            "destination": "McIntosh Intersection",
            "name": "1-PLANET V-15:85:DOMINICAN REPUBLIC"
        },
        {
            "EAT": 945,
            "LDT": 3825,
            "cargo_categories": [
                "Non-hazardous"
            ],
            "delay_cost": 0,
            "group_uuid": "52254b02-1720-49ab-8cb6-42c8c693c8ac",
            "source": "Berth 32",
            "transportation_methods": [
                "Roadway",
                "Sea",
                "Transloading"
            ],
            "shipper": "King Ocean",
            "nTEU": 7,
            "origin": "COLOMBIA",
            "destination": "McIntosh Intersection",
            "name": "1-PLANET V-16:3:COLOMBIA"
        },
        {
            "EAT": 945,
            "LDT": 3825,
            "cargo_categories": [
                "Non-hazardous"
            ],
            "delay_cost": 0,
            "group_uuid": "52254b02-1720-49ab-8cb6-42c8c693c8ac",
            "source": "Berth 32",
            "transportation_methods": [
                "Roadway",
                "Sea",
                "Transloading"
            ],
            "shipper": "King Ocean",
            "nTEU": 1,
            "origin": "BELGIUM",
            "destination": "McIntosh Intersection",
            "name": "1-PLANET V-17:33:BELGIUM"
        },
        {
            "EAT": 945,
            "LDT": 3825,
            "cargo_categories": [
                "Non-hazardous"
            ],
            "delay_cost": 0,
            "group_uuid": "52254b02-1720-49ab-8cb6-42c8c693c8ac",
            "source": "Berth 32",
            "transportation_methods": [
                "Roadway",
                "Sea",
                "Transloading"
            ],
            "shipper": "King Ocean",
            "nTEU": 47,
            "origin": "SPAIN-S",
            "destination": "McIntosh Intersection",
            "name": "1-PLANET V-18:20:SPAIN-S"
        },
        {
            "EAT": 945,
            "LDT": 3825,
            "cargo_categories": [
                "Non-hazardous"
            ],
            "delay_cost": 0,
            "group_uuid": "52254b02-1720-49ab-8cb6-42c8c693c8ac",
            "source": "Berth 32",
            "transportation_methods": [
                "Roadway",
                "Sea",
                "Transloading"
            ],
            "shipper": "King Ocean",
            "nTEU": 6,
            "origin": "DOMINICAN REPUBLIC",
            "destination": "McIntosh Intersection",
            "name": "1-PLANET V-19:21:DOMINICAN REPUBLIC"
        },
        {
            "EAT": 945,
            "LDT": 3825,
            "cargo_categories": [
                "Non-hazardous"
            ],
            "delay_cost": 0,
            "group_uuid": "52254b02-1720-49ab-8cb6-42c8c693c8ac",
            "source": "Berth 32",
            "transportation_methods": [
                "Roadway",
                "Sea",
                "Transloading"
            ],
            "shipper": "King Ocean",
            "nTEU": 1,
            "origin": "PANAMA",
            "destination": "McIntosh Intersection",
            "name": "1-PLANET V-20:10:PANAMA"
        },
        {
            "EAT": 945,
            "LDT": 3825,
            "cargo_categories": [
                "Non-hazardous"
            ],
            "delay_cost": 0,
            "group_uuid": "52254b02-1720-49ab-8cb6-42c8c693c8ac",
            "source": "Berth 32",
            "transportation_methods": [
                "Roadway",
                "Sea",
                "Transloading"
            ],
            "shipper": "King Ocean",
            "nTEU": 8,
            "origin": "ITALY",
            "destination": "McIntosh Intersection",
            "name": "1-PLANET V-21:4:ITALY"
        },
        {
            "EAT": 945,
            "LDT": 3825,
            "cargo_categories": [
                "Non-hazardous"
            ],
            "delay_cost": 0,
            "group_uuid": "52254b02-1720-49ab-8cb6-42c8c693c8ac",
            "source": "Berth 32",
            "transportation_methods": [
                "Roadway",
                "Sea",
                "Transloading"
            ],
            "shipper": "King Ocean",
            "nTEU": 1,
            "origin": "GUATEMALA",
            "destination": "McIntosh Intersection",
            "name": "1-PLANET V-22:52:GUATEMALA"
        },
        {
            "EAT": 945,
            "LDT": 3825,
            "cargo_categories": [
                "Non-hazardous"
            ],
            "delay_cost": 0,
            "group_uuid": "52254b02-1720-49ab-8cb6-42c8c693c8ac",
            "source": "Berth 32",
            "transportation_methods": [
                "Roadway",
                "Sea",
                "Transloading"
            ],
            "shipper": "King Ocean",
            "nTEU": 32,
            "origin": "HONDURAS",
            "destination": "McIntosh Intersection",
            "name": "1-PLANET V-23:7:HONDURAS"
        },
        {
            "EAT": 945,
            "LDT": 3825,
            "cargo_categories": [
                "Non-hazardous"
            ],
            "delay_cost": 0,
            "group_uuid": "52254b02-1720-49ab-8cb6-42c8c693c8ac",
            "source": "Berth 32",
            "transportation_methods": [
                "Roadway",
                "Sea",
                "Transloading"
            ],
            "shipper": "King Ocean",
            "nTEU": 2,
            "origin": "GUATEMALA",
            "destination": "McIntosh Intersection",
            "name": "1-PLANET V-24:19:GUATEMALA"
        },
        {
            "EAT": 945,
            "LDT": 3825,
            "cargo_categories": [
                "Non-hazardous"
            ],
            "delay_cost": 0,
            "group_uuid": "52254b02-1720-49ab-8cb6-42c8c693c8ac",
            "source": "Berth 32",
            "transportation_methods": [
                "Roadway",
                "Sea",
                "Transloading"
            ],
            "shipper": "King Ocean",
            "nTEU": 31,
            "origin": "BRAZIL",
            "destination": "McIntosh Intersection",
            "name": "1-PLANET V-25:44:BRAZIL"
        },
        {
            "EAT": 945,
            "LDT": 3825,
            "cargo_categories": [
                "Non-hazardous"
            ],
            "delay_cost": 0,
            "group_uuid": "52254b02-1720-49ab-8cb6-42c8c693c8ac",
            "source": "Berth 32",
            "transportation_methods": [
                "Roadway",
                "Sea",
                "Transloading"
            ],
            "shipper": "King Ocean",
            "nTEU": 1,
            "origin": "SPAIN-S",
            "destination": "McIntosh Intersection",
            "name": "1-PLANET V-26:22:SPAIN-S"
        },
        {
            "EAT": 945,
            "LDT": 3825,
            "cargo_categories": [
                "Non-hazardous"
            ],
            "delay_cost": 0,
            "group_uuid": "52254b02-1720-49ab-8cb6-42c8c693c8ac",
            "source": "Berth 32",
            "transportation_methods": [
                "Roadway",
                "Sea",
                "Transloading"
            ],
            "shipper": "King Ocean",
            "nTEU": 39,
            "origin": "ITALY",
            "destination": "McIntosh Intersection",
            "name": "1-PLANET V-27:69:ITALY"
        },
        {
            "EAT": 945,
            "LDT": 3825,
            "cargo_categories": [
                "Non-hazardous"
            ],
            "delay_cost": 0,
            "group_uuid": "52254b02-1720-49ab-8cb6-42c8c693c8ac",
            "source": "Berth 32",
            "transportation_methods": [
                "Roadway",
                "Sea",
                "Transloading"
            ],
            "shipper": "King Ocean",
            "nTEU": 2,
            "origin": "BAHAMAS",
            "destination": "McIntosh Intersection",
            "name": "1-PLANET V-28:94:BAHAMAS"
        },
        {
            "EAT": 945,
            "LDT": 3825,
            "cargo_categories": [
                "Non-hazardous"
            ],
            "delay_cost": 0,
            "group_uuid": "52254b02-1720-49ab-8cb6-42c8c693c8ac",
            "source": "Berth 32",
            "transportation_methods": [
                "Roadway",
                "Sea",
                "Transloading"
            ],
            "shipper": "King Ocean",
            "nTEU": 6,
            "origin": "GERMANY",
            "destination": "McIntosh Intersection",
            "name": "1-PLANET V-29:76:GERMANY"
        }
    ]
}