{
    "commodities": [
        {
            "EAT": 1440,
            "LDT": 4320,
            "cargo_categories": [
                "Non-hazardous"
            ],
            "delay_cost": 0,
            "group_uuid": "29a0f83f-2a75-4bea-938b-0c5ea68d1c3f",
            "source": "Berth 33",
            "transportation_methods": [
                "Roadway",
                "Sea",
                "Transloading"
            ],
            "shipper": "Crowley",
            "nTEU": 4,
            "origin": "BRAZIL",
            "destination": "McIntosh Intersection",
            "name": "8-TUCANA J-0:19:BRAZIL"
        },
        {
            "EAT": 1440,
            "LDT": 4320,
            "cargo_categories": [
                "Non-hazardous"
            ],
            "delay_cost": 0,
            "group_uuid": "29a0f83f-2a75-4bea-938b-0c5ea68d1c3f",
            "source": "Berth 33",
            "transportation_methods": [
                "Roadway",
                "Sea",
                "Transloading"
            ],
            "shipper": "Crowley",
            "nTEU": 1,
            "origin": "BRAZIL",
            "destination": "McIntosh Intersection",
            "name": "8-TUCANA J-1:64:BRAZIL"
        },
        {
            "EAT": 1440,
            "LDT": 4320,
            "cargo_categories": [
                "Non-hazardous"
            ],
            "delay_cost": 0,
            "group_uuid": "29a0f83f-2a75-4bea-938b-0c5ea68d1c3f",
            "source": "Berth 33",
            "transportation_methods": [
                "Roadway",
                "Sea",
                "Transloading"
            ],
            "shipper": "Crowley",
            "nTEU": 7,
            "origin": "DOMINICAN REPUBLIC",
            "destination": "McIntosh Intersection",
            "name": "8-TUCANA J-2:24:DOMINICAN REPUBLIC"
        },
        {
            "EAT": 1440,
            "LDT": 4320,
            "cargo_categories": [
                "Non-hazardous"
            ],
            "delay_cost": 0,
            "group_uuid": "29a0f83f-2a75-4bea-938b-0c5ea68d1c3f",
            "source": "Berth 33",
            "transportation_methods": [
                "Roadway",
                "Sea",
                "Transloading"
            ],
            "shipper": "Crowley",
            "nTEU": 1,
            "origin": "COLOMBIA",
            "destination": "McIntosh Intersection",
            "name": "8-TUCANA J-3:9:COLOMBIA"
        },
        {
            "EAT": 1440,
            "LDT": 4320,
            "cargo_categories": [
                "Non-hazardous"
            ],
            "delay_cost": 0,
            "group_uuid": "29a0f83f-2a75-4bea-938b-0c5ea68d1c3f",
            "source": "Berth 33",
            "transportation_methods": [
                "Roadway",
                "Sea",
                "Transloading"
            ],
            "shipper": "Crowley",
            "nTEU": 1,
            "origin": "ITALY",
            "destination": "McIntosh Intersection",
            "name": "8-TUCANA J-4:83:ITALY"
        },
        {
            "EAT": 1440,
            "LDT": 4320,
            "cargo_categories": [
                "Non-hazardous"
            ],
            "delay_cost": 0,
            "group_uuid": "29a0f83f-2a75-4bea-938b-0c5ea68d1c3f",
            "source": "Berth 33",
            "transportation_methods": [
                "Roadway",
                "Sea",
                "Transloading"
            ],
            "shipper": "Crowley",
            "nTEU": 5,
            "origin": "DOMINICAN REPUBLIC",
            "destination": "McIntosh Intersection",
            "name": "8-TUCANA J-5:87:DOMINICAN REPUBLIC"
        },
        {
            "EAT": 1440,
            "LDT": 4320,
            "cargo_categories": [
                "Non-hazardous"
            ],
            "delay_cost": 0,
            "group_uuid": "29a0f83f-2a75-4bea-938b-0c5ea68d1c3f",
            "source": "Berth 33",
            "transportation_methods": [
                "Roadway",
                "Sea",
                "Transloading"
            ],
            "shipper": "Crowley",
            "nTEU": 39,
            "origin": "COSTA RICA",
            "destination": "McIntosh Intersection",
            "name": "8-TUCANA J-6:8:COSTA RICA"
        },
        {
            "EAT": 1440,
            "LDT": 4320,
            "cargo_categories": [
                "Non-hazardous"
            ],
            "delay_cost": 0,
            "group_uuid": "29a0f83f-2a75-4bea-938b-0c5ea68d1c3f",
            "source": "Berth 33",
            "transportation_methods": [
                "Roadway",
                "Sea",
                "Transloading"
            ],
            "shipper": "Crowley",
            "nTEU": 1,
            "origin": "DOMINICAN REPUBLIC",
            "destination": "McIntosh Intersection",
            "name": "8-TUCANA J-7:34:DOMINICAN REPUBLIC"
        },
        {
            "EAT": 1440,
            "LDT": 4320,
            "cargo_categories": [
                "Non-hazardous"
            ],
            "delay_cost": 0,
            "group_uuid": "29a0f83f-2a75-4bea-938b-0c5ea68d1c3f",
            "source": "Berth 33",
            "transportation_methods": [
                "Roadway",
                "Sea",
                "Transloading"
            ],
            "shipper": "Crowley",
            "nTEU": 46,
            "origin": "GUATEMALA",
            "destination": "McIntosh Intersection",
            "name": "8-TUCANA J-8:61:GUATEMALA"
        },
        {
            "EAT": 1440,
            "LDT": 4320,
            "cargo_categories": [
                "Non-hazardous"
            ],
            "delay_cost": 0,
            "group_uuid": "29a0f83f-2a75-4bea-938b-0c5ea68d1c3f",
            "source": "Berth 33",
            "transportation_methods": [
                "Roadway",
                "Sea",
                "Transloading"
            ],
            "shipper": "Crowley",
            "nTEU": 3,
            "origin": "VENEZUELA",
            "destination": "McIntosh Intersection",
            "name": "8-TUCANA J-9:74:VENEZUELA"
        },
        {
            "EAT": 1440,
            "LDT": 4320,
            "cargo_categories": [
                "Non-hazardous"
            ],
            "delay_cost": 0,
            "group_uuid": "29a0f83f-2a75-4bea-938b-0c5ea68d1c3f",
            "source": "Berth 33",
            "transportation_methods": [
                "Roadway",
                "Sea",
                "Transloading"
            ],
            "shipper": "Crowley",
            "nTEU": 0,
            "origin": "TURKS AND CAICOS IS",
            "destination": "McIntosh Intersection",
            "name": "8-TUCANA J-10:86:TURKS AND CAICOS IS"
        },
        {
            "EAT": 1440,
            "LDT": 4320,
            "cargo_categories": [
                "Non-hazardous"
            ],
            "delay_cost": 0,
            "group_uuid": "29a0f83f-2a75-4bea-938b-0c5ea68d1c3f",
            "source": "Berth 33",
            "transportation_methods": [
                "Roadway",
                "Sea",
                "Transloading"
            ],
            "shipper": "Crowley",
            "nTEU": 4,
            "origin": "DOMINICAN REPUBLIC",
            "destination": "McIntosh Intersection",
            "name": "8-TUCANA J-11:90:DOMINICAN REPUBLIC"
        },
        {
            "EAT": 1440,
            "LDT": 4320,
            "cargo_categories": [
                "Non-hazardous"
            ],
            "delay_cost": 0,
            "group_uuid": "29a0f83f-2a75-4bea-938b-0c5ea68d1c3f",
            "source": "Berth 33",
            "transportation_methods": [
                "Roadway",
                "Sea",
                "Transloading"
            ],
            "shipper": "Crowley",
            "nTEU": 3,
            "origin": "GUATEMALA",
            "destination": "McIntosh Intersection",
            "name": "8-TUCANA J-12:20:GUATEMALA"
        },
        {
            "EAT": 1440,
            "LDT": 4320,
            "cargo_categories": [
                "Non-hazardous"
            ],
            "delay_cost": 0,
            "group_uuid": "29a0f83f-2a75-4bea-938b-0c5ea68d1c3f",
            "source": "Berth 33",
            "transportation_methods": [
                "Roadway",
                "Sea",
                "Transloading"
            ],
            "shipper": "Crowley",
            "nTEU": 1,
            "origin": "GUATEMALA",
            "destination": "McIntosh Intersection",
            "name": "8-TUCANA J-13:63:GUATEMALA"
        },
        {
            "EAT": 1440,
            "LDT": 4320,
            "cargo_categories": [
                "Non-hazardous"
            ],
            "delay_cost": 0,
            "group_uuid": "29a0f83f-2a75-4bea-938b-0c5ea68d1c3f",
            "source": "Berth 33",
            "transportation_methods": [
                "Roadway",
                "Sea",
                "Transloading"
            ],
            "shipper": "Crowley",
            "nTEU": 2,
            "origin": "PARAGUAY",
            "destination": "McIntosh Intersection",
            "name": "8-TUCANA J-14:17:PARAGUAY"
        },
        {
            "EAT": 1440,
            "LDT": 4320,
            "cargo_categories": [
                "Non-hazardous"
            ],
            "delay_cost": 0,
            "group_uuid": "29a0f83f-2a75-4bea-938b-0c5ea68d1c3f",
            "source": "Berth 33",
            "transportation_methods": [
                "Roadway",
                "Sea",
                "Transloading"
            ],
            "shipper": "Crowley",
            "nTEU": 3,
            "origin": "HONDURAS",
            "destination": "McIntosh Intersection",
            "name": "8-TUCANA J-15:84:HONDURAS"
        },
        {
            "EAT": 1440,
            "LDT": 4320,
            "cargo_categories": [
                "Non-hazardous"
            ],
            "delay_cost": 0,
            "group_uuid": "29a0f83f-2a75-4bea-938b-0c5ea68d1c3f",
            "source": "Berth 33",
            "transportation_methods": [
                "Roadway",
                "Sea",
                "Transloading"
            ],
            "shipper": "Crowley",
            "nTEU": 15,
            "origin": "COSTA RICA",
            "destination": "McIntosh Intersection",
            "name": "8-TUCANA J-16:39:COSTA RICA"
        },
        {
            "EAT": 1440,
            "LDT": 4320,
            "cargo_categories": [
                "Non-hazardous"
            ],
            "delay_cost": 0,
            "group_uuid": "29a0f83f-2a75-4bea-938b-0c5ea68d1c3f",
            "source": "Berth 33",
            "transportation_methods": [
                "Roadway",
                "Sea",
                "Transloading"
            ],
            "shipper": "Crowley",
            "nTEU": 13,
            "origin": "DOMINICAN REPUBLIC",
            "destination": "McIntosh Intersection",
            "name": "8-TUCANA J-17:52:DOMINICAN REPUBLIC"
        },
        {
            "EAT": 1440,
            "LDT": 4320,
            "cargo_categories": [
                "Non-hazardous"
            ],
            "delay_cost": 0,
            "group_uuid": "29a0f83f-2a75-4bea-938b-0c5ea68d1c3f",
            "source": "Berth 33",
            "transportation_methods": [
                "Roadway",
                "Sea",
                "Transloading"
            ],
            "shipper": "Crowley",
            "nTEU": 45,
            "origin": "HONDURAS",
            "destination": "McIntosh Intersection",
            "name": "8-TUCANA J-18:7:HONDURAS"
        },
        {
            "EAT": 1440,
            "LDT": 4320,
            "cargo_categories": [
                "Non-hazardous"
            ],
            "delay_cost": 0,
            "group_uuid": "29a0f83f-2a75-4bea-938b-0c5ea68d1c3f",
            "source": "Berth 33",
            "transportation_methods": [
                "Roadway",
                "Sea",
                "Transloading"
            ],
            "shipper": "Crowley",
            "nTEU": 2,
            "origin": "BRAZIL",
            "destination": "McIntosh Intersection",
            "name": "8-TUCANA J-19:44:BRAZIL"
        },
        {
            "EAT": 1440,
            "LDT": 4320,
            "cargo_categories": [
                "Non-hazardous"
            ],
            "delay_cost": 0,
            "group_uuid": "29a0f83f-2a75-4bea-938b-0c5ea68d1c3f",
            "source": "Berth 33",
            "transportation_methods": [
                "Roadway",
                "Sea",
                "Transloading"
            ],
            "shipper": "Crowley",
            "nTEU": 127,
            "origin": "DOMINICAN REPUBLIC",
            "destination": "McIntosh Intersection",
            "name": "8-TUCANA J-20:62:DOMINICAN REPUBLIC"
        },
        {
            "EAT": 1440,
            "LDT": 4320,
            "cargo_categories": [
                "Non-hazardous"
            ],
            "delay_cost": 0,
            "group_uuid": "29a0f83f-2a75-4bea-938b-0c5ea68d1c3f",
            "source": "Berth 33",
            "transportation_methods": [
                "Roadway",
                "Sea",
                "Transloading"
            ],
            "shipper": "Crowley",
            "nTEU": 16,
            "origin": "ECUADOR",
            "destination": "McIntosh Intersection",
            "name": "8-TUCANA J-21:69:ECUADOR"
        },
        {
            "EAT": 1440,
            "LDT": 4320,
            "cargo_categories": [
                "Non-hazardous"
            ],
            "delay_cost": 0,
            "group_uuid": "29a0f83f-2a75-4bea-938b-0c5ea68d1c3f",
            "source": "Berth 33",
            "transportation_methods": [
                "Roadway",
                "Sea",
                "Transloading"
            ],
            "shipper": "Crowley",
            "nTEU": 4,
            "origin": "BELGIUM",
            "destination": "McIntosh Intersection",
            "name": "8-TUCANA J-22:2:BELGIUM"
        },
        {
            "EAT": 1440,
            "LDT": 4320,
            "cargo_categories": [
                "Non-hazardous"
            ],
            "delay_cost": 0,
            "group_uuid": "29a0f83f-2a75-4bea-938b-0c5ea68d1c3f",
            "source": "Berth 33",
            "transportation_methods": [
                "Roadway",
                "Sea",
                "Transloading"
            ],
            "shipper": "Crowley",
            "nTEU": 2,
            "origin": "COSTA RICA",
            "destination": "McIntosh Intersection",
            "name": "8-TUCANA J-23:48:COSTA RICA"
        },
        {
            "EAT": 1440,
            "LDT": 4320,
            "cargo_categories": [
                "Non-hazardous"
            ],
            "delay_cost": 0,
            "group_uuid": "29a0f83f-2a75-4bea-938b-0c5ea68d1c3f",
            "source": "Berth 33",
            "transportation_methods": [
                "Roadway",
                "Sea",
                "Transloading"
            ],
            "shipper": "Crowley",
            "nTEU": 1,
            "origin": "DOMINICAN REPUBLIC",
            "destination": "McIntosh Intersection",
            "name": "8-TUCANA J-24:21:DOMINICAN REPUBLIC"
        },
        {
            "EAT": 1440,
            "LDT": 4320,
            "cargo_categories": [
                "Non-hazardous"
            ],
            "delay_cost": 0,
            "group_uuid": "29a0f83f-2a75-4bea-938b-0c5ea68d1c3f",
            "source": "Berth 33",
            "transportation_methods": [
                "Roadway",
                "Sea",
                "Transloading"
            ],
            "shipper": "Crowley",
            "nTEU": 2,
            "origin": "GERMANY",
            "destination": "McIntosh Intersection",
            "name": "8-TUCANA J-25:4:GERMANY"
        },
        {
            "EAT": 1440,
            "LDT": 4320,
            "cargo_categories": [
                "Non-hazardous"
            ],
            "delay_cost": 0,
            "group_uuid": "29a0f83f-2a75-4bea-938b-0c5ea68d1c3f",
            "source": "Berth 33",
            "transportation_methods": [
                "Roadway",
                "Sea",
                "Transloading"
            ],
            "shipper": "Crowley",
            "nTEU": 0,
            "origin": "BELGIUM",
            "destination": "McIntosh Intersection",
            "name": "8-TUCANA J-26:95:BELGIUM"
        },
        {
            "EAT": 1440,
            "LDT": 4320,
            "cargo_categories": [
                "Non-hazardous"
            ],
            "delay_cost": 0,
            "group_uuid": "29a0f83f-2a75-4bea-938b-0c5ea68d1c3f",
            "source": "Berth 33",
            "transportation_methods": [
                "Roadway",
                "Sea",
                "Transloading"
            ],
            "shipper": "Crowley",
            "nTEU": 6,
            "origin": "HONDURAS",
            "destination": "McIntosh Intersection",
            "name": "8-TUCANA J-27:85:HONDURAS"
        },
        {
            "EAT": 1440,
            "LDT": 4320,
            "cargo_categories": [
                "Non-hazardous"
            ],
            "delay_cost": 0,
            "group_uuid": "29a0f83f-2a75-4bea-938b-0c5ea68d1c3f",
            "source": "Berth 33",
            "transportation_methods": [
                "Roadway",
                "Sea",
                "Transloading"
            ],
            "shipper": "Crowley",
            "nTEU": 4,
            "origin": "BELGIUM",
            "destination": "McIntosh Intersection",
            "name": "8-TUCANA J-28:22:BELGIUM"
        },
        {
            "EAT": 1440,
            "LDT": 4320,
            "cargo_categories": [
                "Non-hazardous"
            ],
            "delay_cost": 0,
            "group_uuid": "29a0f83f-2a75-4bea-938b-0c5ea68d1c3f",
            "source": "Berth 33",
            "transportation_methods": [
                "Roadway",
                "Sea",
                "Transloading"
            ],
            "shipper": "Crowley",
            "nTEU": 43,
            "origin": "HONDURAS",
            "destination": "McIntosh Intersection",
            "name": "8-TUCANA J-29::HONDURAS"
        },
        {
            "EAT": 1440,
            "LDT": 4320,
            "cargo_categories": [
                "Non-hazardous"
            ],
            "delay_cost": 0,
            "group_uuid": "29a0f83f-2a75-4bea-938b-0c5ea68d1c3f",
            "source": "Berth 33",
            "transportation_methods": [
                "Roadway",
                "Sea",
                "Transloading"
            ],
            "shipper": "Crowley",
            "nTEU": 3,
            "origin": "COSTA RICA",
            "destination": "McIntosh Intersection",
            "name": "8-TUCANA J-30:6:COSTA RICA"
        }
    ]
}