{
    "commodities": [
        {
            "EAT": 1440,
            "LDT": 7200,
            "cargo_categories": [
                "Non-hazardous"
            ],
            "delay_cost": 0,
            "group_uuid": "d531c251-79fe-4cdd-aa8f-72ce49298d5d",
            "source": "Berth 32",
            "transportation_methods": [
                "Roadway",
                "Sea",
                "Transloading"
            ],
            "shipper": "MSC",
            "nTEU": 2,
            "origin": "NETHERLANDS",
            "destination": "McIntosh Intersection",
            "name": "7-ALLEGRO-0:22:NETHERLANDS"
        }
    ]
}