{
    "commodities": [
        {
            "EAT": 2880,
            "LDT": 8640,
            "cargo_categories": [
                "Non-hazardous"
            ],
            "delay_cost": 0,
            "group_uuid": "cc72f79f-a99c-4636-853d-2897087a3f79",
            "source": "Berth 32",
            "transportation_methods": [
                "Roadway",
                "Sea",
                "Transloading"
            ],
            "shipper": "King Ocean",
            "nTEU": 1,
            "origin": "PORTUGAL",
            "destination": "McIntosh Intersection",
            "name": "12-CHARLOTTE-0:10:PORTUGAL"
        },
        {
            "EAT": 2880,
            "LDT": 8640,
            "cargo_categories": [
                "Non-hazardous"
            ],
            "delay_cost": 0,
            "group_uuid": "cc72f79f-a99c-4636-853d-2897087a3f79",
            "source": "Berth 32",
            "transportation_methods": [
                "Roadway",
                "Sea",
                "Transloading"
            ],
            "shipper": "King Ocean",
            "nTEU": 2,
            "origin": "NETHERLANDS",
            "destination": "McIntosh Intersection",
            "name": "12-CHARLOTTE-1:4:NETHERLANDS"
        },
        {
            "EAT": 2880,
            "LDT": 8640,
            "cargo_categories": [
                "Non-hazardous"
            ],
            "delay_cost": 0,
            "group_uuid": "cc72f79f-a99c-4636-853d-2897087a3f79",
            "source": "Berth 32",
            "transportation_methods": [
                "Roadway",
                "Sea",
                "Transloading"
            ],
            "shipper": "King Ocean",
            "nTEU": 8,
            "origin": "DOMINICAN REPUBLIC",
            "destination": "McIntosh Intersection",
            "name": "12-CHARLOTTE-2:62:DOMINICAN REPUBLIC"
        },
        {
            "EAT": 2880,
            "LDT": 8640,
            "cargo_categories": [
                "Non-hazardous"
            ],
            "delay_cost": 0,
            "group_uuid": "cc72f79f-a99c-4636-853d-2897087a3f79",
            "source": "Berth 32",
            "transportation_methods": [
                "Roadway",
                "Sea",
                "Transloading"
            ],
            "shipper": "King Ocean",
            "nTEU": 4,
            "origin": "HONDURAS",
            "destination": "McIntosh Intersection",
            "name": "12-CHARLOTTE-3:61:HONDURAS"
        },
        {
            "EAT": 2880,
            "LDT": 8640,
            "cargo_categories": [
                "Non-hazardous"
            ],
            "delay_cost": 0,
            "group_uuid": "cc72f79f-a99c-4636-853d-2897087a3f79",
            "source": "Berth 32",
            "transportation_methods": [
                "Roadway",
                "Sea",
                "Transloading"
            ],
            "shipper": "King Ocean",
            "nTEU": 12,
            "origin": "SPAIN-S",
            "destination": "McIntosh Intersection",
            "name": "12-CHARLOTTE-4:2:SPAIN-S"
        },
        {
            "EAT": 2880,
            "LDT": 8640,
            "cargo_categories": [
                "Non-hazardous"
            ],
            "delay_cost": 0,
            "group_uuid": "cc72f79f-a99c-4636-853d-2897087a3f79",
            "source": "Berth 32",
            "transportation_methods": [
                "Roadway",
                "Sea",
                "Transloading"
            ],
            "shipper": "King Ocean",
            "nTEU": 8,
            "origin": "COLOMBIA",
            "destination": "McIntosh Intersection",
            "name": "12-CHARLOTTE-5:22:COLOMBIA"
        },
        {
            "EAT": 2880,
            "LDT": 8640,
            "cargo_categories": [
                "Non-hazardous"
            ],
            "delay_cost": 0,
            "group_uuid": "cc72f79f-a99c-4636-853d-2897087a3f79",
            "source": "Berth 32",
            "transportation_methods": [
                "Roadway",
                "Sea",
                "Transloading"
            ],
            "shipper": "King Ocean",
            "nTEU": 0,
            "origin": "DOMINICAN REPUBLIC",
            "destination": "McIntosh Intersection",
            "name": "12-CHARLOTTE-6:86:DOMINICAN REPUBLIC"
        },
        {
            "EAT": 2880,
            "LDT": 8640,
            "cargo_categories": [
                "Non-hazardous"
            ],
            "delay_cost": 0,
            "group_uuid": "cc72f79f-a99c-4636-853d-2897087a3f79",
            "source": "Berth 32",
            "transportation_methods": [
                "Roadway",
                "Sea",
                "Transloading"
            ],
            "shipper": "King Ocean",
            "nTEU": 6,
            "origin": "HONDURAS",
            "destination": "McIntosh Intersection",
            "name": "12-CHARLOTTE-7::HONDURAS"
        }
    ]
}