{
    "commodities": [
        {
            "EAT": 7200,
            "LDT": 12960,
            "cargo_categories": [
                "Non-hazardous"
            ],
            "delay_cost": 0,
            "group_uuid": "60aac015-2720-46b8-a1a8-1fbf3a05cf54",
            "source": "Berth 32",
            "transportation_methods": [
                "Roadway",
                "Sea",
                "Transloading"
            ],
            "shipper": "Crowley",
            "nTEU": 0,
            "origin": "JAMAICA",
            "destination": "McIntosh Intersection",
            "name": "24-REGULA-0:86:JAMAICA"
        },
        {
            "EAT": 7200,
            "LDT": 12960,
            "cargo_categories": [
                "Non-hazardous"
            ],
            "delay_cost": 0,
            "group_uuid": "60aac015-2720-46b8-a1a8-1fbf3a05cf54",
            "source": "Berth 32",
            "transportation_methods": [
                "Roadway",
                "Sea",
                "Transloading"
            ],
            "shipper": "Crowley",
            "nTEU": 2,
            "origin": "COSTA RICA",
            "destination": "McIntosh Intersection",
            "name": "24-REGULA-1:8:COSTA RICA"
        },
        {
            "EAT": 7200,
            "LDT": 12960,
            "cargo_categories": [
                "Non-hazardous"
            ],
            "delay_cost": 0,
            "group_uuid": "60aac015-2720-46b8-a1a8-1fbf3a05cf54",
            "source": "Berth 32",
            "transportation_methods": [
                "Roadway",
                "Sea",
                "Transloading"
            ],
            "shipper": "Crowley",
            "nTEU": 2,
            "origin": "NETHERLANDS",
            "destination": "McIntosh Intersection",
            "name": "24-REGULA-2:22:NETHERLANDS"
        },
        {
            "EAT": 7200,
            "LDT": 12960,
            "cargo_categories": [
                "Non-hazardous"
            ],
            "delay_cost": 0,
            "group_uuid": "60aac015-2720-46b8-a1a8-1fbf3a05cf54",
            "source": "Berth 32",
            "transportation_methods": [
                "Roadway",
                "Sea",
                "Transloading"
            ],
            "shipper": "Crowley",
            "nTEU": 14,
            "origin": "COSTA RICA",
            "destination": "McIntosh Intersection",
            "name": "24-REGULA-3:7:COSTA RICA"
        },
        {
            "EAT": 7200,
            "LDT": 12960,
            "cargo_categories": [
                "Non-hazardous"
            ],
            "delay_cost": 0,
            "group_uuid": "60aac015-2720-46b8-a1a8-1fbf3a05cf54",
            "source": "Berth 32",
            "transportation_methods": [
                "Roadway",
                "Sea",
                "Transloading"
            ],
            "shipper": "Crowley",
            "nTEU": 1,
            "origin": "DOMINICAN REPUBLIC",
            "destination": "McIntosh Intersection",
            "name": "24-REGULA-4::DOMINICAN REPUBLIC"
        },
        {
            "EAT": 7200,
            "LDT": 12960,
            "cargo_categories": [
                "Non-hazardous"
            ],
            "delay_cost": 0,
            "group_uuid": "60aac015-2720-46b8-a1a8-1fbf3a05cf54",
            "source": "Berth 32",
            "transportation_methods": [
                "Roadway",
                "Sea",
                "Transloading"
            ],
            "shipper": "Crowley",
            "nTEU": 8,
            "origin": "VIRGIN ISLAND",
            "destination": "McIntosh Intersection",
            "name": "24-REGULA-5:73:VIRGIN ISLAND"
        }
    ]
}