{
    "commodities": [
        {
            "EAT": 0,
            "LDT": 5760,
            "cargo_categories": [
                "Non-hazardous"
            ],
            "delay_cost": 0,
            "group_uuid": "41ce0c47-6acb-4f10-8c06-5ece381de5e9",
            "source": "Berth 30",
            "transportation_methods": [
                "Roadway",
                "Sea",
                "Transloading"
            ],
            "shipper": "FIT",
            "nTEU": 10,
            "origin": "BELGIUM",
            "destination": "McIntosh Intersection",
            "name": "2-SPIRIT OF TOKYO-0:27:BELGIUM"
        },
        {
            "EAT": 0,
            "LDT": 5760,
            "cargo_categories": [
                "Non-hazardous"
            ],
            "delay_cost": 0,
            "group_uuid": "41ce0c47-6acb-4f10-8c06-5ece381de5e9",
            "source": "Berth 30",
            "transportation_methods": [
                "Roadway",
                "Sea",
                "Transloading"
            ],
            "shipper": "FIT",
            "nTEU": 2,
            "origin": "VIRGIN ISLAND",
            "destination": "McIntosh Intersection",
            "name": "2-SPIRIT OF TOKYO-1::VIRGIN ISLAND"
        },
        {
            "EAT": 0,
            "LDT": 5760,
            "cargo_categories": [
                "Non-hazardous"
            ],
            "delay_cost": 0,
            "group_uuid": "41ce0c47-6acb-4f10-8c06-5ece381de5e9",
            "source": "Berth 30",
            "transportation_methods": [
                "Roadway",
                "Sea",
                "Transloading"
            ],
            "shipper": "FIT",
            "nTEU": 4,
            "origin": "MEXICO",
            "destination": "McIntosh Intersection",
            "name": "2-SPIRIT OF TOKYO-2:3:MEXICO"
        },
        {
            "EAT": 0,
            "LDT": 5760,
            "cargo_categories": [
                "Non-hazardous"
            ],
            "delay_cost": 0,
            "group_uuid": "41ce0c47-6acb-4f10-8c06-5ece381de5e9",
            "source": "Berth 30",
            "transportation_methods": [
                "Roadway",
                "Sea",
                "Transloading"
            ],
            "shipper": "FIT",
            "nTEU": 2,
            "origin": "DOMINICAN REPUBLIC",
            "destination": "McIntosh Intersection",
            "name": "2-SPIRIT OF TOKYO-3:87:DOMINICAN REPUBLIC"
        },
        {
            "EAT": 0,
            "LDT": 5760,
            "cargo_categories": [
                "Non-hazardous"
            ],
            "delay_cost": 0,
            "group_uuid": "41ce0c47-6acb-4f10-8c06-5ece381de5e9",
            "source": "Berth 30",
            "transportation_methods": [
                "Roadway",
                "Sea",
                "Transloading"
            ],
            "shipper": "FIT",
            "nTEU": 2,
            "origin": "DOMINICAN REPUBLIC",
            "destination": "McIntosh Intersection",
            "name": "2-SPIRIT OF TOKYO-4:8:DOMINICAN REPUBLIC"
        },
        {
            "EAT": 0,
            "LDT": 5760,
            "cargo_categories": [
                "Non-hazardous"
            ],
            "delay_cost": 0,
            "group_uuid": "41ce0c47-6acb-4f10-8c06-5ece381de5e9",
            "source": "Berth 30",
            "transportation_methods": [
                "Roadway",
                "Sea",
                "Transloading"
            ],
            "shipper": "FIT",
            "nTEU": 2,
            "origin": "ITALY",
            "destination": "McIntosh Intersection",
            "name": "2-SPIRIT OF TOKYO-5:39:ITALY"
        },
        {
            "EAT": 0,
            "LDT": 5760,
            "cargo_categories": [
                "Non-hazardous"
            ],
            "delay_cost": 0,
            "group_uuid": "41ce0c47-6acb-4f10-8c06-5ece381de5e9",
            "source": "Berth 30",
            "transportation_methods": [
                "Roadway",
                "Sea",
                "Transloading"
            ],
            "shipper": "FIT",
            "nTEU": 2,
            "origin": "COLOMBIA",
            "destination": "McIntosh Intersection",
            "name": "2-SPIRIT OF TOKYO-6:44:COLOMBIA"
        }
    ]
}