{
    "commodities": [
        {
            "EAT": 15840,
            "LDT": 17280,
            "cargo_categories": [
                "Non-hazardous"
            ],
            "delay_cost": 0,
            "group_uuid": "2b9c8361-6023-462c-9d08-9ff7b0087c37",
            "source": "Berth 33",
            "transportation_methods": [
                "Roadway",
                "Sea",
                "Transloading"
            ],
            "shipper": "FIT",
            "nTEU": 82,
            "origin": "GUATEMALA",
            "destination": "McIntosh Intersection",
            "name": "56-K-BREEZE-0:8:GUATEMALA"
        }
    ]
}