{
    "commodities": [
        {
            "EAT": 14400,
            "LDT": 15840,
            "cargo_categories": [
                "Non-hazardous"
            ],
            "delay_cost": 0,
            "group_uuid": "0f4e7644-fb8f-4ced-a757-a08d16ed349d",
            "source": "Berth 32",
            "transportation_methods": [
                "Roadway",
                "Sea",
                "Transloading"
            ],
            "shipper": "FIT",
            "nTEU": 9,
            "origin": "GERMANY",
            "destination": "McIntosh Intersection",
            "name": "54-MAERSK OHIO-0:94:GERMANY"
        },
        {
            "EAT": 14400,
            "LDT": 15840,
            "cargo_categories": [
                "Non-hazardous"
            ],
            "delay_cost": 0,
            "group_uuid": "0f4e7644-fb8f-4ced-a757-a08d16ed349d",
            "source": "Berth 32",
            "transportation_methods": [
                "Roadway",
                "Sea",
                "Transloading"
            ],
            "shipper": "MSC",
            "nTEU": 28,
            "origin": "BRAZIL",
            "destination": "McIntosh Intersection",
            "name": "54-MAERSK OHIO-1:48:BRAZIL"
        },
        {
            "EAT": 14400,
            "LDT": 15840,
            "cargo_categories": [
                "Non-hazardous"
            ],
            "delay_cost": 0,
            "group_uuid": "0f4e7644-fb8f-4ced-a757-a08d16ed349d",
            "source": "Berth 32",
            "transportation_methods": [
                "Roadway",
                "Sea",
                "Transloading"
            ],
            "shipper": "FIT",
            "nTEU": 2,
            "origin": "GERMANY",
            "destination": "McIntosh Intersection",
            "name": "54-MAERSK OHIO-2:49:GERMANY"
        },
        {
            "EAT": 14400,
            "LDT": 15840,
            "cargo_categories": [
                "Non-hazardous"
            ],
            "delay_cost": 0,
            "group_uuid": "0f4e7644-fb8f-4ced-a757-a08d16ed349d",
            "source": "Berth 32",
            "transportation_methods": [
                "Roadway",
                "Sea",
                "Transloading"
            ],
            "shipper": "FIT",
            "nTEU": 98,
            "origin": "COLOMBIA",
            "destination": "McIntosh Intersection",
            "name": "54-MAERSK OHIO-3:76:COLOMBIA"
        },
        {
            "EAT": 14400,
            "LDT": 15840,
            "cargo_categories": [
                "Non-hazardous"
            ],
            "delay_cost": 0,
            "group_uuid": "0f4e7644-fb8f-4ced-a757-a08d16ed349d",
            "source": "Berth 32",
            "transportation_methods": [
                "Roadway",
                "Sea",
                "Transloading"
            ],
            "shipper": "FIT",
            "nTEU": 4,
            "origin": "CAYMAN ISLANDS",
            "destination": "McIntosh Intersection",
            "name": "54-MAERSK OHIO-4:82:CAYMAN ISLANDS"
        },
        {
            "EAT": 14400,
            "LDT": 15840,
            "cargo_categories": [
                "Non-hazardous"
            ],
            "delay_cost": 0,
            "group_uuid": "0f4e7644-fb8f-4ced-a757-a08d16ed349d",
            "source": "Berth 32",
            "transportation_methods": [
                "Roadway",
                "Sea",
                "Transloading"
            ],
            "shipper": "MSC",
            "nTEU": 6,
            "origin": "UNITED KINGDOM",
            "destination": "McIntosh Intersection",
            "name": "54-MAERSK OHIO-5:89:UNITED KINGDOM"
        },
        {
            "EAT": 14400,
            "LDT": 15840,
            "cargo_categories": [
                "Non-hazardous"
            ],
            "delay_cost": 0,
            "group_uuid": "0f4e7644-fb8f-4ced-a757-a08d16ed349d",
            "source": "Berth 32",
            "transportation_methods": [
                "Roadway",
                "Sea",
                "Transloading"
            ],
            "shipper": "MSC",
            "nTEU": 1,
            "origin": "HONDURAS",
            "destination": "McIntosh Intersection",
            "name": "54-MAERSK OHIO-6:39:HONDURAS"
        },
        {
            "EAT": 14400,
            "LDT": 15840,
            "cargo_categories": [
                "Non-hazardous"
            ],
            "delay_cost": 0,
            "group_uuid": "0f4e7644-fb8f-4ced-a757-a08d16ed349d",
            "source": "Berth 32",
            "transportation_methods": [
                "Roadway",
                "Sea",
                "Transloading"
            ],
            "shipper": "MSC",
            "nTEU": 6,
            "origin": "GERMANY",
            "destination": "McIntosh Intersection",
            "name": "54-MAERSK OHIO-7:19:GERMANY"
        },
        {
            "EAT": 14400,
            "LDT": 15840,
            "cargo_categories": [
                "Non-hazardous"
            ],
            "delay_cost": 0,
            "group_uuid": "0f4e7644-fb8f-4ced-a757-a08d16ed349d",
            "source": "Berth 32",
            "transportation_methods": [
                "Roadway",
                "Sea",
                "Transloading"
            ],
            "shipper": "MSC",
            "nTEU": 1,
            "origin": "BRAZIL",
            "destination": "McIntosh Intersection",
            "name": "54-MAERSK OHIO-8:25:BRAZIL"
        },
        {
            "EAT": 14400,
            "LDT": 15840,
            "cargo_categories": [
                "Non-hazardous"
            ],
            "delay_cost": 0,
            "group_uuid": "0f4e7644-fb8f-4ced-a757-a08d16ed349d",
            "source": "Berth 32",
            "transportation_methods": [
                "Roadway",
                "Sea",
                "Transloading"
            ],
            "shipper": "FIT",
            "nTEU": 1,
            "origin": "BELGIUM",
            "destination": "McIntosh Intersection",
            "name": "54-MAERSK OHIO-9:28:BELGIUM"
        },
        {
            "EAT": 14400,
            "LDT": 15840,
            "cargo_categories": [
                "Non-hazardous"
            ],
            "delay_cost": 0,
            "group_uuid": "0f4e7644-fb8f-4ced-a757-a08d16ed349d",
            "source": "Berth 32",
            "transportation_methods": [
                "Roadway",
                "Sea",
                "Transloading"
            ],
            "shipper": "MSC",
            "nTEU": 3,
            "origin": "MEXICO",
            "destination": "McIntosh Intersection",
            "name": "54-MAERSK OHIO-10:37:MEXICO"
        },
        {
            "EAT": 14400,
            "LDT": 15840,
            "cargo_categories": [
                "Non-hazardous"
            ],
            "delay_cost": 0,
            "group_uuid": "0f4e7644-fb8f-4ced-a757-a08d16ed349d",
            "source": "Berth 32",
            "transportation_methods": [
                "Roadway",
                "Sea",
                "Transloading"
            ],
            "shipper": "FIT",
            "nTEU": 8,
            "origin": "BRAZIL",
            "destination": "McIntosh Intersection",
            "name": "54-MAERSK OHIO-11:44:BRAZIL"
        },
        {
            "EAT": 14400,
            "LDT": 15840,
            "cargo_categories": [
                "Non-hazardous"
            ],
            "delay_cost": 0,
            "group_uuid": "0f4e7644-fb8f-4ced-a757-a08d16ed349d",
            "source": "Berth 32",
            "transportation_methods": [
                "Roadway",
                "Sea",
                "Transloading"
            ],
            "shipper": "MSC",
            "nTEU": 1,
            "origin": "SPAIN-S",
            "destination": "McIntosh Intersection",
            "name": "54-MAERSK OHIO-12:69:SPAIN-S"
        },
        {
            "EAT": 14400,
            "LDT": 15840,
            "cargo_categories": [
                "Non-hazardous"
            ],
            "delay_cost": 0,
            "group_uuid": "0f4e7644-fb8f-4ced-a757-a08d16ed349d",
            "source": "Berth 32",
            "transportation_methods": [
                "Roadway",
                "Sea",
                "Transloading"
            ],
            "shipper": "MSC",
            "nTEU": 2,
            "origin": "BELGIUM",
            "destination": "McIntosh Intersection",
            "name": "54-MAERSK OHIO-13:33:BELGIUM"
        },
        {
            "EAT": 14400,
            "LDT": 15840,
            "cargo_categories": [
                "Non-hazardous"
            ],
            "delay_cost": 0,
            "group_uuid": "0f4e7644-fb8f-4ced-a757-a08d16ed349d",
            "source": "Berth 32",
            "transportation_methods": [
                "Roadway",
                "Sea",
                "Transloading"
            ],
            "shipper": "FIT",
            "nTEU": 2,
            "origin": "GERMANY",
            "destination": "McIntosh Intersection",
            "name": "54-MAERSK OHIO-14:56:GERMANY"
        },
        {
            "EAT": 14400,
            "LDT": 15840,
            "cargo_categories": [
                "Non-hazardous"
            ],
            "delay_cost": 0,
            "group_uuid": "0f4e7644-fb8f-4ced-a757-a08d16ed349d",
            "source": "Berth 32",
            "transportation_methods": [
                "Roadway",
                "Sea",
                "Transloading"
            ],
            "shipper": "MSC",
            "nTEU": 1,
            "origin": "GUATEMALA",
            "destination": "McIntosh Intersection",
            "name": "54-MAERSK OHIO-15:34:GUATEMALA"
        },
        {
            "EAT": 14400,
            "LDT": 15840,
            "cargo_categories": [
                "Non-hazardous"
            ],
            "delay_cost": 0,
            "group_uuid": "0f4e7644-fb8f-4ced-a757-a08d16ed349d",
            "source": "Berth 32",
            "transportation_methods": [
                "Roadway",
                "Sea",
                "Transloading"
            ],
            "shipper": "MSC",
            "nTEU": 2,
            "origin": "HONDURAS",
            "destination": "McIntosh Intersection",
            "name": "54-MAERSK OHIO-16:87:HONDURAS"
        },
        {
            "EAT": 14400,
            "LDT": 15840,
            "cargo_categories": [
                "Non-hazardous"
            ],
            "delay_cost": 0,
            "group_uuid": "0f4e7644-fb8f-4ced-a757-a08d16ed349d",
            "source": "Berth 32",
            "transportation_methods": [
                "Roadway",
                "Sea",
                "Transloading"
            ],
            "shipper": "FIT",
            "nTEU": 26,
            "origin": "COLOMBIA",
            "destination": "McIntosh Intersection",
            "name": "54-MAERSK OHIO-17::COLOMBIA"
        },
        {
            "EAT": 14400,
            "LDT": 15840,
            "cargo_categories": [
                "Non-hazardous"
            ],
            "delay_cost": 0,
            "group_uuid": "0f4e7644-fb8f-4ced-a757-a08d16ed349d",
            "source": "Berth 32",
            "transportation_methods": [
                "Roadway",
                "Sea",
                "Transloading"
            ],
            "shipper": "MSC",
            "nTEU": 3,
            "origin": "HONDURAS",
            "destination": "McIntosh Intersection",
            "name": "54-MAERSK OHIO-18:38:HONDURAS"
        },
        {
            "EAT": 14400,
            "LDT": 15840,
            "cargo_categories": [
                "Non-hazardous"
            ],
            "delay_cost": 0,
            "group_uuid": "0f4e7644-fb8f-4ced-a757-a08d16ed349d",
            "source": "Berth 32",
            "transportation_methods": [
                "Roadway",
                "Sea",
                "Transloading"
            ],
            "shipper": "FIT",
            "nTEU": 2,
            "origin": "MEXICO",
            "destination": "McIntosh Intersection",
            "name": "54-MAERSK OHIO-19:73:MEXICO"
        },
        {
            "EAT": 14400,
            "LDT": 15840,
            "cargo_categories": [
                "Non-hazardous"
            ],
            "delay_cost": 0,
            "group_uuid": "0f4e7644-fb8f-4ced-a757-a08d16ed349d",
            "source": "Berth 32",
            "transportation_methods": [
                "Roadway",
                "Sea",
                "Transloading"
            ],
            "shipper": "MSC",
            "nTEU": 3,
            "origin": "ITALY",
            "destination": "McIntosh Intersection",
            "name": "54-MAERSK OHIO-20:84:ITALY"
        },
        {
            "EAT": 14400,
            "LDT": 15840,
            "cargo_categories": [
                "Non-hazardous"
            ],
            "delay_cost": 0,
            "group_uuid": "0f4e7644-fb8f-4ced-a757-a08d16ed349d",
            "source": "Berth 32",
            "transportation_methods": [
                "Roadway",
                "Sea",
                "Transloading"
            ],
            "shipper": "FIT",
            "nTEU": 1,
            "origin": "HONDURAS",
            "destination": "McIntosh Intersection",
            "name": "54-MAERSK OHIO-21:8:HONDURAS"
        },
        {
            "EAT": 14400,
            "LDT": 15840,
            "cargo_categories": [
                "Non-hazardous"
            ],
            "delay_cost": 0,
            "group_uuid": "0f4e7644-fb8f-4ced-a757-a08d16ed349d",
            "source": "Berth 32",
            "transportation_methods": [
                "Roadway",
                "Sea",
                "Transloading"
            ],
            "shipper": "FIT",
            "nTEU": 2,
            "origin": "PANAMA",
            "destination": "McIntosh Intersection",
            "name": "54-MAERSK OHIO-22:2:PANAMA"
        },
        {
            "EAT": 14400,
            "LDT": 15840,
            "cargo_categories": [
                "Non-hazardous"
            ],
            "delay_cost": 0,
            "group_uuid": "0f4e7644-fb8f-4ced-a757-a08d16ed349d",
            "source": "Berth 32",
            "transportation_methods": [
                "Roadway",
                "Sea",
                "Transloading"
            ],
            "shipper": "MSC",
            "nTEU": 2,
            "origin": "GUATEMALA",
            "destination": "McIntosh Intersection",
            "name": "54-MAERSK OHIO-23:17:GUATEMALA"
        },
        {
            "EAT": 14400,
            "LDT": 15840,
            "cargo_categories": [
                "Non-hazardous"
            ],
            "delay_cost": 0,
            "group_uuid": "0f4e7644-fb8f-4ced-a757-a08d16ed349d",
            "source": "Berth 32",
            "transportation_methods": [
                "Roadway",
                "Sea",
                "Transloading"
            ],
            "shipper": "MSC",
            "nTEU": 87,
            "origin": "SPAIN-S",
            "destination": "McIntosh Intersection",
            "name": "54-MAERSK OHIO-24:22:SPAIN-S"
        },
        {
            "EAT": 14400,
            "LDT": 15840,
            "cargo_categories": [
                "Non-hazardous"
            ],
            "delay_cost": 0,
            "group_uuid": "0f4e7644-fb8f-4ced-a757-a08d16ed349d",
            "source": "Berth 32",
            "transportation_methods": [
                "Roadway",
                "Sea",
                "Transloading"
            ],
            "shipper": "FIT",
            "nTEU": 10,
            "origin": "HONDURAS",
            "destination": "McIntosh Intersection",
            "name": "54-MAERSK OHIO-25:85:HONDURAS"
        },
        {
            "EAT": 14400,
            "LDT": 15840,
            "cargo_categories": [
                "Non-hazardous"
            ],
            "delay_cost": 0,
            "group_uuid": "0f4e7644-fb8f-4ced-a757-a08d16ed349d",
            "source": "Berth 32",
            "transportation_methods": [
                "Roadway",
                "Sea",
                "Transloading"
            ],
            "shipper": "FIT",
            "nTEU": 2,
            "origin": "GERMANY",
            "destination": "McIntosh Intersection",
            "name": "54-MAERSK OHIO-26:20:GERMANY"
        },
        {
            "EAT": 14400,
            "LDT": 15840,
            "cargo_categories": [
                "Non-hazardous"
            ],
            "delay_cost": 0,
            "group_uuid": "0f4e7644-fb8f-4ced-a757-a08d16ed349d",
            "source": "Berth 32",
            "transportation_methods": [
                "Roadway",
                "Sea",
                "Transloading"
            ],
            "shipper": "MSC",
            "nTEU": 2,
            "origin": "PANAMA",
            "destination": "McIntosh Intersection",
            "name": "54-MAERSK OHIO-27:83:PANAMA"
        },
        {
            "EAT": 14400,
            "LDT": 15840,
            "cargo_categories": [
                "Non-hazardous"
            ],
            "delay_cost": 0,
            "group_uuid": "0f4e7644-fb8f-4ced-a757-a08d16ed349d",
            "source": "Berth 32",
            "transportation_methods": [
                "Roadway",
                "Sea",
                "Transloading"
            ],
            "shipper": "FIT",
            "nTEU": 2,
            "origin": "GERMANY",
            "destination": "McIntosh Intersection",
            "name": "54-MAERSK OHIO-28:18:GERMANY"
        },
        {
            "EAT": 14400,
            "LDT": 15840,
            "cargo_categories": [
                "Non-hazardous"
            ],
            "delay_cost": 0,
            "group_uuid": "0f4e7644-fb8f-4ced-a757-a08d16ed349d",
            "source": "Berth 32",
            "transportation_methods": [
                "Roadway",
                "Sea",
                "Transloading"
            ],
            "shipper": "FIT",
            "nTEU": 10,
            "origin": "VENEZUELA",
            "destination": "McIntosh Intersection",
            "name": "54-MAERSK OHIO-29:27:VENEZUELA"
        },
        {
            "EAT": 14400,
            "LDT": 15840,
            "cargo_categories": [
                "Non-hazardous"
            ],
            "delay_cost": 0,
            "group_uuid": "0f4e7644-fb8f-4ced-a757-a08d16ed349d",
            "source": "Berth 32",
            "transportation_methods": [
                "Roadway",
                "Sea",
                "Transloading"
            ],
            "shipper": "MSC",
            "nTEU": 4,
            "origin": "PANAMA",
            "destination": "McIntosh Intersection",
            "name": "54-MAERSK OHIO-30:3:PANAMA"
        },
        {
            "EAT": 14400,
            "LDT": 15840,
            "cargo_categories": [
                "Non-hazardous"
            ],
            "delay_cost": 0,
            "group_uuid": "0f4e7644-fb8f-4ced-a757-a08d16ed349d",
            "source": "Berth 32",
            "transportation_methods": [
                "Roadway",
                "Sea",
                "Transloading"
            ],
            "shipper": "FIT",
            "nTEU": 30,
            "origin": "VENEZUELA",
            "destination": "McIntosh Intersection",
            "name": "54-MAERSK OHIO-31:9:VENEZUELA"
        },
        {
            "EAT": 14400,
            "LDT": 15840,
            "cargo_categories": [
                "Non-hazardous"
            ],
            "delay_cost": 0,
            "group_uuid": "0f4e7644-fb8f-4ced-a757-a08d16ed349d",
            "source": "Berth 32",
            "transportation_methods": [
                "Roadway",
                "Sea",
                "Transloading"
            ],
            "shipper": "FIT",
            "nTEU": 2,
            "origin": "COSTA RICA",
            "destination": "McIntosh Intersection",
            "name": "54-MAERSK OHIO-32:40:COSTA RICA"
        },
        {
            "EAT": 14400,
            "LDT": 15840,
            "cargo_categories": [
                "Non-hazardous"
            ],
            "delay_cost": 0,
            "group_uuid": "0f4e7644-fb8f-4ced-a757-a08d16ed349d",
            "source": "Berth 32",
            "transportation_methods": [
                "Roadway",
                "Sea",
                "Transloading"
            ],
            "shipper": "FIT",
            "nTEU": 1,
            "origin": "HAITI",
            "destination": "McIntosh Intersection",
            "name": "54-MAERSK OHIO-33:95:HAITI"
        },
        {
            "EAT": 14400,
            "LDT": 15840,
            "cargo_categories": [
                "Non-hazardous"
            ],
            "delay_cost": 0,
            "group_uuid": "0f4e7644-fb8f-4ced-a757-a08d16ed349d",
            "source": "Berth 32",
            "transportation_methods": [
                "Roadway",
                "Sea",
                "Transloading"
            ],
            "shipper": "FIT",
            "nTEU": 10,
            "origin": "SPAIN-S",
            "destination": "McIntosh Intersection",
            "name": "54-MAERSK OHIO-34:31:SPAIN-S"
        },
        {
            "EAT": 14400,
            "LDT": 15840,
            "cargo_categories": [
                "Non-hazardous"
            ],
            "delay_cost": 0,
            "group_uuid": "0f4e7644-fb8f-4ced-a757-a08d16ed349d",
            "source": "Berth 32",
            "transportation_methods": [
                "Roadway",
                "Sea",
                "Transloading"
            ],
            "shipper": "FIT",
            "nTEU": 2,
            "origin": "HONDURAS",
            "destination": "McIntosh Intersection",
            "name": "54-MAERSK OHIO-35:6:HONDURAS"
        }
    ]
}