{
    "commodities": [
        {
            "EAT": 10080,
            "LDT": 14400,
            "cargo_categories": [
                "Non-hazardous"
            ],
            "delay_cost": 0,
            "group_uuid": "226a2a72-59ea-48bc-ac10-f80cc30421f8",
            "source": "Berth 31",
            "transportation_methods": [
                "Roadway",
                "Sea",
                "Transloading"
            ],
            "shipper": "King Ocean",
            "nTEU": 0,
            "origin": "GUATEMALA",
            "destination": "McIntosh Intersection",
            "name": "40-AGENA-0:86:GUATEMALA"
        },
        {
            "EAT": 10080,
            "LDT": 14400,
            "cargo_categories": [
                "Non-hazardous"
            ],
            "delay_cost": 0,
            "group_uuid": "226a2a72-59ea-48bc-ac10-f80cc30421f8",
            "source": "Berth 31",
            "transportation_methods": [
                "Roadway",
                "Sea",
                "Transloading"
            ],
            "shipper": "King Ocean",
            "nTEU": 2,
            "origin": "GUATEMALA",
            "destination": "McIntosh Intersection",
            "name": "40-AGENA-1:72:GUATEMALA"
        }
    ]
}