{
    "commodities": [
        {
            "EAT": 11520,
            "LDT": 15840,
            "cargo_categories": [
                "Non-hazardous"
            ],
            "delay_cost": 0,
            "group_uuid": "97a2647a-8590-49fd-942b-2ebcac290733",
            "source": "Berth 32",
            "transportation_methods": [
                "Roadway",
                "Sea",
                "Transloading"
            ],
            "shipper": "MSC",
            "nTEU": 12,
            "origin": "COSTA RICA",
            "destination": "McIntosh Intersection",
            "name": "45-ALLEGRO-0:8:COSTA RICA"
        },
        {
            "EAT": 11520,
            "LDT": 15840,
            "cargo_categories": [
                "Non-hazardous"
            ],
            "delay_cost": 0,
            "group_uuid": "97a2647a-8590-49fd-942b-2ebcac290733",
            "source": "Berth 32",
            "transportation_methods": [
                "Roadway",
                "Sea",
                "Transloading"
            ],
            "shipper": "MSC",
            "nTEU": 0,
            "origin": "TURKS AND CAICOS IS",
            "destination": "McIntosh Intersection",
            "name": "45-ALLEGRO-1:86:TURKS AND CAICOS IS"
        }
    ]
}