{
    "commodities": [
        {
            "EAT": 20160,
            "LDT": 24480,
            "cargo_categories": [
                "Non-hazardous"
            ],
            "delay_cost": 0,
            "group_uuid": "40f41058-2c69-49a3-99ee-88aa3512874a",
            "source": "Berth 30",
            "transportation_methods": [
                "Roadway",
                "Sea",
                "Transloading"
            ],
            "shipper": "FIT",
            "nTEU": 2,
            "origin": "HONDURAS",
            "destination": "McIntosh Intersection",
            "name": "62-CAP REINGA-0::HONDURAS"
        }
    ]
}