{
    "commodities": [
        {
            "EAT": 2880,
            "LDT": 7200,
            "cargo_categories": [
                "Non-hazardous"
            ],
            "delay_cost": 0,
            "group_uuid": "7c702e45-db13-4f9f-bb54-8a8793c1ead5",
            "source": "Berth 31",
            "transportation_methods": [
                "Roadway",
                "Sea",
                "Transloading"
            ],
            "shipper": "FIT",
            "nTEU": 26,
            "origin": "GUATEMALA",
            "destination": "McIntosh Intersection",
            "name": "15-CAP ANDREAS-0:10:GUATEMALA"
        },
        {
            "EAT": 2880,
            "LDT": 7200,
            "cargo_categories": [
                "Non-hazardous"
            ],
            "delay_cost": 0,
            "group_uuid": "7c702e45-db13-4f9f-bb54-8a8793c1ead5",
            "source": "Berth 31",
            "transportation_methods": [
                "Roadway",
                "Sea",
                "Transloading"
            ],
            "shipper": "FIT",
            "nTEU": 2,
            "origin": "GUATEMALA",
            "destination": "McIntosh Intersection",
            "name": "15-CAP ANDREAS-1:21:GUATEMALA"
        },
        {
            "EAT": 2880,
            "LDT": 7200,
            "cargo_categories": [
                "Non-hazardous"
            ],
            "delay_cost": 0,
            "group_uuid": "7c702e45-db13-4f9f-bb54-8a8793c1ead5",
            "source": "Berth 31",
            "transportation_methods": [
                "Roadway",
                "Sea",
                "Transloading"
            ],
            "shipper": "FIT",
            "nTEU": 2,
            "origin": "COSTA RICA",
            "destination": "McIntosh Intersection",
            "name": "15-CAP ANDREAS-2:95:COSTA RICA"
        },
        {
            "EAT": 2880,
            "LDT": 7200,
            "cargo_categories": [
                "Non-hazardous"
            ],
            "delay_cost": 0,
            "group_uuid": "7c702e45-db13-4f9f-bb54-8a8793c1ead5",
            "source": "Berth 31",
            "transportation_methods": [
                "Roadway",
                "Sea",
                "Transloading"
            ],
            "shipper": "FIT",
            "nTEU": 2,
            "origin": "GERMANY",
            "destination": "McIntosh Intersection",
            "name": "15-CAP ANDREAS-3:49:GERMANY"
        },
        {
            "EAT": 2880,
            "LDT": 7200,
            "cargo_categories": [
                "Non-hazardous"
            ],
            "delay_cost": 0,
            "group_uuid": "7c702e45-db13-4f9f-bb54-8a8793c1ead5",
            "source": "Berth 31",
            "transportation_methods": [
                "Roadway",
                "Sea",
                "Transloading"
            ],
            "shipper": "FIT",
            "nTEU": 1,
            "origin": "BRAZIL",
            "destination": "McIntosh Intersection",
            "name": "15-CAP ANDREAS-4:64:BRAZIL"
        },
        {
            "EAT": 2880,
            "LDT": 7200,
            "cargo_categories": [
                "Non-hazardous"
            ],
            "delay_cost": 0,
            "group_uuid": "7c702e45-db13-4f9f-bb54-8a8793c1ead5",
            "source": "Berth 31",
            "transportation_methods": [
                "Roadway",
                "Sea",
                "Transloading"
            ],
            "shipper": "FIT",
            "nTEU": 3,
            "origin": "VIRGIN ISLAND",
            "destination": "McIntosh Intersection",
            "name": "15-CAP ANDREAS-5:87:VIRGIN ISLAND"
        },
        {
            "EAT": 2880,
            "LDT": 7200,
            "cargo_categories": [
                "Non-hazardous"
            ],
            "delay_cost": 0,
            "group_uuid": "7c702e45-db13-4f9f-bb54-8a8793c1ead5",
            "source": "Berth 31",
            "transportation_methods": [
                "Roadway",
                "Sea",
                "Transloading"
            ],
            "shipper": "FIT",
            "nTEU": 2,
            "origin": "COLOMBIA",
            "destination": "McIntosh Intersection",
            "name": "15-CAP ANDREAS-6:17:COLOMBIA"
        },
        {
            "EAT": 2880,
            "LDT": 7200,
            "cargo_categories": [
                "Non-hazardous"
            ],
            "delay_cost": 0,
            "group_uuid": "7c702e45-db13-4f9f-bb54-8a8793c1ead5",
            "source": "Berth 31",
            "transportation_methods": [
                "Roadway",
                "Sea",
                "Transloading"
            ],
            "shipper": "FIT",
            "nTEU": 7,
            "origin": "BRAZIL",
            "destination": "McIntosh Intersection",
            "name": "15-CAP ANDREAS-7:69:BRAZIL"
        },
        {
            "EAT": 2880,
            "LDT": 7200,
            "cargo_categories": [
                "Non-hazardous"
            ],
            "delay_cost": 0,
            "group_uuid": "7c702e45-db13-4f9f-bb54-8a8793c1ead5",
            "source": "Berth 31",
            "transportation_methods": [
                "Roadway",
                "Sea",
                "Transloading"
            ],
            "shipper": "FIT",
            "nTEU": 12,
            "origin": "GERMANY",
            "destination": "McIntosh Intersection",
            "name": "15-CAP ANDREAS-8:94:GERMANY"
        },
        {
            "EAT": 2880,
            "LDT": 7200,
            "cargo_categories": [
                "Non-hazardous"
            ],
            "delay_cost": 0,
            "group_uuid": "7c702e45-db13-4f9f-bb54-8a8793c1ead5",
            "source": "Berth 31",
            "transportation_methods": [
                "Roadway",
                "Sea",
                "Transloading"
            ],
            "shipper": "FIT",
            "nTEU": 2,
            "origin": "COSTA RICA",
            "destination": "McIntosh Intersection",
            "name": "15-CAP ANDREAS-9:40:COSTA RICA"
        },
        {
            "EAT": 2880,
            "LDT": 7200,
            "cargo_categories": [
                "Non-hazardous"
            ],
            "delay_cost": 0,
            "group_uuid": "7c702e45-db13-4f9f-bb54-8a8793c1ead5",
            "source": "Berth 31",
            "transportation_methods": [
                "Roadway",
                "Sea",
                "Transloading"
            ],
            "shipper": "FIT",
            "nTEU": 2,
            "origin": "SPAIN-S",
            "destination": "McIntosh Intersection",
            "name": "15-CAP ANDREAS-10:70:SPAIN-S"
        },
        {
            "EAT": 2880,
            "LDT": 7200,
            "cargo_categories": [
                "Non-hazardous"
            ],
            "delay_cost": 0,
            "group_uuid": "7c702e45-db13-4f9f-bb54-8a8793c1ead5",
            "source": "Berth 31",
            "transportation_methods": [
                "Roadway",
                "Sea",
                "Transloading"
            ],
            "shipper": "FIT",
            "nTEU": 2,
            "origin": "HONDURAS",
            "destination": "McIntosh Intersection",
            "name": "15-CAP ANDREAS-11:39:HONDURAS"
        },
        {
            "EAT": 2880,
            "LDT": 7200,
            "cargo_categories": [
                "Non-hazardous"
            ],
            "delay_cost": 0,
            "group_uuid": "7c702e45-db13-4f9f-bb54-8a8793c1ead5",
            "source": "Berth 31",
            "transportation_methods": [
                "Roadway",
                "Sea",
                "Transloading"
            ],
            "shipper": "FIT",
            "nTEU": 25,
            "origin": "COLOMBIA",
            "destination": "McIntosh Intersection",
            "name": "15-CAP ANDREAS-12:44:COLOMBIA"
        },
        {
            "EAT": 2880,
            "LDT": 7200,
            "cargo_categories": [
                "Non-hazardous"
            ],
            "delay_cost": 0,
            "group_uuid": "7c702e45-db13-4f9f-bb54-8a8793c1ead5",
            "source": "Berth 31",
            "transportation_methods": [
                "Roadway",
                "Sea",
                "Transloading"
            ],
            "shipper": "FIT",
            "nTEU": 1,
            "origin": "NICARAGUA",
            "destination": "McIntosh Intersection",
            "name": "15-CAP ANDREAS-13:50:NICARAGUA"
        },
        {
            "EAT": 2880,
            "LDT": 7200,
            "cargo_categories": [
                "Non-hazardous"
            ],
            "delay_cost": 0,
            "group_uuid": "7c702e45-db13-4f9f-bb54-8a8793c1ead5",
            "source": "Berth 31",
            "transportation_methods": [
                "Roadway",
                "Sea",
                "Transloading"
            ],
            "shipper": "FIT",
            "nTEU": 5,
            "origin": "BRAZIL",
            "destination": "McIntosh Intersection",
            "name": "15-CAP ANDREAS-14:20:BRAZIL"
        },
        {
            "EAT": 2880,
            "LDT": 7200,
            "cargo_categories": [
                "Non-hazardous"
            ],
            "delay_cost": 0,
            "group_uuid": "7c702e45-db13-4f9f-bb54-8a8793c1ead5",
            "source": "Berth 31",
            "transportation_methods": [
                "Roadway",
                "Sea",
                "Transloading"
            ],
            "shipper": "FIT",
            "nTEU": 2,
            "origin": "GERMANY",
            "destination": "McIntosh Intersection",
            "name": "15-CAP ANDREAS-15:19:GERMANY"
        },
        {
            "EAT": 2880,
            "LDT": 7200,
            "cargo_categories": [
                "Non-hazardous"
            ],
            "delay_cost": 0,
            "group_uuid": "7c702e45-db13-4f9f-bb54-8a8793c1ead5",
            "source": "Berth 31",
            "transportation_methods": [
                "Roadway",
                "Sea",
                "Transloading"
            ],
            "shipper": "FIT",
            "nTEU": 3,
            "origin": "GUATEMALA",
            "destination": "McIntosh Intersection",
            "name": "15-CAP ANDREAS-16:63:GUATEMALA"
        },
        {
            "EAT": 2880,
            "LDT": 7200,
            "cargo_categories": [
                "Non-hazardous"
            ],
            "delay_cost": 0,
            "group_uuid": "7c702e45-db13-4f9f-bb54-8a8793c1ead5",
            "source": "Berth 31",
            "transportation_methods": [
                "Roadway",
                "Sea",
                "Transloading"
            ],
            "shipper": "FIT",
            "nTEU": 22,
            "origin": "BRAZIL",
            "destination": "McIntosh Intersection",
            "name": "15-CAP ANDREAS-17:68:BRAZIL"
        },
        {
            "EAT": 2880,
            "LDT": 7200,
            "cargo_categories": [
                "Non-hazardous"
            ],
            "delay_cost": 0,
            "group_uuid": "7c702e45-db13-4f9f-bb54-8a8793c1ead5",
            "source": "Berth 31",
            "transportation_methods": [
                "Roadway",
                "Sea",
                "Transloading"
            ],
            "shipper": "FIT",
            "nTEU": 0,
            "origin": "GUATEMALA",
            "destination": "McIntosh Intersection",
            "name": "15-CAP ANDREAS-18:86:GUATEMALA"
        },
        {
            "EAT": 2880,
            "LDT": 7200,
            "cargo_categories": [
                "Non-hazardous"
            ],
            "delay_cost": 0,
            "group_uuid": "7c702e45-db13-4f9f-bb54-8a8793c1ead5",
            "source": "Berth 31",
            "transportation_methods": [
                "Roadway",
                "Sea",
                "Transloading"
            ],
            "shipper": "FIT",
            "nTEU": 7,
            "origin": "HONDURAS",
            "destination": "McIntosh Intersection",
            "name": "15-CAP ANDREAS-19::HONDURAS"
        },
        {
            "EAT": 2880,
            "LDT": 7200,
            "cargo_categories": [
                "Non-hazardous"
            ],
            "delay_cost": 0,
            "group_uuid": "7c702e45-db13-4f9f-bb54-8a8793c1ead5",
            "source": "Berth 31",
            "transportation_methods": [
                "Roadway",
                "Sea",
                "Transloading"
            ],
            "shipper": "FIT",
            "nTEU": 4,
            "origin": "PORTUGAL",
            "destination": "McIntosh Intersection",
            "name": "15-CAP ANDREAS-20:73:PORTUGAL"
        },
        {
            "EAT": 2880,
            "LDT": 7200,
            "cargo_categories": [
                "Non-hazardous"
            ],
            "delay_cost": 0,
            "group_uuid": "7c702e45-db13-4f9f-bb54-8a8793c1ead5",
            "source": "Berth 31",
            "transportation_methods": [
                "Roadway",
                "Sea",
                "Transloading"
            ],
            "shipper": "FIT",
            "nTEU": 2,
            "origin": "CHILE",
            "destination": "McIntosh Intersection",
            "name": "15-CAP ANDREAS-21:2:CHILE"
        },
        {
            "EAT": 2880,
            "LDT": 7200,
            "cargo_categories": [
                "Non-hazardous"
            ],
            "delay_cost": 0,
            "group_uuid": "7c702e45-db13-4f9f-bb54-8a8793c1ead5",
            "source": "Berth 31",
            "transportation_methods": [
                "Roadway",
                "Sea",
                "Transloading"
            ],
            "shipper": "FIT",
            "nTEU": 4,
            "origin": "DOMINICAN REPUBLIC",
            "destination": "McIntosh Intersection",
            "name": "15-CAP ANDREAS-22:85:DOMINICAN REPUBLIC"
        },
        {
            "EAT": 2880,
            "LDT": 7200,
            "cargo_categories": [
                "Non-hazardous"
            ],
            "delay_cost": 0,
            "group_uuid": "7c702e45-db13-4f9f-bb54-8a8793c1ead5",
            "source": "Berth 31",
            "transportation_methods": [
                "Roadway",
                "Sea",
                "Transloading"
            ],
            "shipper": "FIT",
            "nTEU": 3,
            "origin": "BRAZIL",
            "destination": "McIntosh Intersection",
            "name": "15-CAP ANDREAS-23:88:BRAZIL"
        },
        {
            "EAT": 2880,
            "LDT": 7200,
            "cargo_categories": [
                "Non-hazardous"
            ],
            "delay_cost": 0,
            "group_uuid": "7c702e45-db13-4f9f-bb54-8a8793c1ead5",
            "source": "Berth 31",
            "transportation_methods": [
                "Roadway",
                "Sea",
                "Transloading"
            ],
            "shipper": "FIT",
            "nTEU": 2,
            "origin": "MEXICO",
            "destination": "McIntosh Intersection",
            "name": "15-CAP ANDREAS-24:3:MEXICO"
        },
        {
            "EAT": 2880,
            "LDT": 7200,
            "cargo_categories": [
                "Non-hazardous"
            ],
            "delay_cost": 0,
            "group_uuid": "7c702e45-db13-4f9f-bb54-8a8793c1ead5",
            "source": "Berth 31",
            "transportation_methods": [
                "Roadway",
                "Sea",
                "Transloading"
            ],
            "shipper": "FIT",
            "nTEU": 16,
            "origin": "BRAZIL",
            "destination": "McIntosh Intersection",
            "name": "15-CAP ANDREAS-25:48:BRAZIL"
        },
        {
            "EAT": 2880,
            "LDT": 7200,
            "cargo_categories": [
                "Non-hazardous"
            ],
            "delay_cost": 0,
            "group_uuid": "7c702e45-db13-4f9f-bb54-8a8793c1ead5",
            "source": "Berth 31",
            "transportation_methods": [
                "Roadway",
                "Sea",
                "Transloading"
            ],
            "shipper": "FIT",
            "nTEU": 1,
            "origin": "COSTA RICA",
            "destination": "McIntosh Intersection",
            "name": "15-CAP ANDREAS-26:9:COSTA RICA"
        },
        {
            "EAT": 2880,
            "LDT": 7200,
            "cargo_categories": [
                "Non-hazardous"
            ],
            "delay_cost": 0,
            "group_uuid": "7c702e45-db13-4f9f-bb54-8a8793c1ead5",
            "source": "Berth 31",
            "transportation_methods": [
                "Roadway",
                "Sea",
                "Transloading"
            ],
            "shipper": "FIT",
            "nTEU": 23,
            "origin": "BRAZIL",
            "destination": "McIntosh Intersection",
            "name": "15-CAP ANDREAS-27:25:BRAZIL"
        },
        {
            "EAT": 2880,
            "LDT": 7200,
            "cargo_categories": [
                "Non-hazardous"
            ],
            "delay_cost": 0,
            "group_uuid": "7c702e45-db13-4f9f-bb54-8a8793c1ead5",
            "source": "Berth 31",
            "transportation_methods": [
                "Roadway",
                "Sea",
                "Transloading"
            ],
            "shipper": "FIT",
            "nTEU": 4,
            "origin": "SPAIN-S",
            "destination": "McIntosh Intersection",
            "name": "15-CAP ANDREAS-28:84:SPAIN-S"
        },
        {
            "EAT": 2880,
            "LDT": 7200,
            "cargo_categories": [
                "Non-hazardous"
            ],
            "delay_cost": 0,
            "group_uuid": "7c702e45-db13-4f9f-bb54-8a8793c1ead5",
            "source": "Berth 31",
            "transportation_methods": [
                "Roadway",
                "Sea",
                "Transloading"
            ],
            "shipper": "FIT",
            "nTEU": 3,
            "origin": "BRAZIL",
            "destination": "McIntosh Intersection",
            "name": "15-CAP ANDREAS-29:74:BRAZIL"
        },
        {
            "EAT": 2880,
            "LDT": 7200,
            "cargo_categories": [
                "Non-hazardous"
            ],
            "delay_cost": 0,
            "group_uuid": "7c702e45-db13-4f9f-bb54-8a8793c1ead5",
            "source": "Berth 31",
            "transportation_methods": [
                "Roadway",
                "Sea",
                "Transloading"
            ],
            "shipper": "FIT",
            "nTEU": 1,
            "origin": "GERMANY",
            "destination": "McIntosh Intersection",
            "name": "15-CAP ANDREAS-30:37:GERMANY"
        }
    ]
}