{
    "commodities": [
        {
            "EAT": 14400,
            "LDT": 18720,
            "cargo_categories": [
                "Non-hazardous"
            ],
            "delay_cost": 0,
            "group_uuid": "78aa0224-4456-47e1-a4a5-63d996ea2d88",
            "source": "Berth 30",
            "transportation_methods": [
                "Roadway",
                "Sea",
                "Transloading"
            ],
            "shipper": "FIT",
            "nTEU": 343,
            "origin": "HONDURAS",
            "destination": "McIntosh Intersection",
            "name": "55-CHIQUITA TRADER-0:8:HONDURAS"
        },
        {
            "EAT": 14400,
            "LDT": 18720,
            "cargo_categories": [
                "Non-hazardous"
            ],
            "delay_cost": 0,
            "group_uuid": "78aa0224-4456-47e1-a4a5-63d996ea2d88",
            "source": "Berth 30",
            "transportation_methods": [
                "Roadway",
                "Sea",
                "Transloading"
            ],
            "shipper": "FIT",
            "nTEU": 2,
            "origin": "COLOMBIA",
            "destination": "McIntosh Intersection",
            "name": "55-CHIQUITA TRADER-1:39:COLOMBIA"
        },
        {
            "EAT": 14400,
            "LDT": 18720,
            "cargo_categories": [
                "Non-hazardous"
            ],
            "delay_cost": 0,
            "group_uuid": "78aa0224-4456-47e1-a4a5-63d996ea2d88",
            "source": "Berth 30",
            "transportation_methods": [
                "Roadway",
                "Sea",
                "Transloading"
            ],
            "shipper": "FIT",
            "nTEU": 7,
            "origin": "COLOMBIA",
            "destination": "McIntosh Intersection",
            "name": "55-CHIQUITA TRADER-2:44:COLOMBIA"
        },
        {
            "EAT": 14400,
            "LDT": 18720,
            "cargo_categories": [
                "Non-hazardous"
            ],
            "delay_cost": 0,
            "group_uuid": "78aa0224-4456-47e1-a4a5-63d996ea2d88",
            "source": "Berth 30",
            "transportation_methods": [
                "Roadway",
                "Sea",
                "Transloading"
            ],
            "shipper": "FIT",
            "nTEU": 4,
            "origin": "ITALY",
            "destination": "McIntosh Intersection",
            "name": "55-CHIQUITA TRADER-3:22:ITALY"
        },
        {
            "EAT": 14400,
            "LDT": 18720,
            "cargo_categories": [
                "Non-hazardous"
            ],
            "delay_cost": 0,
            "group_uuid": "78aa0224-4456-47e1-a4a5-63d996ea2d88",
            "source": "Berth 30",
            "transportation_methods": [
                "Roadway",
                "Sea",
                "Transloading"
            ],
            "shipper": "FIT",
            "nTEU": 2,
            "origin": "GUATEMALA",
            "destination": "McIntosh Intersection",
            "name": "55-CHIQUITA TRADER-4:20:GUATEMALA"
        },
        {
            "EAT": 14400,
            "LDT": 18720,
            "cargo_categories": [
                "Non-hazardous"
            ],
            "delay_cost": 0,
            "group_uuid": "78aa0224-4456-47e1-a4a5-63d996ea2d88",
            "source": "Berth 30",
            "transportation_methods": [
                "Roadway",
                "Sea",
                "Transloading"
            ],
            "shipper": "FIT",
            "nTEU": 0,
            "origin": "COLOMBIA",
            "destination": "McIntosh Intersection",
            "name": "55-CHIQUITA TRADER-5:42:COLOMBIA"
        },
        {
            "EAT": 14400,
            "LDT": 18720,
            "cargo_categories": [
                "Non-hazardous"
            ],
            "delay_cost": 0,
            "group_uuid": "78aa0224-4456-47e1-a4a5-63d996ea2d88",
            "source": "Berth 30",
            "transportation_methods": [
                "Roadway",
                "Sea",
                "Transloading"
            ],
            "shipper": "FIT",
            "nTEU": 0,
            "origin": "GUATEMALA",
            "destination": "McIntosh Intersection",
            "name": "55-CHIQUITA TRADER-6:86:GUATEMALA"
        }
    ]
}