{
    "commodities": [
        {
            "EAT": 11520,
            "LDT": 15840,
            "cargo_categories": [
                "Non-hazardous"
            ],
            "delay_cost": 0,
            "group_uuid": "bcc10650-8d0a-4aa2-a42d-e98fe53ba8b1",
            "source": "Berth 33",
            "transportation_methods": [
                "Roadway",
                "Sea",
                "Transloading"
            ],
            "shipper": "FIT",
            "nTEU": 2,
            "origin": "COLOMBIA",
            "destination": "McIntosh Intersection",
            "name": "44-DENEB J-0:95:COLOMBIA"
        },
        {
            "EAT": 11520,
            "LDT": 15840,
            "cargo_categories": [
                "Non-hazardous"
            ],
            "delay_cost": 0,
            "group_uuid": "bcc10650-8d0a-4aa2-a42d-e98fe53ba8b1",
            "source": "Berth 33",
            "transportation_methods": [
                "Roadway",
                "Sea",
                "Transloading"
            ],
            "shipper": "FIT",
            "nTEU": 2,
            "origin": "BRAZIL",
            "destination": "McIntosh Intersection",
            "name": "44-DENEB J-1:34:BRAZIL"
        },
        {
            "EAT": 11520,
            "LDT": 15840,
            "cargo_categories": [
                "Non-hazardous"
            ],
            "delay_cost": 0,
            "group_uuid": "bcc10650-8d0a-4aa2-a42d-e98fe53ba8b1",
            "source": "Berth 33",
            "transportation_methods": [
                "Roadway",
                "Sea",
                "Transloading"
            ],
            "shipper": "Crowley",
            "nTEU": 42,
            "origin": "BRAZIL",
            "destination": "McIntosh Intersection",
            "name": "44-DENEB J-2:85:BRAZIL"
        },
        {
            "EAT": 11520,
            "LDT": 15840,
            "cargo_categories": [
                "Non-hazardous"
            ],
            "delay_cost": 0,
            "group_uuid": "bcc10650-8d0a-4aa2-a42d-e98fe53ba8b1",
            "source": "Berth 33",
            "transportation_methods": [
                "Roadway",
                "Sea",
                "Transloading"
            ],
            "shipper": "FIT",
            "nTEU": 2,
            "origin": "GERMANY",
            "destination": "McIntosh Intersection",
            "name": "44-DENEB J-3::GERMANY"
        },
        {
            "EAT": 11520,
            "LDT": 15840,
            "cargo_categories": [
                "Non-hazardous"
            ],
            "delay_cost": 0,
            "group_uuid": "bcc10650-8d0a-4aa2-a42d-e98fe53ba8b1",
            "source": "Berth 33",
            "transportation_methods": [
                "Roadway",
                "Sea",
                "Transloading"
            ],
            "shipper": "FIT",
            "nTEU": 0,
            "origin": "TURKS AND CAICOS IS",
            "destination": "McIntosh Intersection",
            "name": "44-DENEB J-4:86:TURKS AND CAICOS IS"
        },
        {
            "EAT": 11520,
            "LDT": 15840,
            "cargo_categories": [
                "Non-hazardous"
            ],
            "delay_cost": 0,
            "group_uuid": "bcc10650-8d0a-4aa2-a42d-e98fe53ba8b1",
            "source": "Berth 33",
            "transportation_methods": [
                "Roadway",
                "Sea",
                "Transloading"
            ],
            "shipper": "FIT",
            "nTEU": 3,
            "origin": "DOMINICAN REPUBLIC",
            "destination": "McIntosh Intersection",
            "name": "44-DENEB J-5:46:DOMINICAN REPUBLIC"
        },
        {
            "EAT": 11520,
            "LDT": 15840,
            "cargo_categories": [
                "Non-hazardous"
            ],
            "delay_cost": 0,
            "group_uuid": "bcc10650-8d0a-4aa2-a42d-e98fe53ba8b1",
            "source": "Berth 33",
            "transportation_methods": [
                "Roadway",
                "Sea",
                "Transloading"
            ],
            "shipper": "Crowley",
            "nTEU": 4,
            "origin": "GUATEMALA",
            "destination": "McIntosh Intersection",
            "name": "44-DENEB J-6:6:GUATEMALA"
        },
        {
            "EAT": 11520,
            "LDT": 15840,
            "cargo_categories": [
                "Non-hazardous"
            ],
            "delay_cost": 0,
            "group_uuid": "bcc10650-8d0a-4aa2-a42d-e98fe53ba8b1",
            "source": "Berth 33",
            "transportation_methods": [
                "Roadway",
                "Sea",
                "Transloading"
            ],
            "shipper": "Crowley",
            "nTEU": 32,
            "origin": "DOMINICAN REPUBLIC",
            "destination": "McIntosh Intersection",
            "name": "44-DENEB J-7:24:DOMINICAN REPUBLIC"
        },
        {
            "EAT": 11520,
            "LDT": 15840,
            "cargo_categories": [
                "Non-hazardous"
            ],
            "delay_cost": 0,
            "group_uuid": "bcc10650-8d0a-4aa2-a42d-e98fe53ba8b1",
            "source": "Berth 33",
            "transportation_methods": [
                "Roadway",
                "Sea",
                "Transloading"
            ],
            "shipper": "Crowley",
            "nTEU": 10,
            "origin": "BRAZIL",
            "destination": "McIntosh Intersection",
            "name": "44-DENEB J-8:48:BRAZIL"
        },
        {
            "EAT": 11520,
            "LDT": 15840,
            "cargo_categories": [
                "Non-hazardous"
            ],
            "delay_cost": 0,
            "group_uuid": "bcc10650-8d0a-4aa2-a42d-e98fe53ba8b1",
            "source": "Berth 33",
            "transportation_methods": [
                "Roadway",
                "Sea",
                "Transloading"
            ],
            "shipper": "FIT",
            "nTEU": 3,
            "origin": "ITALY",
            "destination": "McIntosh Intersection",
            "name": "44-DENEB J-9:19:ITALY"
        },
        {
            "EAT": 11520,
            "LDT": 15840,
            "cargo_categories": [
                "Non-hazardous"
            ],
            "delay_cost": 0,
            "group_uuid": "bcc10650-8d0a-4aa2-a42d-e98fe53ba8b1",
            "source": "Berth 33",
            "transportation_methods": [
                "Roadway",
                "Sea",
                "Transloading"
            ],
            "shipper": "FIT",
            "nTEU": 2,
            "origin": "DOMINICAN REPUBLIC",
            "destination": "McIntosh Intersection",
            "name": "44-DENEB J-10:64:DOMINICAN REPUBLIC"
        },
        {
            "EAT": 11520,
            "LDT": 15840,
            "cargo_categories": [
                "Non-hazardous"
            ],
            "delay_cost": 0,
            "group_uuid": "bcc10650-8d0a-4aa2-a42d-e98fe53ba8b1",
            "source": "Berth 33",
            "transportation_methods": [
                "Roadway",
                "Sea",
                "Transloading"
            ],
            "shipper": "Crowley",
            "nTEU": 2,
            "origin": "COSTA RICA",
            "destination": "McIntosh Intersection",
            "name": "44-DENEB J-11:7:COSTA RICA"
        },
        {
            "EAT": 11520,
            "LDT": 15840,
            "cargo_categories": [
                "Non-hazardous"
            ],
            "delay_cost": 0,
            "group_uuid": "bcc10650-8d0a-4aa2-a42d-e98fe53ba8b1",
            "source": "Berth 33",
            "transportation_methods": [
                "Roadway",
                "Sea",
                "Transloading"
            ],
            "shipper": "FIT",
            "nTEU": 34,
            "origin": "HONDURAS",
            "destination": "McIntosh Intersection",
            "name": "44-DENEB J-12:39:HONDURAS"
        },
        {
            "EAT": 11520,
            "LDT": 15840,
            "cargo_categories": [
                "Non-hazardous"
            ],
            "delay_cost": 0,
            "group_uuid": "bcc10650-8d0a-4aa2-a42d-e98fe53ba8b1",
            "source": "Berth 33",
            "transportation_methods": [
                "Roadway",
                "Sea",
                "Transloading"
            ],
            "shipper": "FIT",
            "nTEU": 4,
            "origin": "GUATEMALA",
            "destination": "McIntosh Intersection",
            "name": "44-DENEB J-13:61:GUATEMALA"
        },
        {
            "EAT": 11520,
            "LDT": 15840,
            "cargo_categories": [
                "Non-hazardous"
            ],
            "delay_cost": 0,
            "group_uuid": "bcc10650-8d0a-4aa2-a42d-e98fe53ba8b1",
            "source": "Berth 33",
            "transportation_methods": [
                "Roadway",
                "Sea",
                "Transloading"
            ],
            "shipper": "Crowley",
            "nTEU": 2,
            "origin": "ITALY",
            "destination": "McIntosh Intersection",
            "name": "44-DENEB J-14:69:ITALY"
        },
        {
            "EAT": 11520,
            "LDT": 15840,
            "cargo_categories": [
                "Non-hazardous"
            ],
            "delay_cost": 0,
            "group_uuid": "bcc10650-8d0a-4aa2-a42d-e98fe53ba8b1",
            "source": "Berth 33",
            "transportation_methods": [
                "Roadway",
                "Sea",
                "Transloading"
            ],
            "shipper": "FIT",
            "nTEU": 5,
            "origin": "COLOMBIA",
            "destination": "McIntosh Intersection",
            "name": "44-DENEB J-15:87:COLOMBIA"
        },
        {
            "EAT": 11520,
            "LDT": 15840,
            "cargo_categories": [
                "Non-hazardous"
            ],
            "delay_cost": 0,
            "group_uuid": "bcc10650-8d0a-4aa2-a42d-e98fe53ba8b1",
            "source": "Berth 33",
            "transportation_methods": [
                "Roadway",
                "Sea",
                "Transloading"
            ],
            "shipper": "Crowley",
            "nTEU": 12,
            "origin": "BRAZIL",
            "destination": "McIntosh Intersection",
            "name": "44-DENEB J-16:25:BRAZIL"
        },
        {
            "EAT": 11520,
            "LDT": 15840,
            "cargo_categories": [
                "Non-hazardous"
            ],
            "delay_cost": 0,
            "group_uuid": "bcc10650-8d0a-4aa2-a42d-e98fe53ba8b1",
            "source": "Berth 33",
            "transportation_methods": [
                "Roadway",
                "Sea",
                "Transloading"
            ],
            "shipper": "Crowley",
            "nTEU": 3,
            "origin": "ITALY",
            "destination": "McIntosh Intersection",
            "name": "44-DENEB J-17:84:ITALY"
        },
        {
            "EAT": 11520,
            "LDT": 15840,
            "cargo_categories": [
                "Non-hazardous"
            ],
            "delay_cost": 0,
            "group_uuid": "bcc10650-8d0a-4aa2-a42d-e98fe53ba8b1",
            "source": "Berth 33",
            "transportation_methods": [
                "Roadway",
                "Sea",
                "Transloading"
            ],
            "shipper": "FIT",
            "nTEU": 2,
            "origin": "ITALY",
            "destination": "McIntosh Intersection",
            "name": "44-DENEB J-18:94:ITALY"
        },
        {
            "EAT": 11520,
            "LDT": 15840,
            "cargo_categories": [
                "Non-hazardous"
            ],
            "delay_cost": 0,
            "group_uuid": "bcc10650-8d0a-4aa2-a42d-e98fe53ba8b1",
            "source": "Berth 33",
            "transportation_methods": [
                "Roadway",
                "Sea",
                "Transloading"
            ],
            "shipper": "FIT",
            "nTEU": 10,
            "origin": "PORTUGAL",
            "destination": "McIntosh Intersection",
            "name": "44-DENEB J-19:83:PORTUGAL"
        },
        {
            "EAT": 11520,
            "LDT": 15840,
            "cargo_categories": [
                "Non-hazardous"
            ],
            "delay_cost": 0,
            "group_uuid": "bcc10650-8d0a-4aa2-a42d-e98fe53ba8b1",
            "source": "Berth 33",
            "transportation_methods": [
                "Roadway",
                "Sea",
                "Transloading"
            ],
            "shipper": "FIT",
            "nTEU": 44,
            "origin": "DOMINICAN REPUBLIC",
            "destination": "McIntosh Intersection",
            "name": "44-DENEB J-20:90:DOMINICAN REPUBLIC"
        },
        {
            "EAT": 11520,
            "LDT": 15840,
            "cargo_categories": [
                "Non-hazardous"
            ],
            "delay_cost": 0,
            "group_uuid": "bcc10650-8d0a-4aa2-a42d-e98fe53ba8b1",
            "source": "Berth 33",
            "transportation_methods": [
                "Roadway",
                "Sea",
                "Transloading"
            ],
            "shipper": "Crowley",
            "nTEU": 2,
            "origin": "JAMAICA",
            "destination": "McIntosh Intersection",
            "name": "44-DENEB J-21:73:JAMAICA"
        },
        {
            "EAT": 11520,
            "LDT": 15840,
            "cargo_categories": [
                "Non-hazardous"
            ],
            "delay_cost": 0,
            "group_uuid": "bcc10650-8d0a-4aa2-a42d-e98fe53ba8b1",
            "source": "Berth 33",
            "transportation_methods": [
                "Roadway",
                "Sea",
                "Transloading"
            ],
            "shipper": "Crowley",
            "nTEU": 1,
            "origin": "PORTUGAL",
            "destination": "McIntosh Intersection",
            "name": "44-DENEB J-22:21:PORTUGAL"
        },
        {
            "EAT": 11520,
            "LDT": 15840,
            "cargo_categories": [
                "Non-hazardous"
            ],
            "delay_cost": 0,
            "group_uuid": "bcc10650-8d0a-4aa2-a42d-e98fe53ba8b1",
            "source": "Berth 33",
            "transportation_methods": [
                "Roadway",
                "Sea",
                "Transloading"
            ],
            "shipper": "FIT",
            "nTEU": 7,
            "origin": "HONDURAS",
            "destination": "McIntosh Intersection",
            "name": "44-DENEB J-23:8:HONDURAS"
        },
        {
            "EAT": 11520,
            "LDT": 15840,
            "cargo_categories": [
                "Non-hazardous"
            ],
            "delay_cost": 0,
            "group_uuid": "bcc10650-8d0a-4aa2-a42d-e98fe53ba8b1",
            "source": "Berth 33",
            "transportation_methods": [
                "Roadway",
                "Sea",
                "Transloading"
            ],
            "shipper": "FIT",
            "nTEU": 20,
            "origin": "HONDURAS",
            "destination": "McIntosh Intersection",
            "name": "44-DENEB J-24:62:HONDURAS"
        },
        {
            "EAT": 11520,
            "LDT": 15840,
            "cargo_categories": [
                "Non-hazardous"
            ],
            "delay_cost": 0,
            "group_uuid": "bcc10650-8d0a-4aa2-a42d-e98fe53ba8b1",
            "source": "Berth 33",
            "transportation_methods": [
                "Roadway",
                "Sea",
                "Transloading"
            ],
            "shipper": "Crowley",
            "nTEU": 8,
            "origin": "DOMINICAN REPUBLIC",
            "destination": "McIntosh Intersection",
            "name": "44-DENEB J-25:28:DOMINICAN REPUBLIC"
        },
        {
            "EAT": 11520,
            "LDT": 15840,
            "cargo_categories": [
                "Non-hazardous"
            ],
            "delay_cost": 0,
            "group_uuid": "bcc10650-8d0a-4aa2-a42d-e98fe53ba8b1",
            "source": "Berth 33",
            "transportation_methods": [
                "Roadway",
                "Sea",
                "Transloading"
            ],
            "shipper": "Crowley",
            "nTEU": 4,
            "origin": "PORTUGAL",
            "destination": "McIntosh Intersection",
            "name": "44-DENEB J-26:22:PORTUGAL"
        },
        {
            "EAT": 11520,
            "LDT": 15840,
            "cargo_categories": [
                "Non-hazardous"
            ],
            "delay_cost": 0,
            "group_uuid": "bcc10650-8d0a-4aa2-a42d-e98fe53ba8b1",
            "source": "Berth 33",
            "transportation_methods": [
                "Roadway",
                "Sea",
                "Transloading"
            ],
            "shipper": "FIT",
            "nTEU": 2,
            "origin": "BRAZIL",
            "destination": "McIntosh Intersection",
            "name": "44-DENEB J-27:44:BRAZIL"
        },
        {
            "EAT": 11520,
            "LDT": 15840,
            "cargo_categories": [
                "Non-hazardous"
            ],
            "delay_cost": 0,
            "group_uuid": "bcc10650-8d0a-4aa2-a42d-e98fe53ba8b1",
            "source": "Berth 33",
            "transportation_methods": [
                "Roadway",
                "Sea",
                "Transloading"
            ],
            "shipper": "Crowley",
            "nTEU": 5,
            "origin": "PORTUGAL",
            "destination": "McIntosh Intersection",
            "name": "44-DENEB J-28:20:PORTUGAL"
        },
        {
            "EAT": 11520,
            "LDT": 15840,
            "cargo_categories": [
                "Non-hazardous"
            ],
            "delay_cost": 0,
            "group_uuid": "bcc10650-8d0a-4aa2-a42d-e98fe53ba8b1",
            "source": "Berth 33",
            "transportation_methods": [
                "Roadway",
                "Sea",
                "Transloading"
            ],
            "shipper": "FIT",
            "nTEU": 4,
            "origin": "PORTUGAL",
            "destination": "McIntosh Intersection",
            "name": "44-DENEB J-29:63:PORTUGAL"
        },
        {
            "EAT": 11520,
            "LDT": 15840,
            "cargo_categories": [
                "Non-hazardous"
            ],
            "delay_cost": 0,
            "group_uuid": "bcc10650-8d0a-4aa2-a42d-e98fe53ba8b1",
            "source": "Berth 33",
            "transportation_methods": [
                "Roadway",
                "Sea",
                "Transloading"
            ],
            "shipper": "Crowley",
            "nTEU": 3,
            "origin": "SPAIN-S",
            "destination": "McIntosh Intersection",
            "name": "44-DENEB J-30:72:SPAIN-S"
        }
    ]
}