{
    "commodities": [
        {
            "EAT": 10810,
            "LDT": 15130,
            "cargo_categories": [
                "Non-hazardous"
            ],
            "delay_cost": 0,
            "group_uuid": "40b69157-4246-4b29-82c8-de106dfc3bc9",
            "source": "Berth 32",
            "transportation_methods": [
                "Roadway",
                "Sea",
                "Transloading"
            ],
            "shipper": "King Ocean",
            "nTEU": 0,
            "origin": "GUATEMALA",
            "destination": "McIntosh Intersection",
            "name": "38-JAN CARIBE-0:86:GUATEMALA"
        },
        {
            "EAT": 10810,
            "LDT": 15130,
            "cargo_categories": [
                "Non-hazardous"
            ],
            "delay_cost": 0,
            "group_uuid": "40b69157-4246-4b29-82c8-de106dfc3bc9",
            "source": "Berth 32",
            "transportation_methods": [
                "Roadway",
                "Sea",
                "Transloading"
            ],
            "shipper": "King Ocean",
            "nTEU": 2,
            "origin": "COSTA RICA",
            "destination": "McIntosh Intersection",
            "name": "38-JAN CARIBE-1:7:COSTA RICA"
        },
        {
            "EAT": 10810,
            "LDT": 15130,
            "cargo_categories": [
                "Non-hazardous"
            ],
            "delay_cost": 0,
            "group_uuid": "40b69157-4246-4b29-82c8-de106dfc3bc9",
            "source": "Berth 32",
            "transportation_methods": [
                "Roadway",
                "Sea",
                "Transloading"
            ],
            "shipper": "King Ocean",
            "nTEU": 6,
            "origin": "DOMINICAN REPUBLIC",
            "destination": "McIntosh Intersection",
            "name": "38-JAN CARIBE-2:62:DOMINICAN REPUBLIC"
        },
        {
            "EAT": 10810,
            "LDT": 15130,
            "cargo_categories": [
                "Non-hazardous"
            ],
            "delay_cost": 0,
            "group_uuid": "40b69157-4246-4b29-82c8-de106dfc3bc9",
            "source": "Berth 32",
            "transportation_methods": [
                "Roadway",
                "Sea",
                "Transloading"
            ],
            "shipper": "King Ocean",
            "nTEU": 2,
            "origin": "COLOMBIA",
            "destination": "McIntosh Intersection",
            "name": "38-JAN CARIBE-3:18:COLOMBIA"
        },
        {
            "EAT": 10810,
            "LDT": 15130,
            "cargo_categories": [
                "Non-hazardous"
            ],
            "delay_cost": 0,
            "group_uuid": "40b69157-4246-4b29-82c8-de106dfc3bc9",
            "source": "Berth 32",
            "transportation_methods": [
                "Roadway",
                "Sea",
                "Transloading"
            ],
            "shipper": "King Ocean",
            "nTEU": 2,
            "origin": "ECUADOR",
            "destination": "McIntosh Intersection",
            "name": "38-JAN CARIBE-4:69:ECUADOR"
        },
        {
            "EAT": 10810,
            "LDT": 15130,
            "cargo_categories": [
                "Non-hazardous"
            ],
            "delay_cost": 0,
            "group_uuid": "40b69157-4246-4b29-82c8-de106dfc3bc9",
            "source": "Berth 32",
            "transportation_methods": [
                "Roadway",
                "Sea",
                "Transloading"
            ],
            "shipper": "King Ocean",
            "nTEU": 16,
            "origin": "CHILE",
            "destination": "McIntosh Intersection",
            "name": "38-JAN CARIBE-5:2:CHILE"
        },
        {
            "EAT": 10810,
            "LDT": 15130,
            "cargo_categories": [
                "Non-hazardous"
            ],
            "delay_cost": 0,
            "group_uuid": "40b69157-4246-4b29-82c8-de106dfc3bc9",
            "source": "Berth 32",
            "transportation_methods": [
                "Roadway",
                "Sea",
                "Transloading"
            ],
            "shipper": "King Ocean",
            "nTEU": 2,
            "origin": "BAHAMAS",
            "destination": "McIntosh Intersection",
            "name": "38-JAN CARIBE-6:95:BAHAMAS"
        },
        {
            "EAT": 10810,
            "LDT": 15130,
            "cargo_categories": [
                "Non-hazardous"
            ],
            "delay_cost": 0,
            "group_uuid": "40b69157-4246-4b29-82c8-de106dfc3bc9",
            "source": "Berth 32",
            "transportation_methods": [
                "Roadway",
                "Sea",
                "Transloading"
            ],
            "shipper": "King Ocean",
            "nTEU": 1,
            "origin": "CHILE",
            "destination": "McIntosh Intersection",
            "name": "38-JAN CARIBE-7:12:CHILE"
        },
        {
            "EAT": 10810,
            "LDT": 15130,
            "cargo_categories": [
                "Non-hazardous"
            ],
            "delay_cost": 0,
            "group_uuid": "40b69157-4246-4b29-82c8-de106dfc3bc9",
            "source": "Berth 32",
            "transportation_methods": [
                "Roadway",
                "Sea",
                "Transloading"
            ],
            "shipper": "King Ocean",
            "nTEU": 6,
            "origin": "ITALY",
            "destination": "McIntosh Intersection",
            "name": "38-JAN CARIBE-8:22:ITALY"
        },
        {
            "EAT": 10810,
            "LDT": 15130,
            "cargo_categories": [
                "Non-hazardous"
            ],
            "delay_cost": 0,
            "group_uuid": "40b69157-4246-4b29-82c8-de106dfc3bc9",
            "source": "Berth 32",
            "transportation_methods": [
                "Roadway",
                "Sea",
                "Transloading"
            ],
            "shipper": "King Ocean",
            "nTEU": 4,
            "origin": "BELGIUM",
            "destination": "McIntosh Intersection",
            "name": "38-JAN CARIBE-9:9:BELGIUM"
        },
        {
            "EAT": 10810,
            "LDT": 15130,
            "cargo_categories": [
                "Non-hazardous"
            ],
            "delay_cost": 0,
            "group_uuid": "40b69157-4246-4b29-82c8-de106dfc3bc9",
            "source": "Berth 32",
            "transportation_methods": [
                "Roadway",
                "Sea",
                "Transloading"
            ],
            "shipper": "King Ocean",
            "nTEU": 1,
            "origin": "CHILE",
            "destination": "McIntosh Intersection",
            "name": "38-JAN CARIBE-10:10:CHILE"
        }
    ]
}