{
    "commodities": [
        {
            "EAT": 8640,
            "LDT": 12960,
            "cargo_categories": [
                "Non-hazardous"
            ],
            "delay_cost": 0,
            "group_uuid": "7f6c9ced-9b6e-4ae3-ad74-c25343eb21b6",
            "source": "Berth 30",
            "transportation_methods": [
                "Roadway",
                "Sea",
                "Transloading"
            ],
            "shipper": "FIT",
            "nTEU": 26,
            "origin": "GERMANY",
            "destination": "McIntosh Intersection",
            "name": "33-JPO CAPRICORNUS-0:76:GERMANY"
        },
        {
            "EAT": 8640,
            "LDT": 12960,
            "cargo_categories": [
                "Non-hazardous"
            ],
            "delay_cost": 0,
            "group_uuid": "7f6c9ced-9b6e-4ae3-ad74-c25343eb21b6",
            "source": "Berth 30",
            "transportation_methods": [
                "Roadway",
                "Sea",
                "Transloading"
            ],
            "shipper": "FIT",
            "nTEU": 2,
            "origin": "BELGIUM",
            "destination": "McIntosh Intersection",
            "name": "33-JPO CAPRICORNUS-1::BELGIUM"
        },
        {
            "EAT": 8640,
            "LDT": 12960,
            "cargo_categories": [
                "Non-hazardous"
            ],
            "delay_cost": 0,
            "group_uuid": "7f6c9ced-9b6e-4ae3-ad74-c25343eb21b6",
            "source": "Berth 30",
            "transportation_methods": [
                "Roadway",
                "Sea",
                "Transloading"
            ],
            "shipper": "FIT",
            "nTEU": 18,
            "origin": "GUATEMALA",
            "destination": "McIntosh Intersection",
            "name": "33-JPO CAPRICORNUS-2:8:GUATEMALA"
        },
        {
            "EAT": 8640,
            "LDT": 12960,
            "cargo_categories": [
                "Non-hazardous"
            ],
            "delay_cost": 0,
            "group_uuid": "7f6c9ced-9b6e-4ae3-ad74-c25343eb21b6",
            "source": "Berth 30",
            "transportation_methods": [
                "Roadway",
                "Sea",
                "Transloading"
            ],
            "shipper": "FIT",
            "nTEU": 1,
            "origin": "SPAIN-S",
            "destination": "McIntosh Intersection",
            "name": "33-JPO CAPRICORNUS-3:31:SPAIN-S"
        },
        {
            "EAT": 8640,
            "LDT": 12960,
            "cargo_categories": [
                "Non-hazardous"
            ],
            "delay_cost": 0,
            "group_uuid": "7f6c9ced-9b6e-4ae3-ad74-c25343eb21b6",
            "source": "Berth 30",
            "transportation_methods": [
                "Roadway",
                "Sea",
                "Transloading"
            ],
            "shipper": "FIT",
            "nTEU": 2,
            "origin": "COLOMBIA",
            "destination": "McIntosh Intersection",
            "name": "33-JPO CAPRICORNUS-4:96:COLOMBIA"
        },
        {
            "EAT": 8640,
            "LDT": 12960,
            "cargo_categories": [
                "Non-hazardous"
            ],
            "delay_cost": 0,
            "group_uuid": "7f6c9ced-9b6e-4ae3-ad74-c25343eb21b6",
            "source": "Berth 30",
            "transportation_methods": [
                "Roadway",
                "Sea",
                "Transloading"
            ],
            "shipper": "FIT",
            "nTEU": 7,
            "origin": "ITALY",
            "destination": "McIntosh Intersection",
            "name": "33-JPO CAPRICORNUS-5:22:ITALY"
        },
        {
            "EAT": 8640,
            "LDT": 12960,
            "cargo_categories": [
                "Non-hazardous"
            ],
            "delay_cost": 0,
            "group_uuid": "7f6c9ced-9b6e-4ae3-ad74-c25343eb21b6",
            "source": "Berth 30",
            "transportation_methods": [
                "Roadway",
                "Sea",
                "Transloading"
            ],
            "shipper": "FIT",
            "nTEU": 12,
            "origin": "UNITED KINGDOM",
            "destination": "McIntosh Intersection",
            "name": "33-JPO CAPRICORNUS-6:32:UNITED KINGDOM"
        },
        {
            "EAT": 8640,
            "LDT": 12960,
            "cargo_categories": [
                "Non-hazardous"
            ],
            "delay_cost": 0,
            "group_uuid": "7f6c9ced-9b6e-4ae3-ad74-c25343eb21b6",
            "source": "Berth 30",
            "transportation_methods": [
                "Roadway",
                "Sea",
                "Transloading"
            ],
            "shipper": "FIT",
            "nTEU": 6,
            "origin": "PANAMA",
            "destination": "McIntosh Intersection",
            "name": "33-JPO CAPRICORNUS-7:3:PANAMA"
        },
        {
            "EAT": 8640,
            "LDT": 12960,
            "cargo_categories": [
                "Non-hazardous"
            ],
            "delay_cost": 0,
            "group_uuid": "7f6c9ced-9b6e-4ae3-ad74-c25343eb21b6",
            "source": "Berth 30",
            "transportation_methods": [
                "Roadway",
                "Sea",
                "Transloading"
            ],
            "shipper": "FIT",
            "nTEU": 36,
            "origin": "BRAZIL",
            "destination": "McIntosh Intersection",
            "name": "33-JPO CAPRICORNUS-8:10:BRAZIL"
        },
        {
            "EAT": 8640,
            "LDT": 12960,
            "cargo_categories": [
                "Non-hazardous"
            ],
            "delay_cost": 0,
            "group_uuid": "7f6c9ced-9b6e-4ae3-ad74-c25343eb21b6",
            "source": "Berth 30",
            "transportation_methods": [
                "Roadway",
                "Sea",
                "Transloading"
            ],
            "shipper": "FIT",
            "nTEU": 10,
            "origin": "ITALY",
            "destination": "McIntosh Intersection",
            "name": "33-JPO CAPRICORNUS-9:20:ITALY"
        },
        {
            "EAT": 8640,
            "LDT": 12960,
            "cargo_categories": [
                "Non-hazardous"
            ],
            "delay_cost": 0,
            "group_uuid": "7f6c9ced-9b6e-4ae3-ad74-c25343eb21b6",
            "source": "Berth 30",
            "transportation_methods": [
                "Roadway",
                "Sea",
                "Transloading"
            ],
            "shipper": "FIT",
            "nTEU": 1,
            "origin": "DOMINICAN REPUBLIC",
            "destination": "McIntosh Intersection",
            "name": "33-JPO CAPRICORNUS-10:21:DOMINICAN REPUBLIC"
        },
        {
            "EAT": 8640,
            "LDT": 12960,
            "cargo_categories": [
                "Non-hazardous"
            ],
            "delay_cost": 0,
            "group_uuid": "7f6c9ced-9b6e-4ae3-ad74-c25343eb21b6",
            "source": "Berth 30",
            "transportation_methods": [
                "Roadway",
                "Sea",
                "Transloading"
            ],
            "shipper": "FIT",
            "nTEU": 2,
            "origin": "BELGIUM",
            "destination": "McIntosh Intersection",
            "name": "33-JPO CAPRICORNUS-11:29:BELGIUM"
        },
        {
            "EAT": 8640,
            "LDT": 12960,
            "cargo_categories": [
                "Non-hazardous"
            ],
            "delay_cost": 0,
            "group_uuid": "7f6c9ced-9b6e-4ae3-ad74-c25343eb21b6",
            "source": "Berth 30",
            "transportation_methods": [
                "Roadway",
                "Sea",
                "Transloading"
            ],
            "shipper": "FIT",
            "nTEU": 2,
            "origin": "ECUADOR",
            "destination": "McIntosh Intersection",
            "name": "33-JPO CAPRICORNUS-12:16:ECUADOR"
        },
        {
            "EAT": 8640,
            "LDT": 12960,
            "cargo_categories": [
                "Non-hazardous"
            ],
            "delay_cost": 0,
            "group_uuid": "7f6c9ced-9b6e-4ae3-ad74-c25343eb21b6",
            "source": "Berth 30",
            "transportation_methods": [
                "Roadway",
                "Sea",
                "Transloading"
            ],
            "shipper": "FIT",
            "nTEU": 1,
            "origin": "HONDURAS",
            "destination": "McIntosh Intersection",
            "name": "33-JPO CAPRICORNUS-13:87:HONDURAS"
        },
        {
            "EAT": 8640,
            "LDT": 12960,
            "cargo_categories": [
                "Non-hazardous"
            ],
            "delay_cost": 0,
            "group_uuid": "7f6c9ced-9b6e-4ae3-ad74-c25343eb21b6",
            "source": "Berth 30",
            "transportation_methods": [
                "Roadway",
                "Sea",
                "Transloading"
            ],
            "shipper": "FIT",
            "nTEU": 6,
            "origin": "COLOMBIA",
            "destination": "McIntosh Intersection",
            "name": "33-JPO CAPRICORNUS-14:2:COLOMBIA"
        },
        {
            "EAT": 8640,
            "LDT": 12960,
            "cargo_categories": [
                "Non-hazardous"
            ],
            "delay_cost": 0,
            "group_uuid": "7f6c9ced-9b6e-4ae3-ad74-c25343eb21b6",
            "source": "Berth 30",
            "transportation_methods": [
                "Roadway",
                "Sea",
                "Transloading"
            ],
            "shipper": "FIT",
            "nTEU": 4,
            "origin": "COSTA RICA",
            "destination": "McIntosh Intersection",
            "name": "33-JPO CAPRICORNUS-15:7:COSTA RICA"
        },
        {
            "EAT": 8640,
            "LDT": 12960,
            "cargo_categories": [
                "Non-hazardous"
            ],
            "delay_cost": 0,
            "group_uuid": "7f6c9ced-9b6e-4ae3-ad74-c25343eb21b6",
            "source": "Berth 30",
            "transportation_methods": [
                "Roadway",
                "Sea",
                "Transloading"
            ],
            "shipper": "FIT",
            "nTEU": 4,
            "origin": "BRAZIL",
            "destination": "McIntosh Intersection",
            "name": "33-JPO CAPRICORNUS-16:44:BRAZIL"
        },
        {
            "EAT": 8640,
            "LDT": 12960,
            "cargo_categories": [
                "Non-hazardous"
            ],
            "delay_cost": 0,
            "group_uuid": "7f6c9ced-9b6e-4ae3-ad74-c25343eb21b6",
            "source": "Berth 30",
            "transportation_methods": [
                "Roadway",
                "Sea",
                "Transloading"
            ],
            "shipper": "FIT",
            "nTEU": 12,
            "origin": "BRAZIL",
            "destination": "McIntosh Intersection",
            "name": "33-JPO CAPRICORNUS-17:33:BRAZIL"
        },
        {
            "EAT": 8640,
            "LDT": 12960,
            "cargo_categories": [
                "Non-hazardous"
            ],
            "delay_cost": 0,
            "group_uuid": "7f6c9ced-9b6e-4ae3-ad74-c25343eb21b6",
            "source": "Berth 30",
            "transportation_methods": [
                "Roadway",
                "Sea",
                "Transloading"
            ],
            "shipper": "FIT",
            "nTEU": 12,
            "origin": "CHILE",
            "destination": "McIntosh Intersection",
            "name": "33-JPO CAPRICORNUS-18:12:CHILE"
        },
        {
            "EAT": 8640,
            "LDT": 12960,
            "cargo_categories": [
                "Non-hazardous"
            ],
            "delay_cost": 0,
            "group_uuid": "7f6c9ced-9b6e-4ae3-ad74-c25343eb21b6",
            "source": "Berth 30",
            "transportation_methods": [
                "Roadway",
                "Sea",
                "Transloading"
            ],
            "shipper": "FIT",
            "nTEU": 2,
            "origin": "HONDURAS",
            "destination": "McIntosh Intersection",
            "name": "33-JPO CAPRICORNUS-19:40:HONDURAS"
        },
        {
            "EAT": 8640,
            "LDT": 12960,
            "cargo_categories": [
                "Non-hazardous"
            ],
            "delay_cost": 0,
            "group_uuid": "7f6c9ced-9b6e-4ae3-ad74-c25343eb21b6",
            "source": "Berth 30",
            "transportation_methods": [
                "Roadway",
                "Sea",
                "Transloading"
            ],
            "shipper": "FIT",
            "nTEU": 4,
            "origin": "ITALY",
            "destination": "McIntosh Intersection",
            "name": "33-JPO CAPRICORNUS-20:94:ITALY"
        },
        {
            "EAT": 8640,
            "LDT": 12960,
            "cargo_categories": [
                "Non-hazardous"
            ],
            "delay_cost": 0,
            "group_uuid": "7f6c9ced-9b6e-4ae3-ad74-c25343eb21b6",
            "source": "Berth 30",
            "transportation_methods": [
                "Roadway",
                "Sea",
                "Transloading"
            ],
            "shipper": "FIT",
            "nTEU": 2,
            "origin": "BELGIUM",
            "destination": "McIntosh Intersection",
            "name": "33-JPO CAPRICORNUS-21:9:BELGIUM"
        },
        {
            "EAT": 8640,
            "LDT": 12960,
            "cargo_categories": [
                "Non-hazardous"
            ],
            "delay_cost": 0,
            "group_uuid": "7f6c9ced-9b6e-4ae3-ad74-c25343eb21b6",
            "source": "Berth 30",
            "transportation_methods": [
                "Roadway",
                "Sea",
                "Transloading"
            ],
            "shipper": "FIT",
            "nTEU": 14,
            "origin": "BRAZIL",
            "destination": "McIntosh Intersection",
            "name": "33-JPO CAPRICORNUS-22:84:BRAZIL"
        },
        {
            "EAT": 8640,
            "LDT": 12960,
            "cargo_categories": [
                "Non-hazardous"
            ],
            "delay_cost": 0,
            "group_uuid": "7f6c9ced-9b6e-4ae3-ad74-c25343eb21b6",
            "source": "Berth 30",
            "transportation_methods": [
                "Roadway",
                "Sea",
                "Transloading"
            ],
            "shipper": "FIT",
            "nTEU": 2,
            "origin": "DOMINICAN REPUBLIC",
            "destination": "McIntosh Intersection",
            "name": "33-JPO CAPRICORNUS-23:28:DOMINICAN REPUBLIC"
        },
        {
            "EAT": 8640,
            "LDT": 12960,
            "cargo_categories": [
                "Non-hazardous"
            ],
            "delay_cost": 0,
            "group_uuid": "7f6c9ced-9b6e-4ae3-ad74-c25343eb21b6",
            "source": "Berth 30",
            "transportation_methods": [
                "Roadway",
                "Sea",
                "Transloading"
            ],
            "shipper": "FIT",
            "nTEU": 6,
            "origin": "ITALY",
            "destination": "McIntosh Intersection",
            "name": "33-JPO CAPRICORNUS-24:70:ITALY"
        },
        {
            "EAT": 8640,
            "LDT": 12960,
            "cargo_categories": [
                "Non-hazardous"
            ],
            "delay_cost": 0,
            "group_uuid": "7f6c9ced-9b6e-4ae3-ad74-c25343eb21b6",
            "source": "Berth 30",
            "transportation_methods": [
                "Roadway",
                "Sea",
                "Transloading"
            ],
            "shipper": "FIT",
            "nTEU": 1,
            "origin": "SPAIN-S",
            "destination": "McIntosh Intersection",
            "name": "33-JPO CAPRICORNUS-25:69:SPAIN-S"
        },
        {
            "EAT": 8640,
            "LDT": 12960,
            "cargo_categories": [
                "Non-hazardous"
            ],
            "delay_cost": 0,
            "group_uuid": "7f6c9ced-9b6e-4ae3-ad74-c25343eb21b6",
            "source": "Berth 30",
            "transportation_methods": [
                "Roadway",
                "Sea",
                "Transloading"
            ],
            "shipper": "FIT",
            "nTEU": 5,
            "origin": "HONDURAS",
            "destination": "McIntosh Intersection",
            "name": "33-JPO CAPRICORNUS-26:39:HONDURAS"
        },
        {
            "EAT": 8640,
            "LDT": 12960,
            "cargo_categories": [
                "Non-hazardous"
            ],
            "delay_cost": 0,
            "group_uuid": "7f6c9ced-9b6e-4ae3-ad74-c25343eb21b6",
            "source": "Berth 30",
            "transportation_methods": [
                "Roadway",
                "Sea",
                "Transloading"
            ],
            "shipper": "FIT",
            "nTEU": 2,
            "origin": "ITALY",
            "destination": "McIntosh Intersection",
            "name": "33-JPO CAPRICORNUS-27:11:ITALY"
        },
        {
            "EAT": 8640,
            "LDT": 12960,
            "cargo_categories": [
                "Non-hazardous"
            ],
            "delay_cost": 0,
            "group_uuid": "7f6c9ced-9b6e-4ae3-ad74-c25343eb21b6",
            "source": "Berth 30",
            "transportation_methods": [
                "Roadway",
                "Sea",
                "Transloading"
            ],
            "shipper": "FIT",
            "nTEU": 2,
            "origin": "PORTUGAL",
            "destination": "McIntosh Intersection",
            "name": "33-JPO CAPRICORNUS-28:15:PORTUGAL"
        },
        {
            "EAT": 8640,
            "LDT": 12960,
            "cargo_categories": [
                "Non-hazardous"
            ],
            "delay_cost": 0,
            "group_uuid": "7f6c9ced-9b6e-4ae3-ad74-c25343eb21b6",
            "source": "Berth 30",
            "transportation_methods": [
                "Roadway",
                "Sea",
                "Transloading"
            ],
            "shipper": "FIT",
            "nTEU": 1,
            "origin": "COLOMBIA",
            "destination": "McIntosh Intersection",
            "name": "33-JPO CAPRICORNUS-29:58:COLOMBIA"
        },
        {
            "EAT": 8640,
            "LDT": 12960,
            "cargo_categories": [
                "Non-hazardous"
            ],
            "delay_cost": 0,
            "group_uuid": "7f6c9ced-9b6e-4ae3-ad74-c25343eb21b6",
            "source": "Berth 30",
            "transportation_methods": [
                "Roadway",
                "Sea",
                "Transloading"
            ],
            "shipper": "FIT",
            "nTEU": 4,
            "origin": "BRAZIL",
            "destination": "McIntosh Intersection",
            "name": "33-JPO CAPRICORNUS-30:85:BRAZIL"
        },
        {
            "EAT": 8640,
            "LDT": 12960,
            "cargo_categories": [
                "Non-hazardous"
            ],
            "delay_cost": 0,
            "group_uuid": "7f6c9ced-9b6e-4ae3-ad74-c25343eb21b6",
            "source": "Berth 30",
            "transportation_methods": [
                "Roadway",
                "Sea",
                "Transloading"
            ],
            "shipper": "FIT",
            "nTEU": 2,
            "origin": "COLOMBIA",
            "destination": "McIntosh Intersection",
            "name": "33-JPO CAPRICORNUS-31:78:COLOMBIA"
        },
        {
            "EAT": 8640,
            "LDT": 12960,
            "cargo_categories": [
                "Non-hazardous"
            ],
            "delay_cost": 0,
            "group_uuid": "7f6c9ced-9b6e-4ae3-ad74-c25343eb21b6",
            "source": "Berth 30",
            "transportation_methods": [
                "Roadway",
                "Sea",
                "Transloading"
            ],
            "shipper": "FIT",
            "nTEU": 6,
            "origin": "BRAZIL",
            "destination": "McIntosh Intersection",
            "name": "33-JPO CAPRICORNUS-32:48:BRAZIL"
        },
        {
            "EAT": 8640,
            "LDT": 12960,
            "cargo_categories": [
                "Non-hazardous"
            ],
            "delay_cost": 0,
            "group_uuid": "7f6c9ced-9b6e-4ae3-ad74-c25343eb21b6",
            "source": "Berth 30",
            "transportation_methods": [
                "Roadway",
                "Sea",
                "Transloading"
            ],
            "shipper": "FIT",
            "nTEU": 4,
            "origin": "HONDURAS",
            "destination": "McIntosh Intersection",
            "name": "33-JPO CAPRICORNUS-33:61:HONDURAS"
        },
        {
            "EAT": 8640,
            "LDT": 12960,
            "cargo_categories": [
                "Non-hazardous"
            ],
            "delay_cost": 0,
            "group_uuid": "7f6c9ced-9b6e-4ae3-ad74-c25343eb21b6",
            "source": "Berth 30",
            "transportation_methods": [
                "Roadway",
                "Sea",
                "Transloading"
            ],
            "shipper": "FIT",
            "nTEU": 8,
            "origin": "COLOMBIA",
            "destination": "McIntosh Intersection",
            "name": "33-JPO CAPRICORNUS-34:73:COLOMBIA"
        },
        {
            "EAT": 8640,
            "LDT": 12960,
            "cargo_categories": [
                "Non-hazardous"
            ],
            "delay_cost": 0,
            "group_uuid": "7f6c9ced-9b6e-4ae3-ad74-c25343eb21b6",
            "source": "Berth 30",
            "transportation_methods": [
                "Roadway",
                "Sea",
                "Transloading"
            ],
            "shipper": "FIT",
            "nTEU": 2,
            "origin": "COSTA RICA",
            "destination": "McIntosh Intersection",
            "name": "33-JPO CAPRICORNUS-35:6:COSTA RICA"
        },
        {
            "EAT": 8640,
            "LDT": 12960,
            "cargo_categories": [
                "Non-hazardous"
            ],
            "delay_cost": 0,
            "group_uuid": "7f6c9ced-9b6e-4ae3-ad74-c25343eb21b6",
            "source": "Berth 30",
            "transportation_methods": [
                "Roadway",
                "Sea",
                "Transloading"
            ],
            "shipper": "FIT",
            "nTEU": 2,
            "origin": "GUATEMALA",
            "destination": "McIntosh Intersection",
            "name": "33-JPO CAPRICORNUS-36:19:GUATEMALA"
        },
        {
            "EAT": 8640,
            "LDT": 12960,
            "cargo_categories": [
                "Non-hazardous"
            ],
            "delay_cost": 0,
            "group_uuid": "7f6c9ced-9b6e-4ae3-ad74-c25343eb21b6",
            "source": "Berth 30",
            "transportation_methods": [
                "Roadway",
                "Sea",
                "Transloading"
            ],
            "shipper": "FIT",
            "nTEU": 11,
            "origin": "HAITI",
            "destination": "McIntosh Intersection",
            "name": "33-JPO CAPRICORNUS-37:62:HAITI"
        },
        {
            "EAT": 8640,
            "LDT": 12960,
            "cargo_categories": [
                "Non-hazardous"
            ],
            "delay_cost": 0,
            "group_uuid": "7f6c9ced-9b6e-4ae3-ad74-c25343eb21b6",
            "source": "Berth 30",
            "transportation_methods": [
                "Roadway",
                "Sea",
                "Transloading"
            ],
            "shipper": "FIT",
            "nTEU": 20,
            "origin": "CHILE",
            "destination": "McIntosh Intersection",
            "name": "33-JPO CAPRICORNUS-38:47:CHILE"
        }
    ]
}