{
    "commodities": [
        {
            "EAT": 19935,
            "LDT": 24255,
            "cargo_categories": [
                "Non-hazardous"
            ],
            "delay_cost": 0,
            "group_uuid": "6be6ef6f-cb4a-43e6-b7b2-0490ae4ab2f8",
            "source": "Berth 32",
            "transportation_methods": [
                "Roadway",
                "Sea",
                "Transloading"
            ],
            "shipper": "Crowley",
            "nTEU": 2,
            "origin": "COLOMBIA",
            "destination": "McIntosh Intersection",
            "name": "61-K-STORM-0:52:COLOMBIA"
        }
    ]
}