{
    "commodities": [
        {
            "EAT": 4320,
            "LDT": 8640,
            "cargo_categories": [
                "Non-hazardous"
            ],
            "delay_cost": 0,
            "group_uuid": "ba214fbd-4cdd-43ad-bae5-401ecbfa092b",
            "source": "Berth 32",
            "transportation_methods": [
                "Roadway",
                "Sea",
                "Transloading"
            ],
            "shipper": "Crowley",
            "nTEU": 108,
            "origin": "COSTA RICA",
            "destination": "McIntosh Intersection",
            "name": "20-PEGASUS J-0:8:COSTA RICA"
        },
        {
            "EAT": 4320,
            "LDT": 8640,
            "cargo_categories": [
                "Non-hazardous"
            ],
            "delay_cost": 0,
            "group_uuid": "ba214fbd-4cdd-43ad-bae5-401ecbfa092b",
            "source": "Berth 32",
            "transportation_methods": [
                "Roadway",
                "Sea",
                "Transloading"
            ],
            "shipper": "King Ocean",
            "nTEU": 1,
            "origin": "DOMINICAN REPUBLIC",
            "destination": "McIntosh Intersection",
            "name": "20-PEGASUS J-1:24:DOMINICAN REPUBLIC"
        },
        {
            "EAT": 4320,
            "LDT": 8640,
            "cargo_categories": [
                "Non-hazardous"
            ],
            "delay_cost": 0,
            "group_uuid": "ba214fbd-4cdd-43ad-bae5-401ecbfa092b",
            "source": "Berth 32",
            "transportation_methods": [
                "Roadway",
                "Sea",
                "Transloading"
            ],
            "shipper": "King Ocean",
            "nTEU": 2,
            "origin": "COLOMBIA",
            "destination": "McIntosh Intersection",
            "name": "20-PEGASUS J-2:70:COLOMBIA"
        },
        {
            "EAT": 4320,
            "LDT": 8640,
            "cargo_categories": [
                "Non-hazardous"
            ],
            "delay_cost": 0,
            "group_uuid": "ba214fbd-4cdd-43ad-bae5-401ecbfa092b",
            "source": "Berth 32",
            "transportation_methods": [
                "Roadway",
                "Sea",
                "Transloading"
            ],
            "shipper": "Crowley",
            "nTEU": 5,
            "origin": "ITALY",
            "destination": "McIntosh Intersection",
            "name": "20-PEGASUS J-3:42:ITALY"
        },
        {
            "EAT": 4320,
            "LDT": 8640,
            "cargo_categories": [
                "Non-hazardous"
            ],
            "delay_cost": 0,
            "group_uuid": "ba214fbd-4cdd-43ad-bae5-401ecbfa092b",
            "source": "Berth 32",
            "transportation_methods": [
                "Roadway",
                "Sea",
                "Transloading"
            ],
            "shipper": "Crowley",
            "nTEU": 52,
            "origin": "HONDURAS",
            "destination": "McIntosh Intersection",
            "name": "20-PEGASUS J-4:61:HONDURAS"
        },
        {
            "EAT": 4320,
            "LDT": 8640,
            "cargo_categories": [
                "Non-hazardous"
            ],
            "delay_cost": 0,
            "group_uuid": "ba214fbd-4cdd-43ad-bae5-401ecbfa092b",
            "source": "Berth 32",
            "transportation_methods": [
                "Roadway",
                "Sea",
                "Transloading"
            ],
            "shipper": "Crowley",
            "nTEU": 13,
            "origin": "ITALY",
            "destination": "McIntosh Intersection",
            "name": "20-PEGASUS J-5:39:ITALY"
        },
        {
            "EAT": 4320,
            "LDT": 8640,
            "cargo_categories": [
                "Non-hazardous"
            ],
            "delay_cost": 0,
            "group_uuid": "ba214fbd-4cdd-43ad-bae5-401ecbfa092b",
            "source": "Berth 32",
            "transportation_methods": [
                "Roadway",
                "Sea",
                "Transloading"
            ],
            "shipper": "Crowley",
            "nTEU": 1,
            "origin": "GUATEMALA",
            "destination": "McIntosh Intersection",
            "name": "20-PEGASUS J-6:95:GUATEMALA"
        },
        {
            "EAT": 4320,
            "LDT": 8640,
            "cargo_categories": [
                "Non-hazardous"
            ],
            "delay_cost": 0,
            "group_uuid": "ba214fbd-4cdd-43ad-bae5-401ecbfa092b",
            "source": "Berth 32",
            "transportation_methods": [
                "Roadway",
                "Sea",
                "Transloading"
            ],
            "shipper": "Crowley",
            "nTEU": 5,
            "origin": "SPAIN-S",
            "destination": "McIntosh Intersection",
            "name": "20-PEGASUS J-7:20:SPAIN-S"
        },
        {
            "EAT": 4320,
            "LDT": 8640,
            "cargo_categories": [
                "Non-hazardous"
            ],
            "delay_cost": 0,
            "group_uuid": "ba214fbd-4cdd-43ad-bae5-401ecbfa092b",
            "source": "Berth 32",
            "transportation_methods": [
                "Roadway",
                "Sea",
                "Transloading"
            ],
            "shipper": "Crowley",
            "nTEU": 11,
            "origin": "COLOMBIA",
            "destination": "McIntosh Intersection",
            "name": "20-PEGASUS J-8:63:COLOMBIA"
        },
        {
            "EAT": 4320,
            "LDT": 8640,
            "cargo_categories": [
                "Non-hazardous"
            ],
            "delay_cost": 0,
            "group_uuid": "ba214fbd-4cdd-43ad-bae5-401ecbfa092b",
            "source": "Berth 32",
            "transportation_methods": [
                "Roadway",
                "Sea",
                "Transloading"
            ],
            "shipper": "Crowley",
            "nTEU": 4,
            "origin": "BAHAMAS",
            "destination": "McIntosh Intersection",
            "name": "20-PEGASUS J-9:86:BAHAMAS"
        },
        {
            "EAT": 4320,
            "LDT": 8640,
            "cargo_categories": [
                "Non-hazardous"
            ],
            "delay_cost": 0,
            "group_uuid": "ba214fbd-4cdd-43ad-bae5-401ecbfa092b",
            "source": "Berth 32",
            "transportation_methods": [
                "Roadway",
                "Sea",
                "Transloading"
            ],
            "shipper": "Crowley",
            "nTEU": 3,
            "origin": "GUATEMALA",
            "destination": "McIntosh Intersection",
            "name": "20-PEGASUS J-10:84:GUATEMALA"
        },
        {
            "EAT": 4320,
            "LDT": 8640,
            "cargo_categories": [
                "Non-hazardous"
            ],
            "delay_cost": 0,
            "group_uuid": "ba214fbd-4cdd-43ad-bae5-401ecbfa092b",
            "source": "Berth 32",
            "transportation_methods": [
                "Roadway",
                "Sea",
                "Transloading"
            ],
            "shipper": "Crowley",
            "nTEU": 2,
            "origin": "GUATEMALA",
            "destination": "McIntosh Intersection",
            "name": "20-PEGASUS J-11:6:GUATEMALA"
        },
        {
            "EAT": 4320,
            "LDT": 8640,
            "cargo_categories": [
                "Non-hazardous"
            ],
            "delay_cost": 0,
            "group_uuid": "ba214fbd-4cdd-43ad-bae5-401ecbfa092b",
            "source": "Berth 32",
            "transportation_methods": [
                "Roadway",
                "Sea",
                "Transloading"
            ],
            "shipper": "Crowley",
            "nTEU": 2,
            "origin": "COLOMBIA",
            "destination": "McIntosh Intersection",
            "name": "20-PEGASUS J-12:52:COLOMBIA"
        },
        {
            "EAT": 4320,
            "LDT": 8640,
            "cargo_categories": [
                "Non-hazardous"
            ],
            "delay_cost": 0,
            "group_uuid": "ba214fbd-4cdd-43ad-bae5-401ecbfa092b",
            "source": "Berth 32",
            "transportation_methods": [
                "Roadway",
                "Sea",
                "Transloading"
            ],
            "shipper": "Crowley",
            "nTEU": 3,
            "origin": "COLOMBIA",
            "destination": "McIntosh Intersection",
            "name": "20-PEGASUS J-13:48:COLOMBIA"
        },
        {
            "EAT": 4320,
            "LDT": 8640,
            "cargo_categories": [
                "Non-hazardous"
            ],
            "delay_cost": 0,
            "group_uuid": "ba214fbd-4cdd-43ad-bae5-401ecbfa092b",
            "source": "Berth 32",
            "transportation_methods": [
                "Roadway",
                "Sea",
                "Transloading"
            ],
            "shipper": "Crowley",
            "nTEU": 38,
            "origin": "PERU",
            "destination": "McIntosh Intersection",
            "name": "20-PEGASUS J-14:7:PERU"
        },
        {
            "EAT": 4320,
            "LDT": 8640,
            "cargo_categories": [
                "Non-hazardous"
            ],
            "delay_cost": 0,
            "group_uuid": "ba214fbd-4cdd-43ad-bae5-401ecbfa092b",
            "source": "Berth 32",
            "transportation_methods": [
                "Roadway",
                "Sea",
                "Transloading"
            ],
            "shipper": "Crowley",
            "nTEU": 2,
            "origin": "BELGIUM",
            "destination": "McIntosh Intersection",
            "name": "20-PEGASUS J-15:17:BELGIUM"
        },
        {
            "EAT": 4320,
            "LDT": 8640,
            "cargo_categories": [
                "Non-hazardous"
            ],
            "delay_cost": 0,
            "group_uuid": "ba214fbd-4cdd-43ad-bae5-401ecbfa092b",
            "source": "Berth 32",
            "transportation_methods": [
                "Roadway",
                "Sea",
                "Transloading"
            ],
            "shipper": "Crowley",
            "nTEU": 2,
            "origin": "BRAZIL",
            "destination": "McIntosh Intersection",
            "name": "20-PEGASUS J-16:44:BRAZIL"
        },
        {
            "EAT": 4320,
            "LDT": 8640,
            "cargo_categories": [
                "Non-hazardous"
            ],
            "delay_cost": 0,
            "group_uuid": "ba214fbd-4cdd-43ad-bae5-401ecbfa092b",
            "source": "Berth 32",
            "transportation_methods": [
                "Roadway",
                "Sea",
                "Transloading"
            ],
            "shipper": "Crowley",
            "nTEU": 175,
            "origin": "HAITI",
            "destination": "McIntosh Intersection",
            "name": "20-PEGASUS J-17:62:HAITI"
        },
        {
            "EAT": 4320,
            "LDT": 8640,
            "cargo_categories": [
                "Non-hazardous"
            ],
            "delay_cost": 0,
            "group_uuid": "ba214fbd-4cdd-43ad-bae5-401ecbfa092b",
            "source": "Berth 32",
            "transportation_methods": [
                "Roadway",
                "Sea",
                "Transloading"
            ],
            "shipper": "King Ocean",
            "nTEU": 2,
            "origin": "VIRGIN ISLAND",
            "destination": "McIntosh Intersection",
            "name": "20-PEGASUS J-18:87:VIRGIN ISLAND"
        },
        {
            "EAT": 4320,
            "LDT": 8640,
            "cargo_categories": [
                "Non-hazardous"
            ],
            "delay_cost": 0,
            "group_uuid": "ba214fbd-4cdd-43ad-bae5-401ecbfa092b",
            "source": "Berth 32",
            "transportation_methods": [
                "Roadway",
                "Sea",
                "Transloading"
            ],
            "shipper": "Crowley",
            "nTEU": 7,
            "origin": "COLOMBIA",
            "destination": "McIntosh Intersection",
            "name": "20-PEGASUS J-19:59:COLOMBIA"
        },
        {
            "EAT": 4320,
            "LDT": 8640,
            "cargo_categories": [
                "Non-hazardous"
            ],
            "delay_cost": 0,
            "group_uuid": "ba214fbd-4cdd-43ad-bae5-401ecbfa092b",
            "source": "Berth 32",
            "transportation_methods": [
                "Roadway",
                "Sea",
                "Transloading"
            ],
            "shipper": "Crowley",
            "nTEU": 5,
            "origin": "GERMANY",
            "destination": "McIntosh Intersection",
            "name": "20-PEGASUS J-20:90:GERMANY"
        },
        {
            "EAT": 4320,
            "LDT": 8640,
            "cargo_categories": [
                "Non-hazardous"
            ],
            "delay_cost": 0,
            "group_uuid": "ba214fbd-4cdd-43ad-bae5-401ecbfa092b",
            "source": "Berth 32",
            "transportation_methods": [
                "Roadway",
                "Sea",
                "Transloading"
            ],
            "shipper": "Crowley",
            "nTEU": 3,
            "origin": "GUATEMALA",
            "destination": "McIntosh Intersection",
            "name": "20-PEGASUS J-21:21:GUATEMALA"
        },
        {
            "EAT": 4320,
            "LDT": 8640,
            "cargo_categories": [
                "Non-hazardous"
            ],
            "delay_cost": 0,
            "group_uuid": "ba214fbd-4cdd-43ad-bae5-401ecbfa092b",
            "source": "Berth 32",
            "transportation_methods": [
                "Roadway",
                "Sea",
                "Transloading"
            ],
            "shipper": "King Ocean",
            "nTEU": 3,
            "origin": "GUATEMALA",
            "destination": "McIntosh Intersection",
            "name": "20-PEGASUS J-22:57:GUATEMALA"
        },
        {
            "EAT": 4320,
            "LDT": 8640,
            "cargo_categories": [
                "Non-hazardous"
            ],
            "delay_cost": 0,
            "group_uuid": "ba214fbd-4cdd-43ad-bae5-401ecbfa092b",
            "source": "Berth 32",
            "transportation_methods": [
                "Roadway",
                "Sea",
                "Transloading"
            ],
            "shipper": "Crowley",
            "nTEU": 10,
            "origin": "ITALY",
            "destination": "McIntosh Intersection",
            "name": "20-PEGASUS J-23:94:ITALY"
        },
        {
            "EAT": 4320,
            "LDT": 8640,
            "cargo_categories": [
                "Non-hazardous"
            ],
            "delay_cost": 0,
            "group_uuid": "ba214fbd-4cdd-43ad-bae5-401ecbfa092b",
            "source": "Berth 32",
            "transportation_methods": [
                "Roadway",
                "Sea",
                "Transloading"
            ],
            "shipper": "King Ocean",
            "nTEU": 2,
            "origin": "COLOMBIA",
            "destination": "McIntosh Intersection",
            "name": "20-PEGASUS J-24:76:COLOMBIA"
        },
        {
            "EAT": 4320,
            "LDT": 8640,
            "cargo_categories": [
                "Non-hazardous"
            ],
            "delay_cost": 0,
            "group_uuid": "ba214fbd-4cdd-43ad-bae5-401ecbfa092b",
            "source": "Berth 32",
            "transportation_methods": [
                "Roadway",
                "Sea",
                "Transloading"
            ],
            "shipper": "Crowley",
            "nTEU": 36,
            "origin": "SPAIN-S",
            "destination": "McIntosh Intersection",
            "name": "20-PEGASUS J-25::SPAIN-S"
        },
        {
            "EAT": 4320,
            "LDT": 8640,
            "cargo_categories": [
                "Non-hazardous"
            ],
            "delay_cost": 0,
            "group_uuid": "ba214fbd-4cdd-43ad-bae5-401ecbfa092b",
            "source": "Berth 32",
            "transportation_methods": [
                "Roadway",
                "Sea",
                "Transloading"
            ],
            "shipper": "Crowley",
            "nTEU": 2,
            "origin": "CHILE",
            "destination": "McIntosh Intersection",
            "name": "20-PEGASUS J-26:2:CHILE"
        },
        {
            "EAT": 4320,
            "LDT": 8640,
            "cargo_categories": [
                "Non-hazardous"
            ],
            "delay_cost": 0,
            "group_uuid": "ba214fbd-4cdd-43ad-bae5-401ecbfa092b",
            "source": "Berth 32",
            "transportation_methods": [
                "Roadway",
                "Sea",
                "Transloading"
            ],
            "shipper": "Crowley",
            "nTEU": 4,
            "origin": "ITALY",
            "destination": "McIntosh Intersection",
            "name": "20-PEGASUS J-27:22:ITALY"
        },
        {
            "EAT": 4320,
            "LDT": 8640,
            "cargo_categories": [
                "Non-hazardous"
            ],
            "delay_cost": 0,
            "group_uuid": "ba214fbd-4cdd-43ad-bae5-401ecbfa092b",
            "source": "Berth 32",
            "transportation_methods": [
                "Roadway",
                "Sea",
                "Transloading"
            ],
            "shipper": "King Ocean",
            "nTEU": 24,
            "origin": "GERMANY",
            "destination": "McIntosh Intersection",
            "name": "20-PEGASUS J-28:19:GERMANY"
        },
        {
            "EAT": 4320,
            "LDT": 8640,
            "cargo_categories": [
                "Non-hazardous"
            ],
            "delay_cost": 0,
            "group_uuid": "ba214fbd-4cdd-43ad-bae5-401ecbfa092b",
            "source": "Berth 32",
            "transportation_methods": [
                "Roadway",
                "Sea",
                "Transloading"
            ],
            "shipper": "Crowley",
            "nTEU": 12,
            "origin": "DOMINICAN REPUBLIC",
            "destination": "McIntosh Intersection",
            "name": "20-PEGASUS J-29:85:DOMINICAN REPUBLIC"
        },
        {
            "EAT": 4320,
            "LDT": 8640,
            "cargo_categories": [
                "Non-hazardous"
            ],
            "delay_cost": 0,
            "group_uuid": "ba214fbd-4cdd-43ad-bae5-401ecbfa092b",
            "source": "Berth 32",
            "transportation_methods": [
                "Roadway",
                "Sea",
                "Transloading"
            ],
            "shipper": "Crowley",
            "nTEU": 2,
            "origin": "HAITI",
            "destination": "McIntosh Intersection",
            "name": "20-PEGASUS J-30:60:HAITI"
        },
        {
            "EAT": 4320,
            "LDT": 8640,
            "cargo_categories": [
                "Non-hazardous"
            ],
            "delay_cost": 0,
            "group_uuid": "ba214fbd-4cdd-43ad-bae5-401ecbfa092b",
            "source": "Berth 32",
            "transportation_methods": [
                "Roadway",
                "Sea",
                "Transloading"
            ],
            "shipper": "King Ocean",
            "nTEU": 5,
            "origin": "HONDURAS",
            "destination": "McIntosh Intersection",
            "name": "20-PEGASUS J-31:23:HONDURAS"
        },
        {
            "EAT": 4320,
            "LDT": 8640,
            "cargo_categories": [
                "Non-hazardous"
            ],
            "delay_cost": 0,
            "group_uuid": "ba214fbd-4cdd-43ad-bae5-401ecbfa092b",
            "source": "Berth 32",
            "transportation_methods": [
                "Roadway",
                "Sea",
                "Transloading"
            ],
            "shipper": "Crowley",
            "nTEU": 2,
            "origin": "DOMINICAN REPUBLIC",
            "destination": "McIntosh Intersection",
            "name": "20-PEGASUS J-32:34:DOMINICAN REPUBLIC"
        },
        {
            "EAT": 4320,
            "LDT": 8640,
            "cargo_categories": [
                "Non-hazardous"
            ],
            "delay_cost": 0,
            "group_uuid": "ba214fbd-4cdd-43ad-bae5-401ecbfa092b",
            "source": "Berth 32",
            "transportation_methods": [
                "Roadway",
                "Sea",
                "Transloading"
            ],
            "shipper": "King Ocean",
            "nTEU": 2,
            "origin": "BELGIUM",
            "destination": "McIntosh Intersection",
            "name": "20-PEGASUS J-33:9:BELGIUM"
        },
        {
            "EAT": 4320,
            "LDT": 8640,
            "cargo_categories": [
                "Non-hazardous"
            ],
            "delay_cost": 0,
            "group_uuid": "ba214fbd-4cdd-43ad-bae5-401ecbfa092b",
            "source": "Berth 32",
            "transportation_methods": [
                "Roadway",
                "Sea",
                "Transloading"
            ],
            "shipper": "Crowley",
            "nTEU": 1,
            "origin": "COLOMBIA",
            "destination": "McIntosh Intersection",
            "name": "20-PEGASUS J-34:73:COLOMBIA"
        }
    ]
}