{
    "commodities": [
        {
            "EAT": 12960,
            "LDT": 17280,
            "cargo_categories": [
                "Non-hazardous"
            ],
            "delay_cost": 0,
            "group_uuid": "0c5a7ec2-87f1-4805-8042-26f20918b83a",
            "source": "Berth 30",
            "transportation_methods": [
                "Roadway",
                "Sea",
                "Transloading"
            ],
            "shipper": "FIT",
            "nTEU": 103,
            "origin": "BRAZIL",
            "destination": "McIntosh Intersection",
            "name": "51-RIO BARROW-0:25:BRAZIL"
        },
        {
            "EAT": 12960,
            "LDT": 17280,
            "cargo_categories": [
                "Non-hazardous"
            ],
            "delay_cost": 0,
            "group_uuid": "0c5a7ec2-87f1-4805-8042-26f20918b83a",
            "source": "Berth 30",
            "transportation_methods": [
                "Roadway",
                "Sea",
                "Transloading"
            ],
            "shipper": "FIT",
            "nTEU": 2,
            "origin": "SPAIN-S",
            "destination": "McIntosh Intersection",
            "name": "51-RIO BARROW-1:39:SPAIN-S"
        },
        {
            "EAT": 12960,
            "LDT": 17280,
            "cargo_categories": [
                "Non-hazardous"
            ],
            "delay_cost": 0,
            "group_uuid": "0c5a7ec2-87f1-4805-8042-26f20918b83a",
            "source": "Berth 30",
            "transportation_methods": [
                "Roadway",
                "Sea",
                "Transloading"
            ],
            "shipper": "FIT",
            "nTEU": 38,
            "origin": "BRAZIL",
            "destination": "McIntosh Intersection",
            "name": "51-RIO BARROW-2:44:BRAZIL"
        },
        {
            "EAT": 12960,
            "LDT": 17280,
            "cargo_categories": [
                "Non-hazardous"
            ],
            "delay_cost": 0,
            "group_uuid": "0c5a7ec2-87f1-4805-8042-26f20918b83a",
            "source": "Berth 30",
            "transportation_methods": [
                "Roadway",
                "Sea",
                "Transloading"
            ],
            "shipper": "FIT",
            "nTEU": 2,
            "origin": "COLOMBIA",
            "destination": "McIntosh Intersection",
            "name": "51-RIO BARROW-3:89:COLOMBIA"
        },
        {
            "EAT": 12960,
            "LDT": 17280,
            "cargo_categories": [
                "Non-hazardous"
            ],
            "delay_cost": 0,
            "group_uuid": "0c5a7ec2-87f1-4805-8042-26f20918b83a",
            "source": "Berth 30",
            "transportation_methods": [
                "Roadway",
                "Sea",
                "Transloading"
            ],
            "shipper": "FIT",
            "nTEU": 2,
            "origin": "PERU",
            "destination": "McIntosh Intersection",
            "name": "51-RIO BARROW-4:34:PERU"
        },
        {
            "EAT": 12960,
            "LDT": 17280,
            "cargo_categories": [
                "Non-hazardous"
            ],
            "delay_cost": 0,
            "group_uuid": "0c5a7ec2-87f1-4805-8042-26f20918b83a",
            "source": "Berth 30",
            "transportation_methods": [
                "Roadway",
                "Sea",
                "Transloading"
            ],
            "shipper": "FIT",
            "nTEU": 1,
            "origin": "BRAZIL",
            "destination": "McIntosh Intersection",
            "name": "51-RIO BARROW-5:35:BRAZIL"
        },
        {
            "EAT": 12960,
            "LDT": 17280,
            "cargo_categories": [
                "Non-hazardous"
            ],
            "delay_cost": 0,
            "group_uuid": "0c5a7ec2-87f1-4805-8042-26f20918b83a",
            "source": "Berth 30",
            "transportation_methods": [
                "Roadway",
                "Sea",
                "Transloading"
            ],
            "shipper": "FIT",
            "nTEU": 14,
            "origin": "BRAZIL",
            "destination": "McIntosh Intersection",
            "name": "51-RIO BARROW-6:69:BRAZIL"
        },
        {
            "EAT": 12960,
            "LDT": 17280,
            "cargo_categories": [
                "Non-hazardous"
            ],
            "delay_cost": 0,
            "group_uuid": "0c5a7ec2-87f1-4805-8042-26f20918b83a",
            "source": "Berth 30",
            "transportation_methods": [
                "Roadway",
                "Sea",
                "Transloading"
            ],
            "shipper": "FIT",
            "nTEU": 4,
            "origin": "COLOMBIA",
            "destination": "McIntosh Intersection",
            "name": "51-RIO BARROW-7:70:COLOMBIA"
        },
        {
            "EAT": 12960,
            "LDT": 17280,
            "cargo_categories": [
                "Non-hazardous"
            ],
            "delay_cost": 0,
            "group_uuid": "0c5a7ec2-87f1-4805-8042-26f20918b83a",
            "source": "Berth 30",
            "transportation_methods": [
                "Roadway",
                "Sea",
                "Transloading"
            ],
            "shipper": "FIT",
            "nTEU": 17,
            "origin": "BRAZIL",
            "destination": "McIntosh Intersection",
            "name": "51-RIO BARROW-8:68:BRAZIL"
        },
        {
            "EAT": 12960,
            "LDT": 17280,
            "cargo_categories": [
                "Non-hazardous"
            ],
            "delay_cost": 0,
            "group_uuid": "0c5a7ec2-87f1-4805-8042-26f20918b83a",
            "source": "Berth 30",
            "transportation_methods": [
                "Roadway",
                "Sea",
                "Transloading"
            ],
            "shipper": "FIT",
            "nTEU": 4,
            "origin": "COSTA RICA",
            "destination": "McIntosh Intersection",
            "name": "51-RIO BARROW-9::COSTA RICA"
        },
        {
            "EAT": 12960,
            "LDT": 17280,
            "cargo_categories": [
                "Non-hazardous"
            ],
            "delay_cost": 0,
            "group_uuid": "0c5a7ec2-87f1-4805-8042-26f20918b83a",
            "source": "Berth 30",
            "transportation_methods": [
                "Roadway",
                "Sea",
                "Transloading"
            ],
            "shipper": "FIT",
            "nTEU": 2,
            "origin": "DOMINICAN REPUBLIC",
            "destination": "McIntosh Intersection",
            "name": "51-RIO BARROW-10:85:DOMINICAN REPUBLIC"
        },
        {
            "EAT": 12960,
            "LDT": 17280,
            "cargo_categories": [
                "Non-hazardous"
            ],
            "delay_cost": 0,
            "group_uuid": "0c5a7ec2-87f1-4805-8042-26f20918b83a",
            "source": "Berth 30",
            "transportation_methods": [
                "Roadway",
                "Sea",
                "Transloading"
            ],
            "shipper": "FIT",
            "nTEU": 1,
            "origin": "PORTUGAL",
            "destination": "McIntosh Intersection",
            "name": "51-RIO BARROW-11:67:PORTUGAL"
        },
        {
            "EAT": 12960,
            "LDT": 17280,
            "cargo_categories": [
                "Non-hazardous"
            ],
            "delay_cost": 0,
            "group_uuid": "0c5a7ec2-87f1-4805-8042-26f20918b83a",
            "source": "Berth 30",
            "transportation_methods": [
                "Roadway",
                "Sea",
                "Transloading"
            ],
            "shipper": "FIT",
            "nTEU": 4,
            "origin": "BRAZIL",
            "destination": "McIntosh Intersection",
            "name": "51-RIO BARROW-12:88:BRAZIL"
        },
        {
            "EAT": 12960,
            "LDT": 17280,
            "cargo_categories": [
                "Non-hazardous"
            ],
            "delay_cost": 0,
            "group_uuid": "0c5a7ec2-87f1-4805-8042-26f20918b83a",
            "source": "Berth 30",
            "transportation_methods": [
                "Roadway",
                "Sea",
                "Transloading"
            ],
            "shipper": "FIT",
            "nTEU": 2,
            "origin": "HONDURAS",
            "destination": "McIntosh Intersection",
            "name": "51-RIO BARROW-13:87:HONDURAS"
        },
        {
            "EAT": 12960,
            "LDT": 17280,
            "cargo_categories": [
                "Non-hazardous"
            ],
            "delay_cost": 0,
            "group_uuid": "0c5a7ec2-87f1-4805-8042-26f20918b83a",
            "source": "Berth 30",
            "transportation_methods": [
                "Roadway",
                "Sea",
                "Transloading"
            ],
            "shipper": "FIT",
            "nTEU": 3,
            "origin": "SPAIN-S",
            "destination": "McIntosh Intersection",
            "name": "51-RIO BARROW-14:94:SPAIN-S"
        },
        {
            "EAT": 12960,
            "LDT": 17280,
            "cargo_categories": [
                "Non-hazardous"
            ],
            "delay_cost": 0,
            "group_uuid": "0c5a7ec2-87f1-4805-8042-26f20918b83a",
            "source": "Berth 30",
            "transportation_methods": [
                "Roadway",
                "Sea",
                "Transloading"
            ],
            "shipper": "FIT",
            "nTEU": 21,
            "origin": "NETHERLANDS",
            "destination": "McIntosh Intersection",
            "name": "51-RIO BARROW-15:19:NETHERLANDS"
        },
        {
            "EAT": 12960,
            "LDT": 17280,
            "cargo_categories": [
                "Non-hazardous"
            ],
            "delay_cost": 0,
            "group_uuid": "0c5a7ec2-87f1-4805-8042-26f20918b83a",
            "source": "Berth 30",
            "transportation_methods": [
                "Roadway",
                "Sea",
                "Transloading"
            ],
            "shipper": "FIT",
            "nTEU": 1,
            "origin": "TRINIDAD AND TOBAGO",
            "destination": "McIntosh Intersection",
            "name": "51-RIO BARROW-16:73:TRINIDAD AND TOBAGO"
        },
        {
            "EAT": 12960,
            "LDT": 17280,
            "cargo_categories": [
                "Non-hazardous"
            ],
            "delay_cost": 0,
            "group_uuid": "0c5a7ec2-87f1-4805-8042-26f20918b83a",
            "source": "Berth 30",
            "transportation_methods": [
                "Roadway",
                "Sea",
                "Transloading"
            ],
            "shipper": "FIT",
            "nTEU": 1,
            "origin": "HONDURAS",
            "destination": "McIntosh Intersection",
            "name": "51-RIO BARROW-17:32:HONDURAS"
        },
        {
            "EAT": 12960,
            "LDT": 17280,
            "cargo_categories": [
                "Non-hazardous"
            ],
            "delay_cost": 0,
            "group_uuid": "0c5a7ec2-87f1-4805-8042-26f20918b83a",
            "source": "Berth 30",
            "transportation_methods": [
                "Roadway",
                "Sea",
                "Transloading"
            ],
            "shipper": "FIT",
            "nTEU": 76,
            "origin": "BRAZIL",
            "destination": "McIntosh Intersection",
            "name": "51-RIO BARROW-18:48:BRAZIL"
        },
        {
            "EAT": 12960,
            "LDT": 17280,
            "cargo_categories": [
                "Non-hazardous"
            ],
            "delay_cost": 0,
            "group_uuid": "0c5a7ec2-87f1-4805-8042-26f20918b83a",
            "source": "Berth 30",
            "transportation_methods": [
                "Roadway",
                "Sea",
                "Transloading"
            ],
            "shipper": "FIT",
            "nTEU": 2,
            "origin": "COLOMBIA",
            "destination": "McIntosh Intersection",
            "name": "51-RIO BARROW-19:96:COLOMBIA"
        },
        {
            "EAT": 12960,
            "LDT": 17280,
            "cargo_categories": [
                "Non-hazardous"
            ],
            "delay_cost": 0,
            "group_uuid": "0c5a7ec2-87f1-4805-8042-26f20918b83a",
            "source": "Berth 30",
            "transportation_methods": [
                "Roadway",
                "Sea",
                "Transloading"
            ],
            "shipper": "FIT",
            "nTEU": 2,
            "origin": "COLOMBIA",
            "destination": "McIntosh Intersection",
            "name": "51-RIO BARROW-20:29:COLOMBIA"
        },
        {
            "EAT": 12960,
            "LDT": 17280,
            "cargo_categories": [
                "Non-hazardous"
            ],
            "delay_cost": 0,
            "group_uuid": "0c5a7ec2-87f1-4805-8042-26f20918b83a",
            "source": "Berth 30",
            "transportation_methods": [
                "Roadway",
                "Sea",
                "Transloading"
            ],
            "shipper": "FIT",
            "nTEU": 2,
            "origin": "COSTA RICA",
            "destination": "McIntosh Intersection",
            "name": "51-RIO BARROW-21:82:COSTA RICA"
        }
    ]
}