{
    "commodities": [
        {
            "EAT": 18720,
            "LDT": 23040,
            "cargo_categories": [
                "Non-hazardous"
            ],
            "delay_cost": 0,
            "group_uuid": "0d2c2e62-dcfd-4e80-90a7-ee94a43ed583",
            "source": "Berth 30",
            "transportation_methods": [
                "Roadway",
                "Sea",
                "Transloading"
            ],
            "shipper": "FIT",
            "nTEU": 2,
            "origin": "HONDURAS",
            "destination": "McIntosh Intersection",
            "name": "60-SPIRIT OF LISBON-0:7:HONDURAS"
        },
        {
            "EAT": 18720,
            "LDT": 23040,
            "cargo_categories": [
                "Non-hazardous"
            ],
            "delay_cost": 0,
            "group_uuid": "0d2c2e62-dcfd-4e80-90a7-ee94a43ed583",
            "source": "Berth 30",
            "transportation_methods": [
                "Roadway",
                "Sea",
                "Transloading"
            ],
            "shipper": "FIT",
            "nTEU": 22,
            "origin": "GUATEMALA",
            "destination": "McIntosh Intersection",
            "name": "60-SPIRIT OF LISBON-1:8:GUATEMALA"
        },
        {
            "EAT": 18720,
            "LDT": 23040,
            "cargo_categories": [
                "Non-hazardous"
            ],
            "delay_cost": 0,
            "group_uuid": "0d2c2e62-dcfd-4e80-90a7-ee94a43ed583",
            "source": "Berth 30",
            "transportation_methods": [
                "Roadway",
                "Sea",
                "Transloading"
            ],
            "shipper": "FIT",
            "nTEU": 6,
            "origin": "BRAZIL",
            "destination": "McIntosh Intersection",
            "name": "60-SPIRIT OF LISBON-2:44:BRAZIL"
        },
        {
            "EAT": 18720,
            "LDT": 23040,
            "cargo_categories": [
                "Non-hazardous"
            ],
            "delay_cost": 0,
            "group_uuid": "0d2c2e62-dcfd-4e80-90a7-ee94a43ed583",
            "source": "Berth 30",
            "transportation_methods": [
                "Roadway",
                "Sea",
                "Transloading"
            ],
            "shipper": "FIT",
            "nTEU": 9,
            "origin": "ITALY",
            "destination": "McIntosh Intersection",
            "name": "60-SPIRIT OF LISBON-3:22:ITALY"
        },
        {
            "EAT": 18720,
            "LDT": 23040,
            "cargo_categories": [
                "Non-hazardous"
            ],
            "delay_cost": 0,
            "group_uuid": "0d2c2e62-dcfd-4e80-90a7-ee94a43ed583",
            "source": "Berth 30",
            "transportation_methods": [
                "Roadway",
                "Sea",
                "Transloading"
            ],
            "shipper": "FIT",
            "nTEU": 1,
            "origin": "NICARAGUA",
            "destination": "McIntosh Intersection",
            "name": "60-SPIRIT OF LISBON-4:74:NICARAGUA"
        },
        {
            "EAT": 18720,
            "LDT": 23040,
            "cargo_categories": [
                "Non-hazardous"
            ],
            "delay_cost": 0,
            "group_uuid": "0d2c2e62-dcfd-4e80-90a7-ee94a43ed583",
            "source": "Berth 30",
            "transportation_methods": [
                "Roadway",
                "Sea",
                "Transloading"
            ],
            "shipper": "FIT",
            "nTEU": 2,
            "origin": "HONDURAS",
            "destination": "McIntosh Intersection",
            "name": "60-SPIRIT OF LISBON-5:2:HONDURAS"
        },
        {
            "EAT": 18720,
            "LDT": 23040,
            "cargo_categories": [
                "Non-hazardous"
            ],
            "delay_cost": 0,
            "group_uuid": "0d2c2e62-dcfd-4e80-90a7-ee94a43ed583",
            "source": "Berth 30",
            "transportation_methods": [
                "Roadway",
                "Sea",
                "Transloading"
            ],
            "shipper": "FIT",
            "nTEU": 4,
            "origin": "BRAZIL",
            "destination": "McIntosh Intersection",
            "name": "60-SPIRIT OF LISBON-6:69:BRAZIL"
        },
        {
            "EAT": 18720,
            "LDT": 23040,
            "cargo_categories": [
                "Non-hazardous"
            ],
            "delay_cost": 0,
            "group_uuid": "0d2c2e62-dcfd-4e80-90a7-ee94a43ed583",
            "source": "Berth 30",
            "transportation_methods": [
                "Roadway",
                "Sea",
                "Transloading"
            ],
            "shipper": "FIT",
            "nTEU": 3,
            "origin": "TRINIDAD AND TOBAGO",
            "destination": "McIntosh Intersection",
            "name": "60-SPIRIT OF LISBON-7:73:TRINIDAD AND TOBAGO"
        },
        {
            "EAT": 18720,
            "LDT": 23040,
            "cargo_categories": [
                "Non-hazardous"
            ],
            "delay_cost": 0,
            "group_uuid": "0d2c2e62-dcfd-4e80-90a7-ee94a43ed583",
            "source": "Berth 30",
            "transportation_methods": [
                "Roadway",
                "Sea",
                "Transloading"
            ],
            "shipper": "FIT",
            "nTEU": 2,
            "origin": "CHILE",
            "destination": "McIntosh Intersection",
            "name": "60-SPIRIT OF LISBON-8:14:CHILE"
        },
        {
            "EAT": 18720,
            "LDT": 23040,
            "cargo_categories": [
                "Non-hazardous"
            ],
            "delay_cost": 0,
            "group_uuid": "0d2c2e62-dcfd-4e80-90a7-ee94a43ed583",
            "source": "Berth 30",
            "transportation_methods": [
                "Roadway",
                "Sea",
                "Transloading"
            ],
            "shipper": "FIT",
            "nTEU": 2,
            "origin": "GUATEMALA",
            "destination": "McIntosh Intersection",
            "name": "60-SPIRIT OF LISBON-9:63:GUATEMALA"
        },
        {
            "EAT": 18720,
            "LDT": 23040,
            "cargo_categories": [
                "Non-hazardous"
            ],
            "delay_cost": 0,
            "group_uuid": "0d2c2e62-dcfd-4e80-90a7-ee94a43ed583",
            "source": "Berth 30",
            "transportation_methods": [
                "Roadway",
                "Sea",
                "Transloading"
            ],
            "shipper": "FIT",
            "nTEU": 2,
            "origin": "DOMINICAN REPUBLIC",
            "destination": "McIntosh Intersection",
            "name": "60-SPIRIT OF LISBON-10:85:DOMINICAN REPUBLIC"
        },
        {
            "EAT": 18720,
            "LDT": 23040,
            "cargo_categories": [
                "Non-hazardous"
            ],
            "delay_cost": 0,
            "group_uuid": "0d2c2e62-dcfd-4e80-90a7-ee94a43ed583",
            "source": "Berth 30",
            "transportation_methods": [
                "Roadway",
                "Sea",
                "Transloading"
            ],
            "shipper": "FIT",
            "nTEU": 5,
            "origin": "HONDURAS",
            "destination": "McIntosh Intersection",
            "name": "60-SPIRIT OF LISBON-11:84:HONDURAS"
        },
        {
            "EAT": 18720,
            "LDT": 23040,
            "cargo_categories": [
                "Non-hazardous"
            ],
            "delay_cost": 0,
            "group_uuid": "0d2c2e62-dcfd-4e80-90a7-ee94a43ed583",
            "source": "Berth 30",
            "transportation_methods": [
                "Roadway",
                "Sea",
                "Transloading"
            ],
            "shipper": "FIT",
            "nTEU": 4,
            "origin": "VIRGIN ISLAND",
            "destination": "McIntosh Intersection",
            "name": "60-SPIRIT OF LISBON-12:38:VIRGIN ISLAND"
        },
        {
            "EAT": 18720,
            "LDT": 23040,
            "cargo_categories": [
                "Non-hazardous"
            ],
            "delay_cost": 0,
            "group_uuid": "0d2c2e62-dcfd-4e80-90a7-ee94a43ed583",
            "source": "Berth 30",
            "transportation_methods": [
                "Roadway",
                "Sea",
                "Transloading"
            ],
            "shipper": "FIT",
            "nTEU": 1,
            "origin": "SPAIN-S",
            "destination": "McIntosh Intersection",
            "name": "60-SPIRIT OF LISBON-13:15:SPAIN-S"
        },
        {
            "EAT": 18720,
            "LDT": 23040,
            "cargo_categories": [
                "Non-hazardous"
            ],
            "delay_cost": 0,
            "group_uuid": "0d2c2e62-dcfd-4e80-90a7-ee94a43ed583",
            "source": "Berth 30",
            "transportation_methods": [
                "Roadway",
                "Sea",
                "Transloading"
            ],
            "shipper": "FIT",
            "nTEU": 13,
            "origin": "DOMINICAN REPUBLIC",
            "destination": "McIntosh Intersection",
            "name": "60-SPIRIT OF LISBON-14:39:DOMINICAN REPUBLIC"
        },
        {
            "EAT": 18720,
            "LDT": 23040,
            "cargo_categories": [
                "Non-hazardous"
            ],
            "delay_cost": 0,
            "group_uuid": "0d2c2e62-dcfd-4e80-90a7-ee94a43ed583",
            "source": "Berth 30",
            "transportation_methods": [
                "Roadway",
                "Sea",
                "Transloading"
            ],
            "shipper": "FIT",
            "nTEU": 5,
            "origin": "BELIZE",
            "destination": "McIntosh Intersection",
            "name": "60-SPIRIT OF LISBON-15::BELIZE"
        },
        {
            "EAT": 18720,
            "LDT": 23040,
            "cargo_categories": [
                "Non-hazardous"
            ],
            "delay_cost": 0,
            "group_uuid": "0d2c2e62-dcfd-4e80-90a7-ee94a43ed583",
            "source": "Berth 30",
            "transportation_methods": [
                "Roadway",
                "Sea",
                "Transloading"
            ],
            "shipper": "FIT",
            "nTEU": 1,
            "origin": "GERMANY",
            "destination": "McIntosh Intersection",
            "name": "60-SPIRIT OF LISBON-16:11:GERMANY"
        },
        {
            "EAT": 18720,
            "LDT": 23040,
            "cargo_categories": [
                "Non-hazardous"
            ],
            "delay_cost": 0,
            "group_uuid": "0d2c2e62-dcfd-4e80-90a7-ee94a43ed583",
            "source": "Berth 30",
            "transportation_methods": [
                "Roadway",
                "Sea",
                "Transloading"
            ],
            "shipper": "FIT",
            "nTEU": 7,
            "origin": "COLOMBIA",
            "destination": "McIntosh Intersection",
            "name": "60-SPIRIT OF LISBON-17:17:COLOMBIA"
        },
        {
            "EAT": 18720,
            "LDT": 23040,
            "cargo_categories": [
                "Non-hazardous"
            ],
            "delay_cost": 0,
            "group_uuid": "0d2c2e62-dcfd-4e80-90a7-ee94a43ed583",
            "source": "Berth 30",
            "transportation_methods": [
                "Roadway",
                "Sea",
                "Transloading"
            ],
            "shipper": "FIT",
            "nTEU": 20,
            "origin": "SPAIN-S",
            "destination": "McIntosh Intersection",
            "name": "60-SPIRIT OF LISBON-18:20:SPAIN-S"
        },
        {
            "EAT": 18720,
            "LDT": 23040,
            "cargo_categories": [
                "Non-hazardous"
            ],
            "delay_cost": 0,
            "group_uuid": "0d2c2e62-dcfd-4e80-90a7-ee94a43ed583",
            "source": "Berth 30",
            "transportation_methods": [
                "Roadway",
                "Sea",
                "Transloading"
            ],
            "shipper": "FIT",
            "nTEU": 13,
            "origin": "ITALY",
            "destination": "McIntosh Intersection",
            "name": "60-SPIRIT OF LISBON-19:94:ITALY"
        },
        {
            "EAT": 18720,
            "LDT": 23040,
            "cargo_categories": [
                "Non-hazardous"
            ],
            "delay_cost": 0,
            "group_uuid": "0d2c2e62-dcfd-4e80-90a7-ee94a43ed583",
            "source": "Berth 30",
            "transportation_methods": [
                "Roadway",
                "Sea",
                "Transloading"
            ],
            "shipper": "FIT",
            "nTEU": 2,
            "origin": "COSTA RICA",
            "destination": "McIntosh Intersection",
            "name": "60-SPIRIT OF LISBON-20:40:COSTA RICA"
        },
        {
            "EAT": 18720,
            "LDT": 23040,
            "cargo_categories": [
                "Non-hazardous"
            ],
            "delay_cost": 0,
            "group_uuid": "0d2c2e62-dcfd-4e80-90a7-ee94a43ed583",
            "source": "Berth 30",
            "transportation_methods": [
                "Roadway",
                "Sea",
                "Transloading"
            ],
            "shipper": "FIT",
            "nTEU": 2,
            "origin": "BRAZIL",
            "destination": "McIntosh Intersection",
            "name": "60-SPIRIT OF LISBON-21:48:BRAZIL"
        },
        {
            "EAT": 18720,
            "LDT": 23040,
            "cargo_categories": [
                "Non-hazardous"
            ],
            "delay_cost": 0,
            "group_uuid": "0d2c2e62-dcfd-4e80-90a7-ee94a43ed583",
            "source": "Berth 30",
            "transportation_methods": [
                "Roadway",
                "Sea",
                "Transloading"
            ],
            "shipper": "FIT",
            "nTEU": 10,
            "origin": "SPAIN-S",
            "destination": "McIntosh Intersection",
            "name": "60-SPIRIT OF LISBON-22:76:SPAIN-S"
        },
        {
            "EAT": 18720,
            "LDT": 23040,
            "cargo_categories": [
                "Non-hazardous"
            ],
            "delay_cost": 0,
            "group_uuid": "0d2c2e62-dcfd-4e80-90a7-ee94a43ed583",
            "source": "Berth 30",
            "transportation_methods": [
                "Roadway",
                "Sea",
                "Transloading"
            ],
            "shipper": "FIT",
            "nTEU": 1,
            "origin": "ITALY",
            "destination": "McIntosh Intersection",
            "name": "60-SPIRIT OF LISBON-23:81:ITALY"
        },
        {
            "EAT": 18720,
            "LDT": 23040,
            "cargo_categories": [
                "Non-hazardous"
            ],
            "delay_cost": 0,
            "group_uuid": "0d2c2e62-dcfd-4e80-90a7-ee94a43ed583",
            "source": "Berth 30",
            "transportation_methods": [
                "Roadway",
                "Sea",
                "Transloading"
            ],
            "shipper": "FIT",
            "nTEU": 4,
            "origin": "HONDURAS",
            "destination": "McIntosh Intersection",
            "name": "60-SPIRIT OF LISBON-24:3:HONDURAS"
        },
        {
            "EAT": 18720,
            "LDT": 23040,
            "cargo_categories": [
                "Non-hazardous"
            ],
            "delay_cost": 0,
            "group_uuid": "0d2c2e62-dcfd-4e80-90a7-ee94a43ed583",
            "source": "Berth 30",
            "transportation_methods": [
                "Roadway",
                "Sea",
                "Transloading"
            ],
            "shipper": "FIT",
            "nTEU": 4,
            "origin": "COSTA RICA",
            "destination": "McIntosh Intersection",
            "name": "60-SPIRIT OF LISBON-25:21:COSTA RICA"
        },
        {
            "EAT": 18720,
            "LDT": 23040,
            "cargo_categories": [
                "Non-hazardous"
            ],
            "delay_cost": 0,
            "group_uuid": "0d2c2e62-dcfd-4e80-90a7-ee94a43ed583",
            "source": "Berth 30",
            "transportation_methods": [
                "Roadway",
                "Sea",
                "Transloading"
            ],
            "shipper": "FIT",
            "nTEU": 8,
            "origin": "SPAIN-S",
            "destination": "McIntosh Intersection",
            "name": "60-SPIRIT OF LISBON-26:70:SPAIN-S"
        },
        {
            "EAT": 18720,
            "LDT": 23040,
            "cargo_categories": [
                "Non-hazardous"
            ],
            "delay_cost": 0,
            "group_uuid": "0d2c2e62-dcfd-4e80-90a7-ee94a43ed583",
            "source": "Berth 30",
            "transportation_methods": [
                "Roadway",
                "Sea",
                "Transloading"
            ],
            "shipper": "FIT",
            "nTEU": 34,
            "origin": "NICARAGUA",
            "destination": "McIntosh Intersection",
            "name": "60-SPIRIT OF LISBON-27:10:NICARAGUA"
        },
        {
            "EAT": 18720,
            "LDT": 23040,
            "cargo_categories": [
                "Non-hazardous"
            ],
            "delay_cost": 0,
            "group_uuid": "0d2c2e62-dcfd-4e80-90a7-ee94a43ed583",
            "source": "Berth 30",
            "transportation_methods": [
                "Roadway",
                "Sea",
                "Transloading"
            ],
            "shipper": "FIT",
            "nTEU": 13,
            "origin": "HONDURAS",
            "destination": "McIntosh Intersection",
            "name": "60-SPIRIT OF LISBON-28:62:HONDURAS"
        },
        {
            "EAT": 18720,
            "LDT": 23040,
            "cargo_categories": [
                "Non-hazardous"
            ],
            "delay_cost": 0,
            "group_uuid": "0d2c2e62-dcfd-4e80-90a7-ee94a43ed583",
            "source": "Berth 30",
            "transportation_methods": [
                "Roadway",
                "Sea",
                "Transloading"
            ],
            "shipper": "FIT",
            "nTEU": 2,
            "origin": "CAYMAN ISLANDS",
            "destination": "McIntosh Intersection",
            "name": "60-SPIRIT OF LISBON-29:95:CAYMAN ISLANDS"
        },
        {
            "EAT": 18720,
            "LDT": 23040,
            "cargo_categories": [
                "Non-hazardous"
            ],
            "delay_cost": 0,
            "group_uuid": "0d2c2e62-dcfd-4e80-90a7-ee94a43ed583",
            "source": "Berth 30",
            "transportation_methods": [
                "Roadway",
                "Sea",
                "Transloading"
            ],
            "shipper": "FIT",
            "nTEU": 10,
            "origin": "CHILE",
            "destination": "McIntosh Intersection",
            "name": "60-SPIRIT OF LISBON-30:47:CHILE"
        },
        {
            "EAT": 18720,
            "LDT": 23040,
            "cargo_categories": [
                "Non-hazardous"
            ],
            "delay_cost": 0,
            "group_uuid": "0d2c2e62-dcfd-4e80-90a7-ee94a43ed583",
            "source": "Berth 30",
            "transportation_methods": [
                "Roadway",
                "Sea",
                "Transloading"
            ],
            "shipper": "FIT",
            "nTEU": 3,
            "origin": "ITALY",
            "destination": "McIntosh Intersection",
            "name": "60-SPIRIT OF LISBON-31:64:ITALY"
        },
        {
            "EAT": 18720,
            "LDT": 23040,
            "cargo_categories": [
                "Non-hazardous"
            ],
            "delay_cost": 0,
            "group_uuid": "0d2c2e62-dcfd-4e80-90a7-ee94a43ed583",
            "source": "Berth 30",
            "transportation_methods": [
                "Roadway",
                "Sea",
                "Transloading"
            ],
            "shipper": "FIT",
            "nTEU": 1,
            "origin": "BRAZIL",
            "destination": "McIntosh Intersection",
            "name": "60-SPIRIT OF LISBON-32:82:BRAZIL"
        },
        {
            "EAT": 18720,
            "LDT": 23040,
            "cargo_categories": [
                "Non-hazardous"
            ],
            "delay_cost": 0,
            "group_uuid": "0d2c2e62-dcfd-4e80-90a7-ee94a43ed583",
            "source": "Berth 30",
            "transportation_methods": [
                "Roadway",
                "Sea",
                "Transloading"
            ],
            "shipper": "FIT",
            "nTEU": 20,
            "origin": "CHILE",
            "destination": "McIntosh Intersection",
            "name": "60-SPIRIT OF LISBON-33:12:CHILE"
        },
        {
            "EAT": 18720,
            "LDT": 23040,
            "cargo_categories": [
                "Non-hazardous"
            ],
            "delay_cost": 0,
            "group_uuid": "0d2c2e62-dcfd-4e80-90a7-ee94a43ed583",
            "source": "Berth 30",
            "transportation_methods": [
                "Roadway",
                "Sea",
                "Transloading"
            ],
            "shipper": "FIT",
            "nTEU": 12,
            "origin": "VIRGIN ISLAND",
            "destination": "McIntosh Intersection",
            "name": "60-SPIRIT OF LISBON-34:87:VIRGIN ISLAND"
        },
        {
            "EAT": 18720,
            "LDT": 23040,
            "cargo_categories": [
                "Non-hazardous"
            ],
            "delay_cost": 0,
            "group_uuid": "0d2c2e62-dcfd-4e80-90a7-ee94a43ed583",
            "source": "Berth 30",
            "transportation_methods": [
                "Roadway",
                "Sea",
                "Transloading"
            ],
            "shipper": "FIT",
            "nTEU": 2,
            "origin": "BELGIUM",
            "destination": "McIntosh Intersection",
            "name": "60-SPIRIT OF LISBON-35:33:BELGIUM"
        },
        {
            "EAT": 18720,
            "LDT": 23040,
            "cargo_categories": [
                "Non-hazardous"
            ],
            "delay_cost": 0,
            "group_uuid": "0d2c2e62-dcfd-4e80-90a7-ee94a43ed583",
            "source": "Berth 30",
            "transportation_methods": [
                "Roadway",
                "Sea",
                "Transloading"
            ],
            "shipper": "FIT",
            "nTEU": 3,
            "origin": "SPAIN-S",
            "destination": "McIntosh Intersection",
            "name": "60-SPIRIT OF LISBON-36:19:SPAIN-S"
        },
        {
            "EAT": 18720,
            "LDT": 23040,
            "cargo_categories": [
                "Non-hazardous"
            ],
            "delay_cost": 0,
            "group_uuid": "0d2c2e62-dcfd-4e80-90a7-ee94a43ed583",
            "source": "Berth 30",
            "transportation_methods": [
                "Roadway",
                "Sea",
                "Transloading"
            ],
            "shipper": "FIT",
            "nTEU": 1,
            "origin": "GUATEMALA",
            "destination": "McIntosh Intersection",
            "name": "60-SPIRIT OF LISBON-37:61:GUATEMALA"
        },
        {
            "EAT": 18720,
            "LDT": 23040,
            "cargo_categories": [
                "Non-hazardous"
            ],
            "delay_cost": 0,
            "group_uuid": "0d2c2e62-dcfd-4e80-90a7-ee94a43ed583",
            "source": "Berth 30",
            "transportation_methods": [
                "Roadway",
                "Sea",
                "Transloading"
            ],
            "shipper": "FIT",
            "nTEU": 5,
            "origin": "PANAMA",
            "destination": "McIntosh Intersection",
            "name": "60-SPIRIT OF LISBON-38:25:PANAMA"
        }
    ]
}