{
    "commodities": [
        {
            "EAT": 1440,
            "LDT": 5760,
            "cargo_categories": [
                "Non-hazardous"
            ],
            "delay_cost": 0,
            "group_uuid": "28cb6add-5625-4a3b-918b-82155d4182ad",
            "source": "Berth 32",
            "transportation_methods": [
                "Roadway",
                "Sea",
                "Transloading"
            ],
            "shipper": "Crowley",
            "nTEU": 13,
            "origin": "GUATEMALA",
            "destination": "McIntosh Intersection",
            "name": "11-VEGA SACHSEN-0::GUATEMALA"
        },
        {
            "EAT": 1440,
            "LDT": 5760,
            "cargo_categories": [
                "Non-hazardous"
            ],
            "delay_cost": 0,
            "group_uuid": "28cb6add-5625-4a3b-918b-82155d4182ad",
            "source": "Berth 32",
            "transportation_methods": [
                "Roadway",
                "Sea",
                "Transloading"
            ],
            "shipper": "Crowley",
            "nTEU": 7,
            "origin": "PANAMA",
            "destination": "McIntosh Intersection",
            "name": "11-VEGA SACHSEN-1:68:PANAMA"
        },
        {
            "EAT": 1440,
            "LDT": 5760,
            "cargo_categories": [
                "Non-hazardous"
            ],
            "delay_cost": 0,
            "group_uuid": "28cb6add-5625-4a3b-918b-82155d4182ad",
            "source": "Berth 32",
            "transportation_methods": [
                "Roadway",
                "Sea",
                "Transloading"
            ],
            "shipper": "Crowley",
            "nTEU": 2,
            "origin": "GUATEMALA",
            "destination": "McIntosh Intersection",
            "name": "11-VEGA SACHSEN-2:86:GUATEMALA"
        },
        {
            "EAT": 1440,
            "LDT": 5760,
            "cargo_categories": [
                "Non-hazardous"
            ],
            "delay_cost": 0,
            "group_uuid": "28cb6add-5625-4a3b-918b-82155d4182ad",
            "source": "Berth 32",
            "transportation_methods": [
                "Roadway",
                "Sea",
                "Transloading"
            ],
            "shipper": "Crowley",
            "nTEU": 2,
            "origin": "BELGIUM",
            "destination": "McIntosh Intersection",
            "name": "11-VEGA SACHSEN-3:48:BELGIUM"
        },
        {
            "EAT": 1440,
            "LDT": 5760,
            "cargo_categories": [
                "Non-hazardous"
            ],
            "delay_cost": 0,
            "group_uuid": "28cb6add-5625-4a3b-918b-82155d4182ad",
            "source": "Berth 32",
            "transportation_methods": [
                "Roadway",
                "Sea",
                "Transloading"
            ],
            "shipper": "Crowley",
            "nTEU": 28,
            "origin": "GUATEMALA",
            "destination": "McIntosh Intersection",
            "name": "11-VEGA SACHSEN-4:8:GUATEMALA"
        },
        {
            "EAT": 1440,
            "LDT": 5760,
            "cargo_categories": [
                "Non-hazardous"
            ],
            "delay_cost": 0,
            "group_uuid": "28cb6add-5625-4a3b-918b-82155d4182ad",
            "source": "Berth 32",
            "transportation_methods": [
                "Roadway",
                "Sea",
                "Transloading"
            ],
            "shipper": "Crowley",
            "nTEU": 86,
            "origin": "HONDURAS",
            "destination": "McIntosh Intersection",
            "name": "11-VEGA SACHSEN-5:62:HONDURAS"
        },
        {
            "EAT": 1440,
            "LDT": 5760,
            "cargo_categories": [
                "Non-hazardous"
            ],
            "delay_cost": 0,
            "group_uuid": "28cb6add-5625-4a3b-918b-82155d4182ad",
            "source": "Berth 32",
            "transportation_methods": [
                "Roadway",
                "Sea",
                "Transloading"
            ],
            "shipper": "Crowley",
            "nTEU": 2,
            "origin": "DOMINICAN REPUBLIC",
            "destination": "McIntosh Intersection",
            "name": "11-VEGA SACHSEN-6:90:DOMINICAN REPUBLIC"
        },
        {
            "EAT": 1440,
            "LDT": 5760,
            "cargo_categories": [
                "Non-hazardous"
            ],
            "delay_cost": 0,
            "group_uuid": "28cb6add-5625-4a3b-918b-82155d4182ad",
            "source": "Berth 32",
            "transportation_methods": [
                "Roadway",
                "Sea",
                "Transloading"
            ],
            "shipper": "Crowley",
            "nTEU": 3,
            "origin": "HONDURAS",
            "destination": "McIntosh Intersection",
            "name": "11-VEGA SACHSEN-7:61:HONDURAS"
        },
        {
            "EAT": 1440,
            "LDT": 5760,
            "cargo_categories": [
                "Non-hazardous"
            ],
            "delay_cost": 0,
            "group_uuid": "28cb6add-5625-4a3b-918b-82155d4182ad",
            "source": "Berth 32",
            "transportation_methods": [
                "Roadway",
                "Sea",
                "Transloading"
            ],
            "shipper": "Crowley",
            "nTEU": 1,
            "origin": "HONDURAS",
            "destination": "McIntosh Intersection",
            "name": "11-VEGA SACHSEN-8:7:HONDURAS"
        }
    ]
}