{
    "graph.transportation": {
        "dwellTime.days": 0.5,
        "gateServiceTime.mins": 5,
        "roadCapacity.teu": 88,
        "craneRate.teu-hr": 23,
        "templateFilePath": "data/test-scenarios/onf2/networks/transportation.gnsi",
        "schemaFilePath": "/Users/polutropos/Documents/Repositories/CIRI/cptl-models/data/schema/network.schema.v2.json"
    },
    "flows": {
        "prioritization": 1,
        "ldt.days": 3,
        "scheduleTemplateFilePath": "data/test-scenarios/onf2/flows/PEV-FY2018/10/schedule.filtered.json",
        "scheduleSchemaFilePath": "/Users/polutropos/Documents/Repositories/CIRI/cptl-models/data/schema/schedule.schema.v2.json",
        "shipmentSchemaFilePath": "/Users/polutropos/Documents/Repositories/CIRI/cptl-models/data/schema/shipment.schema.v2.json",
        "simDuration.weeks": 1
    }
}