{
    "commodities": [
        {
            "EAT": 14400,
            "LDT": 17280,
            "cargo_categories": [
                "Non-hazardous"
            ],
            "delay_cost": 0,
            "group_uuid": "72dfb59b-d791-453f-b0cc-448d1a75be67",
            "source": "Berth 32",
            "transportation_methods": [
                "Roadway",
                "Sea",
                "Transloading"
            ],
            "shipper": "MSC",
            "nTEU": 1,
            "origin": "DOMINICAN REPUBLIC",
            "destination": "McIntosh Intersection",
            "name": "47-ALLEGRO-0:34:DOMINICAN REPUBLIC"
        },
        {
            "EAT": 14400,
            "LDT": 17280,
            "cargo_categories": [
                "Non-hazardous"
            ],
            "delay_cost": 0,
            "group_uuid": "72dfb59b-d791-453f-b0cc-448d1a75be67",
            "source": "Berth 32",
            "transportation_methods": [
                "Roadway",
                "Sea",
                "Transloading"
            ],
            "shipper": "MSC",
            "nTEU": 4,
            "origin": "CHILE",
            "destination": "McIntosh Intersection",
            "name": "47-ALLEGRO-1:40:CHILE"
        },
        {
            "EAT": 14400,
            "LDT": 17280,
            "cargo_categories": [
                "Non-hazardous"
            ],
            "delay_cost": 0,
            "group_uuid": "72dfb59b-d791-453f-b0cc-448d1a75be67",
            "source": "Berth 32",
            "transportation_methods": [
                "Roadway",
                "Sea",
                "Transloading"
            ],
            "shipper": "MSC",
            "nTEU": 0,
            "origin": "TURKS AND CAICOS IS",
            "destination": "McIntosh Intersection",
            "name": "47-ALLEGRO-2:86:TURKS AND CAICOS IS"
        },
        {
            "EAT": 14400,
            "LDT": 17280,
            "cargo_categories": [
                "Non-hazardous"
            ],
            "delay_cost": 0,
            "group_uuid": "72dfb59b-d791-453f-b0cc-448d1a75be67",
            "source": "Berth 32",
            "transportation_methods": [
                "Roadway",
                "Sea",
                "Transloading"
            ],
            "shipper": "MSC",
            "nTEU": 6,
            "origin": "HONDURAS",
            "destination": "McIntosh Intersection",
            "name": "47-ALLEGRO-3:94:HONDURAS"
        },
        {
            "EAT": 14400,
            "LDT": 17280,
            "cargo_categories": [
                "Non-hazardous"
            ],
            "delay_cost": 0,
            "group_uuid": "72dfb59b-d791-453f-b0cc-448d1a75be67",
            "source": "Berth 32",
            "transportation_methods": [
                "Roadway",
                "Sea",
                "Transloading"
            ],
            "shipper": "MSC",
            "nTEU": 3,
            "origin": "VENEZUELA",
            "destination": "McIntosh Intersection",
            "name": "47-ALLEGRO-4:39:VENEZUELA"
        },
        {
            "EAT": 14400,
            "LDT": 17280,
            "cargo_categories": [
                "Non-hazardous"
            ],
            "delay_cost": 0,
            "group_uuid": "72dfb59b-d791-453f-b0cc-448d1a75be67",
            "source": "Berth 32",
            "transportation_methods": [
                "Roadway",
                "Sea",
                "Transloading"
            ],
            "shipper": "MSC",
            "nTEU": 10,
            "origin": "PANAMA",
            "destination": "McIntosh Intersection",
            "name": "47-ALLEGRO-5:44:PANAMA"
        }
    ]
}