{
    "commodities": [
        {
            "EAT": 18490,
            "LDT": 21370,
            "cargo_categories": [
                "Non-hazardous"
            ],
            "delay_cost": 0,
            "group_uuid": "58ffa020-b99f-4364-ab9e-a30ce75dba17",
            "source": "Berth 30",
            "transportation_methods": [
                "Roadway",
                "Sea",
                "Transloading"
            ],
            "shipper": "FIT",
            "nTEU": 2,
            "origin": "COLOMBIA",
            "destination": "McIntosh Intersection",
            "name": "59-FS IPANEMA-0:21:COLOMBIA"
        },
        {
            "EAT": 18490,
            "LDT": 21370,
            "cargo_categories": [
                "Non-hazardous"
            ],
            "delay_cost": 0,
            "group_uuid": "58ffa020-b99f-4364-ab9e-a30ce75dba17",
            "source": "Berth 30",
            "transportation_methods": [
                "Roadway",
                "Sea",
                "Transloading"
            ],
            "shipper": "FIT",
            "nTEU": 3,
            "origin": "ITALY",
            "destination": "McIntosh Intersection",
            "name": "59-FS IPANEMA-1:87:ITALY"
        }
    ]
}