{
    "commodities": [
        {
            "EAT": 12960,
            "LDT": 15840,
            "cargo_categories": [
                "Non-hazardous"
            ],
            "delay_cost": 0,
            "group_uuid": "39d417e8-0885-484c-879b-011a2db80a51",
            "source": "Berth 32",
            "transportation_methods": [
                "Roadway",
                "Sea",
                "Transloading"
            ],
            "shipper": "MSC",
            "nTEU": 1,
            "origin": "BRAZIL",
            "destination": "McIntosh Intersection",
            "name": "40-MSC MARTA-0:84:BRAZIL"
        },
        {
            "EAT": 12960,
            "LDT": 15840,
            "cargo_categories": [
                "Non-hazardous"
            ],
            "delay_cost": 0,
            "group_uuid": "39d417e8-0885-484c-879b-011a2db80a51",
            "source": "Berth 32",
            "transportation_methods": [
                "Roadway",
                "Sea",
                "Transloading"
            ],
            "shipper": "MSC",
            "nTEU": 2,
            "origin": "COSTA RICA",
            "destination": "McIntosh Intersection",
            "name": "40-MSC MARTA-1:7:COSTA RICA"
        },
        {
            "EAT": 12960,
            "LDT": 15840,
            "cargo_categories": [
                "Non-hazardous"
            ],
            "delay_cost": 0,
            "group_uuid": "39d417e8-0885-484c-879b-011a2db80a51",
            "source": "Berth 32",
            "transportation_methods": [
                "Roadway",
                "Sea",
                "Transloading"
            ],
            "shipper": "MSC",
            "nTEU": 2,
            "origin": "DOMINICAN REPUBLIC",
            "destination": "McIntosh Intersection",
            "name": "40-MSC MARTA-2:28:DOMINICAN REPUBLIC"
        },
        {
            "EAT": 12960,
            "LDT": 15840,
            "cargo_categories": [
                "Non-hazardous"
            ],
            "delay_cost": 0,
            "group_uuid": "39d417e8-0885-484c-879b-011a2db80a51",
            "source": "Berth 32",
            "transportation_methods": [
                "Roadway",
                "Sea",
                "Transloading"
            ],
            "shipper": "MSC",
            "nTEU": 6,
            "origin": "BAHAMAS",
            "destination": "McIntosh Intersection",
            "name": "40-MSC MARTA-3:68:BAHAMAS"
        },
        {
            "EAT": 12960,
            "LDT": 15840,
            "cargo_categories": [
                "Non-hazardous"
            ],
            "delay_cost": 0,
            "group_uuid": "39d417e8-0885-484c-879b-011a2db80a51",
            "source": "Berth 32",
            "transportation_methods": [
                "Roadway",
                "Sea",
                "Transloading"
            ],
            "shipper": "MSC",
            "nTEU": 14,
            "origin": "SPAIN-S",
            "destination": "McIntosh Intersection",
            "name": "40-MSC MARTA-4:69:SPAIN-S"
        },
        {
            "EAT": 12960,
            "LDT": 15840,
            "cargo_categories": [
                "Non-hazardous"
            ],
            "delay_cost": 0,
            "group_uuid": "39d417e8-0885-484c-879b-011a2db80a51",
            "source": "Berth 32",
            "transportation_methods": [
                "Roadway",
                "Sea",
                "Transloading"
            ],
            "shipper": "MSC",
            "nTEU": 8,
            "origin": "HONDURAS",
            "destination": "McIntosh Intersection",
            "name": "40-MSC MARTA-5::HONDURAS"
        },
        {
            "EAT": 12960,
            "LDT": 15840,
            "cargo_categories": [
                "Non-hazardous"
            ],
            "delay_cost": 0,
            "group_uuid": "39d417e8-0885-484c-879b-011a2db80a51",
            "source": "Berth 32",
            "transportation_methods": [
                "Roadway",
                "Sea",
                "Transloading"
            ],
            "shipper": "MSC",
            "nTEU": 1,
            "origin": "VENEZUELA",
            "destination": "McIntosh Intersection",
            "name": "40-MSC MARTA-6:27:VENEZUELA"
        },
        {
            "EAT": 12960,
            "LDT": 15840,
            "cargo_categories": [
                "Non-hazardous"
            ],
            "delay_cost": 0,
            "group_uuid": "39d417e8-0885-484c-879b-011a2db80a51",
            "source": "Berth 32",
            "transportation_methods": [
                "Roadway",
                "Sea",
                "Transloading"
            ],
            "shipper": "MSC",
            "nTEU": 2,
            "origin": "COLOMBIA",
            "destination": "McIntosh Intersection",
            "name": "40-MSC MARTA-7:95:COLOMBIA"
        },
        {
            "EAT": 12960,
            "LDT": 15840,
            "cargo_categories": [
                "Non-hazardous"
            ],
            "delay_cost": 0,
            "group_uuid": "39d417e8-0885-484c-879b-011a2db80a51",
            "source": "Berth 32",
            "transportation_methods": [
                "Roadway",
                "Sea",
                "Transloading"
            ],
            "shipper": "MSC",
            "nTEU": 1,
            "origin": "ITALY",
            "destination": "McIntosh Intersection",
            "name": "40-MSC MARTA-8:11:ITALY"
        },
        {
            "EAT": 12960,
            "LDT": 15840,
            "cargo_categories": [
                "Non-hazardous"
            ],
            "delay_cost": 0,
            "group_uuid": "39d417e8-0885-484c-879b-011a2db80a51",
            "source": "Berth 32",
            "transportation_methods": [
                "Roadway",
                "Sea",
                "Transloading"
            ],
            "shipper": "MSC",
            "nTEU": 1,
            "origin": "COLOMBIA",
            "destination": "McIntosh Intersection",
            "name": "40-MSC MARTA-9:49:COLOMBIA"
        },
        {
            "EAT": 12960,
            "LDT": 15840,
            "cargo_categories": [
                "Non-hazardous"
            ],
            "delay_cost": 0,
            "group_uuid": "39d417e8-0885-484c-879b-011a2db80a51",
            "source": "Berth 32",
            "transportation_methods": [
                "Roadway",
                "Sea",
                "Transloading"
            ],
            "shipper": "MSC",
            "nTEU": 1,
            "origin": "BRAZIL",
            "destination": "McIntosh Intersection",
            "name": "40-MSC MARTA-10:82:BRAZIL"
        },
        {
            "EAT": 12960,
            "LDT": 15840,
            "cargo_categories": [
                "Non-hazardous"
            ],
            "delay_cost": 0,
            "group_uuid": "39d417e8-0885-484c-879b-011a2db80a51",
            "source": "Berth 32",
            "transportation_methods": [
                "Roadway",
                "Sea",
                "Transloading"
            ],
            "shipper": "MSC",
            "nTEU": 8,
            "origin": "DOMINICAN REPUBLIC",
            "destination": "McIntosh Intersection",
            "name": "40-MSC MARTA-11:85:DOMINICAN REPUBLIC"
        },
        {
            "EAT": 12960,
            "LDT": 15840,
            "cargo_categories": [
                "Non-hazardous"
            ],
            "delay_cost": 0,
            "group_uuid": "39d417e8-0885-484c-879b-011a2db80a51",
            "source": "Berth 32",
            "transportation_methods": [
                "Roadway",
                "Sea",
                "Transloading"
            ],
            "shipper": "MSC",
            "nTEU": 3,
            "origin": "COLOMBIA",
            "destination": "McIntosh Intersection",
            "name": "40-MSC MARTA-12:70:COLOMBIA"
        },
        {
            "EAT": 12960,
            "LDT": 15840,
            "cargo_categories": [
                "Non-hazardous"
            ],
            "delay_cost": 0,
            "group_uuid": "39d417e8-0885-484c-879b-011a2db80a51",
            "source": "Berth 32",
            "transportation_methods": [
                "Roadway",
                "Sea",
                "Transloading"
            ],
            "shipper": "MSC",
            "nTEU": 14,
            "origin": "PERU",
            "destination": "McIntosh Intersection",
            "name": "40-MSC MARTA-13:94:PERU"
        },
        {
            "EAT": 12960,
            "LDT": 15840,
            "cargo_categories": [
                "Non-hazardous"
            ],
            "delay_cost": 0,
            "group_uuid": "39d417e8-0885-484c-879b-011a2db80a51",
            "source": "Berth 32",
            "transportation_methods": [
                "Roadway",
                "Sea",
                "Transloading"
            ],
            "shipper": "MSC",
            "nTEU": 10,
            "origin": "SPAIN-S",
            "destination": "McIntosh Intersection",
            "name": "40-MSC MARTA-14:25:SPAIN-S"
        },
        {
            "EAT": 12960,
            "LDT": 15840,
            "cargo_categories": [
                "Non-hazardous"
            ],
            "delay_cost": 0,
            "group_uuid": "39d417e8-0885-484c-879b-011a2db80a51",
            "source": "Berth 32",
            "transportation_methods": [
                "Roadway",
                "Sea",
                "Transloading"
            ],
            "shipper": "MSC",
            "nTEU": 32,
            "origin": "SPAIN-S",
            "destination": "McIntosh Intersection",
            "name": "40-MSC MARTA-15:48:SPAIN-S"
        },
        {
            "EAT": 12960,
            "LDT": 15840,
            "cargo_categories": [
                "Non-hazardous"
            ],
            "delay_cost": 0,
            "group_uuid": "39d417e8-0885-484c-879b-011a2db80a51",
            "source": "Berth 32",
            "transportation_methods": [
                "Roadway",
                "Sea",
                "Transloading"
            ],
            "shipper": "MSC",
            "nTEU": 2,
            "origin": "CHILE",
            "destination": "McIntosh Intersection",
            "name": "40-MSC MARTA-16:3:CHILE"
        },
        {
            "EAT": 12960,
            "LDT": 15840,
            "cargo_categories": [
                "Non-hazardous"
            ],
            "delay_cost": 0,
            "group_uuid": "39d417e8-0885-484c-879b-011a2db80a51",
            "source": "Berth 32",
            "transportation_methods": [
                "Roadway",
                "Sea",
                "Transloading"
            ],
            "shipper": "MSC",
            "nTEU": 8,
            "origin": "ITALY",
            "destination": "McIntosh Intersection",
            "name": "40-MSC MARTA-17:21:ITALY"
        },
        {
            "EAT": 12960,
            "LDT": 15840,
            "cargo_categories": [
                "Non-hazardous"
            ],
            "delay_cost": 0,
            "group_uuid": "39d417e8-0885-484c-879b-011a2db80a51",
            "source": "Berth 32",
            "transportation_methods": [
                "Roadway",
                "Sea",
                "Transloading"
            ],
            "shipper": "MSC",
            "nTEU": 3,
            "origin": "COLOMBIA",
            "destination": "McIntosh Intersection",
            "name": "40-MSC MARTA-18:9:COLOMBIA"
        },
        {
            "EAT": 12960,
            "LDT": 15840,
            "cargo_categories": [
                "Non-hazardous"
            ],
            "delay_cost": 0,
            "group_uuid": "39d417e8-0885-484c-879b-011a2db80a51",
            "source": "Berth 32",
            "transportation_methods": [
                "Roadway",
                "Sea",
                "Transloading"
            ],
            "shipper": "MSC",
            "nTEU": 2,
            "origin": "GERMANY",
            "destination": "McIntosh Intersection",
            "name": "40-MSC MARTA-19:87:GERMANY"
        },
        {
            "EAT": 12960,
            "LDT": 15840,
            "cargo_categories": [
                "Non-hazardous"
            ],
            "delay_cost": 10,
            "group_uuid": "39d417e8-0885-484c-879b-011a2db80a51",
            "source": "Berth 32",
            "transportation_methods": [
                "Roadway",
                "Sea",
                "Transloading"
            ],
            "shipper": "MSC",
            "nTEU": 6,
            "origin": "HONDURAS",
            "destination": "McIntosh Intersection",
            "name": "40-MSC MARTA-20:8:HONDURAS"
        },
        {
            "EAT": 12960,
            "LDT": 15840,
            "cargo_categories": [
                "Non-hazardous"
            ],
            "delay_cost": 0,
            "group_uuid": "39d417e8-0885-484c-879b-011a2db80a51",
            "source": "Berth 32",
            "transportation_methods": [
                "Roadway",
                "Sea",
                "Transloading"
            ],
            "shipper": "MSC",
            "nTEU": 1,
            "origin": "BAHAMAS",
            "destination": "McIntosh Intersection",
            "name": "40-MSC MARTA-21:39:BAHAMAS"
        },
        {
            "EAT": 12960,
            "LDT": 15840,
            "cargo_categories": [
                "Non-hazardous"
            ],
            "delay_cost": 0,
            "group_uuid": "39d417e8-0885-484c-879b-011a2db80a51",
            "source": "Berth 32",
            "transportation_methods": [
                "Roadway",
                "Sea",
                "Transloading"
            ],
            "shipper": "MSC",
            "nTEU": 2,
            "origin": "DOMINICAN REPUBLIC",
            "destination": "McIntosh Intersection",
            "name": "40-MSC MARTA-22:52:DOMINICAN REPUBLIC"
        },
        {
            "EAT": 12960,
            "LDT": 15840,
            "cargo_categories": [
                "Non-hazardous"
            ],
            "delay_cost": 0,
            "group_uuid": "39d417e8-0885-484c-879b-011a2db80a51",
            "source": "Berth 32",
            "transportation_methods": [
                "Roadway",
                "Sea",
                "Transloading"
            ],
            "shipper": "MSC",
            "nTEU": 28,
            "origin": "ECUADOR",
            "destination": "McIntosh Intersection",
            "name": "40-MSC MARTA-23:44:ECUADOR"
        },
        {
            "EAT": 12960,
            "LDT": 15840,
            "cargo_categories": [
                "Non-hazardous"
            ],
            "delay_cost": 0,
            "group_uuid": "39d417e8-0885-484c-879b-011a2db80a51",
            "source": "Berth 32",
            "transportation_methods": [
                "Roadway",
                "Sea",
                "Transloading"
            ],
            "shipper": "MSC",
            "nTEU": 1,
            "origin": "PORTUGAL",
            "destination": "McIntosh Intersection",
            "name": "40-MSC MARTA-24:73:PORTUGAL"
        },
        {
            "EAT": 12960,
            "LDT": 15840,
            "cargo_categories": [
                "Non-hazardous"
            ],
            "delay_cost": 0,
            "group_uuid": "39d417e8-0885-484c-879b-011a2db80a51",
            "source": "Berth 32",
            "transportation_methods": [
                "Roadway",
                "Sea",
                "Transloading"
            ],
            "shipper": "MSC",
            "nTEU": 2,
            "origin": "ITALY",
            "destination": "McIntosh Intersection",
            "name": "40-MSC MARTA-25:22:ITALY"
        },
        {
            "EAT": 12960,
            "LDT": 15840,
            "cargo_categories": [
                "Non-hazardous"
            ],
            "delay_cost": 0,
            "group_uuid": "39d417e8-0885-484c-879b-011a2db80a51",
            "source": "Berth 32",
            "transportation_methods": [
                "Roadway",
                "Sea",
                "Transloading"
            ],
            "shipper": "MSC",
            "nTEU": 9,
            "origin": "COLOMBIA",
            "destination": "McIntosh Intersection",
            "name": "40-MSC MARTA-26:20:COLOMBIA"
        },
        {
            "EAT": 12960,
            "LDT": 15840,
            "cargo_categories": [
                "Non-hazardous"
            ],
            "delay_cost": 0,
            "group_uuid": "39d417e8-0885-484c-879b-011a2db80a51",
            "source": "Berth 32",
            "transportation_methods": [
                "Roadway",
                "Sea",
                "Transloading"
            ],
            "shipper": "FIT",
            "nTEU": 1,
            "origin": "ECUADOR",
            "destination": "McIntosh Intersection",
            "name": "40-MSC MARTA-27:34:ECUADOR"
        }
    ]
}