{
    "commodities": [
        {
            "EAT": 11520,
            "LDT": 14400,
            "cargo_categories": [
                "Non-hazardous"
            ],
            "delay_cost": 0,
            "group_uuid": "a2065ea3-8d6b-4bf7-8fd3-30df99e7897d",
            "source": "Berth 33",
            "transportation_methods": [
                "Roadway",
                "Sea",
                "Transloading"
            ],
            "shipper": "Crowley",
            "nTEU": 42,
            "origin": "PERU",
            "destination": "McIntosh Intersection",
            "name": "39-TUCANA J-0:7:PERU"
        },
        {
            "EAT": 11520,
            "LDT": 14400,
            "cargo_categories": [
                "Non-hazardous"
            ],
            "delay_cost": 0,
            "group_uuid": "a2065ea3-8d6b-4bf7-8fd3-30df99e7897d",
            "source": "Berth 33",
            "transportation_methods": [
                "Roadway",
                "Sea",
                "Transloading"
            ],
            "shipper": "Crowley",
            "nTEU": 7,
            "origin": "SPAIN-S",
            "destination": "McIntosh Intersection",
            "name": "39-TUCANA J-1:39:SPAIN-S"
        },
        {
            "EAT": 11520,
            "LDT": 14400,
            "cargo_categories": [
                "Non-hazardous"
            ],
            "delay_cost": 0,
            "group_uuid": "a2065ea3-8d6b-4bf7-8fd3-30df99e7897d",
            "source": "Berth 33",
            "transportation_methods": [
                "Roadway",
                "Sea",
                "Transloading"
            ],
            "shipper": "Crowley",
            "nTEU": 2,
            "origin": "ITALY",
            "destination": "McIntosh Intersection",
            "name": "39-TUCANA J-2:22:ITALY"
        },
        {
            "EAT": 11520,
            "LDT": 14400,
            "cargo_categories": [
                "Non-hazardous"
            ],
            "delay_cost": 0,
            "group_uuid": "a2065ea3-8d6b-4bf7-8fd3-30df99e7897d",
            "source": "Berth 33",
            "transportation_methods": [
                "Roadway",
                "Sea",
                "Transloading"
            ],
            "shipper": "Crowley",
            "nTEU": 1,
            "origin": "GUATEMALA",
            "destination": "McIntosh Intersection",
            "name": "39-TUCANA J-3:54:GUATEMALA"
        },
        {
            "EAT": 11520,
            "LDT": 14400,
            "cargo_categories": [
                "Non-hazardous"
            ],
            "delay_cost": 0,
            "group_uuid": "a2065ea3-8d6b-4bf7-8fd3-30df99e7897d",
            "source": "Berth 33",
            "transportation_methods": [
                "Roadway",
                "Sea",
                "Transloading"
            ],
            "shipper": "Crowley",
            "nTEU": 3,
            "origin": "PANAMA",
            "destination": "McIntosh Intersection",
            "name": "39-TUCANA J-4:19:PANAMA"
        },
        {
            "EAT": 11520,
            "LDT": 14400,
            "cargo_categories": [
                "Non-hazardous"
            ],
            "delay_cost": 0,
            "group_uuid": "a2065ea3-8d6b-4bf7-8fd3-30df99e7897d",
            "source": "Berth 33",
            "transportation_methods": [
                "Roadway",
                "Sea",
                "Transloading"
            ],
            "shipper": "Crowley",
            "nTEU": 1,
            "origin": "VIRGIN ISLAND",
            "destination": "McIntosh Intersection",
            "name": "39-TUCANA J-5:72:VIRGIN ISLAND"
        },
        {
            "EAT": 11520,
            "LDT": 14400,
            "cargo_categories": [
                "Non-hazardous"
            ],
            "delay_cost": 0,
            "group_uuid": "a2065ea3-8d6b-4bf7-8fd3-30df99e7897d",
            "source": "Berth 33",
            "transportation_methods": [
                "Roadway",
                "Sea",
                "Transloading"
            ],
            "shipper": "Crowley",
            "nTEU": 9,
            "origin": "COLOMBIA",
            "destination": "McIntosh Intersection",
            "name": "39-TUCANA J-6:42:COLOMBIA"
        },
        {
            "EAT": 11520,
            "LDT": 14400,
            "cargo_categories": [
                "Non-hazardous"
            ],
            "delay_cost": 0,
            "group_uuid": "a2065ea3-8d6b-4bf7-8fd3-30df99e7897d",
            "source": "Berth 33",
            "transportation_methods": [
                "Roadway",
                "Sea",
                "Transloading"
            ],
            "shipper": "Crowley",
            "nTEU": 0,
            "origin": "GERMANY",
            "destination": "McIntosh Intersection",
            "name": "39-TUCANA J-7:95:GERMANY"
        },
        {
            "EAT": 11520,
            "LDT": 14400,
            "cargo_categories": [
                "Non-hazardous"
            ],
            "delay_cost": 0,
            "group_uuid": "a2065ea3-8d6b-4bf7-8fd3-30df99e7897d",
            "source": "Berth 33",
            "transportation_methods": [
                "Roadway",
                "Sea",
                "Transloading"
            ],
            "shipper": "Crowley",
            "nTEU": 9,
            "origin": "ITALY",
            "destination": "McIntosh Intersection",
            "name": "39-TUCANA J-8:85:ITALY"
        },
        {
            "EAT": 11520,
            "LDT": 14400,
            "cargo_categories": [
                "Non-hazardous"
            ],
            "delay_cost": 0,
            "group_uuid": "a2065ea3-8d6b-4bf7-8fd3-30df99e7897d",
            "source": "Berth 33",
            "transportation_methods": [
                "Roadway",
                "Sea",
                "Transloading"
            ],
            "shipper": "Crowley",
            "nTEU": 42,
            "origin": "GERMANY",
            "destination": "McIntosh Intersection",
            "name": "39-TUCANA J-9::GERMANY"
        },
        {
            "EAT": 11520,
            "LDT": 14400,
            "cargo_categories": [
                "Non-hazardous"
            ],
            "delay_cost": 0,
            "group_uuid": "a2065ea3-8d6b-4bf7-8fd3-30df99e7897d",
            "source": "Berth 33",
            "transportation_methods": [
                "Roadway",
                "Sea",
                "Transloading"
            ],
            "shipper": "Crowley",
            "nTEU": 2,
            "origin": "COSTA RICA",
            "destination": "McIntosh Intersection",
            "name": "39-TUCANA J-10:6:COSTA RICA"
        },
        {
            "EAT": 11520,
            "LDT": 14400,
            "cargo_categories": [
                "Non-hazardous"
            ],
            "delay_cost": 0,
            "group_uuid": "a2065ea3-8d6b-4bf7-8fd3-30df99e7897d",
            "source": "Berth 33",
            "transportation_methods": [
                "Roadway",
                "Sea",
                "Transloading"
            ],
            "shipper": "Crowley",
            "nTEU": 1,
            "origin": "PERU",
            "destination": "McIntosh Intersection",
            "name": "39-TUCANA J-11:94:PERU"
        },
        {
            "EAT": 11520,
            "LDT": 14400,
            "cargo_categories": [
                "Non-hazardous"
            ],
            "delay_cost": 0,
            "group_uuid": "a2065ea3-8d6b-4bf7-8fd3-30df99e7897d",
            "source": "Berth 33",
            "transportation_methods": [
                "Roadway",
                "Sea",
                "Transloading"
            ],
            "shipper": "Crowley",
            "nTEU": 7,
            "origin": "UNITED KINGDOM",
            "destination": "McIntosh Intersection",
            "name": "39-TUCANA J-12:84:UNITED KINGDOM"
        },
        {
            "EAT": 11520,
            "LDT": 14400,
            "cargo_categories": [
                "Non-hazardous"
            ],
            "delay_cost": 0,
            "group_uuid": "a2065ea3-8d6b-4bf7-8fd3-30df99e7897d",
            "source": "Berth 33",
            "transportation_methods": [
                "Roadway",
                "Sea",
                "Transloading"
            ],
            "shipper": "Crowley",
            "nTEU": 9,
            "origin": "HONDURAS",
            "destination": "McIntosh Intersection",
            "name": "39-TUCANA J-13:74:HONDURAS"
        },
        {
            "EAT": 11520,
            "LDT": 14400,
            "cargo_categories": [
                "Non-hazardous"
            ],
            "delay_cost": 0,
            "group_uuid": "a2065ea3-8d6b-4bf7-8fd3-30df99e7897d",
            "source": "Berth 33",
            "transportation_methods": [
                "Roadway",
                "Sea",
                "Transloading"
            ],
            "shipper": "Crowley",
            "nTEU": 3,
            "origin": "GUATEMALA",
            "destination": "McIntosh Intersection",
            "name": "39-TUCANA J-14:90:GUATEMALA"
        },
        {
            "EAT": 11520,
            "LDT": 14400,
            "cargo_categories": [
                "Non-hazardous"
            ],
            "delay_cost": 0,
            "group_uuid": "a2065ea3-8d6b-4bf7-8fd3-30df99e7897d",
            "source": "Berth 33",
            "transportation_methods": [
                "Roadway",
                "Sea",
                "Transloading"
            ],
            "shipper": "Crowley",
            "nTEU": 3,
            "origin": "DOMINICAN REPUBLIC",
            "destination": "McIntosh Intersection",
            "name": "39-TUCANA J-15:24:DOMINICAN REPUBLIC"
        },
        {
            "EAT": 11520,
            "LDT": 14400,
            "cargo_categories": [
                "Non-hazardous"
            ],
            "delay_cost": 0,
            "group_uuid": "a2065ea3-8d6b-4bf7-8fd3-30df99e7897d",
            "source": "Berth 33",
            "transportation_methods": [
                "Roadway",
                "Sea",
                "Transloading"
            ],
            "shipper": "Crowley",
            "nTEU": 9,
            "origin": "PORTUGAL",
            "destination": "McIntosh Intersection",
            "name": "39-TUCANA J-16:21:PORTUGAL"
        },
        {
            "EAT": 11520,
            "LDT": 14400,
            "cargo_categories": [
                "Non-hazardous"
            ],
            "delay_cost": 0,
            "group_uuid": "a2065ea3-8d6b-4bf7-8fd3-30df99e7897d",
            "source": "Berth 33",
            "transportation_methods": [
                "Roadway",
                "Sea",
                "Transloading"
            ],
            "shipper": "Crowley",
            "nTEU": 2,
            "origin": "ITALY",
            "destination": "McIntosh Intersection",
            "name": "39-TUCANA J-17:87:ITALY"
        },
        {
            "EAT": 11520,
            "LDT": 14400,
            "cargo_categories": [
                "Non-hazardous"
            ],
            "delay_cost": 0,
            "group_uuid": "a2065ea3-8d6b-4bf7-8fd3-30df99e7897d",
            "source": "Berth 33",
            "transportation_methods": [
                "Roadway",
                "Sea",
                "Transloading"
            ],
            "shipper": "Crowley",
            "nTEU": 153,
            "origin": "HAITI",
            "destination": "McIntosh Intersection",
            "name": "39-TUCANA J-18:62:HAITI"
        },
        {
            "EAT": 11520,
            "LDT": 14400,
            "cargo_categories": [
                "Non-hazardous"
            ],
            "delay_cost": 0,
            "group_uuid": "a2065ea3-8d6b-4bf7-8fd3-30df99e7897d",
            "source": "Berth 33",
            "transportation_methods": [
                "Roadway",
                "Sea",
                "Transloading"
            ],
            "shipper": "Crowley",
            "nTEU": 38,
            "origin": "COLOMBIA",
            "destination": "McIntosh Intersection",
            "name": "39-TUCANA J-19:8:COLOMBIA"
        },
        {
            "EAT": 11520,
            "LDT": 14400,
            "cargo_categories": [
                "Non-hazardous"
            ],
            "delay_cost": 0,
            "group_uuid": "a2065ea3-8d6b-4bf7-8fd3-30df99e7897d",
            "source": "Berth 33",
            "transportation_methods": [
                "Roadway",
                "Sea",
                "Transloading"
            ],
            "shipper": "Crowley",
            "nTEU": 19,
            "origin": "UNITED KINGDOM",
            "destination": "McIntosh Intersection",
            "name": "39-TUCANA J-20:52:UNITED KINGDOM"
        },
        {
            "EAT": 11520,
            "LDT": 14400,
            "cargo_categories": [
                "Non-hazardous"
            ],
            "delay_cost": 0,
            "group_uuid": "a2065ea3-8d6b-4bf7-8fd3-30df99e7897d",
            "source": "Berth 33",
            "transportation_methods": [
                "Roadway",
                "Sea",
                "Transloading"
            ],
            "shipper": "Crowley",
            "nTEU": 47,
            "origin": "GUATEMALA",
            "destination": "McIntosh Intersection",
            "name": "39-TUCANA J-21:61:GUATEMALA"
        }
    ]
}