{
    "commodities": [
        {
            "EAT": 14400,
            "LDT": 15840,
            "cargo_categories": [
                "Non-hazardous"
            ],
            "delay_cost": 0,
            "group_uuid": "9dbd3704-ffcf-49a1-a6f3-2db1b3b69813",
            "source": "Berth 33",
            "transportation_methods": [
                "Roadway",
                "Sea",
                "Transloading"
            ],
            "shipper": "Crowley",
            "nTEU": 1,
            "origin": "BAHAMAS",
            "destination": "McIntosh Intersection",
            "name": "46-AS FEDERICA-0:81:BAHAMAS"
        },
        {
            "EAT": 14400,
            "LDT": 15840,
            "cargo_categories": [
                "Non-hazardous"
            ],
            "delay_cost": 0,
            "group_uuid": "9dbd3704-ffcf-49a1-a6f3-2db1b3b69813",
            "source": "Berth 33",
            "transportation_methods": [
                "Roadway",
                "Sea",
                "Transloading"
            ],
            "shipper": "King Ocean",
            "nTEU": 0,
            "origin": "BAHAMAS",
            "destination": "McIntosh Intersection",
            "name": "46-AS FEDERICA-1:86:BAHAMAS"
        },
        {
            "EAT": 14400,
            "LDT": 15840,
            "cargo_categories": [
                "Non-hazardous"
            ],
            "delay_cost": 0,
            "group_uuid": "9dbd3704-ffcf-49a1-a6f3-2db1b3b69813",
            "source": "Berth 33",
            "transportation_methods": [
                "Roadway",
                "Sea",
                "Transloading"
            ],
            "shipper": "Crowley",
            "nTEU": 8,
            "origin": "HONDURAS",
            "destination": "McIntosh Intersection",
            "name": "46-AS FEDERICA-2::HONDURAS"
        },
        {
            "EAT": 14400,
            "LDT": 15840,
            "cargo_categories": [
                "Non-hazardous"
            ],
            "delay_cost": 0,
            "group_uuid": "9dbd3704-ffcf-49a1-a6f3-2db1b3b69813",
            "source": "Berth 33",
            "transportation_methods": [
                "Roadway",
                "Sea",
                "Transloading"
            ],
            "shipper": "Crowley",
            "nTEU": 1,
            "origin": "BAHAMAS",
            "destination": "McIntosh Intersection",
            "name": "46-AS FEDERICA-3:39:BAHAMAS"
        },
        {
            "EAT": 14400,
            "LDT": 15840,
            "cargo_categories": [
                "Non-hazardous"
            ],
            "delay_cost": 0,
            "group_uuid": "9dbd3704-ffcf-49a1-a6f3-2db1b3b69813",
            "source": "Berth 33",
            "transportation_methods": [
                "Roadway",
                "Sea",
                "Transloading"
            ],
            "shipper": "Crowley",
            "nTEU": 10,
            "origin": "DOMINICAN REPUBLIC",
            "destination": "McIntosh Intersection",
            "name": "46-AS FEDERICA-4:73:DOMINICAN REPUBLIC"
        },
        {
            "EAT": 14400,
            "LDT": 15840,
            "cargo_categories": [
                "Non-hazardous"
            ],
            "delay_cost": 0,
            "group_uuid": "9dbd3704-ffcf-49a1-a6f3-2db1b3b69813",
            "source": "Berth 33",
            "transportation_methods": [
                "Roadway",
                "Sea",
                "Transloading"
            ],
            "shipper": "Crowley",
            "nTEU": 1,
            "origin": "GUATEMALA",
            "destination": "McIntosh Intersection",
            "name": "46-AS FEDERICA-5:63:GUATEMALA"
        },
        {
            "EAT": 14400,
            "LDT": 15840,
            "cargo_categories": [
                "Non-hazardous"
            ],
            "delay_cost": 0,
            "group_uuid": "9dbd3704-ffcf-49a1-a6f3-2db1b3b69813",
            "source": "Berth 33",
            "transportation_methods": [
                "Roadway",
                "Sea",
                "Transloading"
            ],
            "shipper": "Crowley",
            "nTEU": 1,
            "origin": "PANAMA",
            "destination": "McIntosh Intersection",
            "name": "46-AS FEDERICA-6:84:PANAMA"
        },
        {
            "EAT": 14400,
            "LDT": 15840,
            "cargo_categories": [
                "Non-hazardous"
            ],
            "delay_cost": 0,
            "group_uuid": "9dbd3704-ffcf-49a1-a6f3-2db1b3b69813",
            "source": "Berth 33",
            "transportation_methods": [
                "Roadway",
                "Sea",
                "Transloading"
            ],
            "shipper": "Crowley",
            "nTEU": 18,
            "origin": "ITALY",
            "destination": "McIntosh Intersection",
            "name": "46-AS FEDERICA-7:87:ITALY"
        },
        {
            "EAT": 14400,
            "LDT": 15840,
            "cargo_categories": [
                "Non-hazardous"
            ],
            "delay_cost": 0,
            "group_uuid": "9dbd3704-ffcf-49a1-a6f3-2db1b3b69813",
            "source": "Berth 33",
            "transportation_methods": [
                "Roadway",
                "Sea",
                "Transloading"
            ],
            "shipper": "Crowley",
            "nTEU": 1,
            "origin": "NICARAGUA",
            "destination": "McIntosh Intersection",
            "name": "46-AS FEDERICA-8:62:NICARAGUA"
        },
        {
            "EAT": 14400,
            "LDT": 15840,
            "cargo_categories": [
                "Non-hazardous"
            ],
            "delay_cost": 0,
            "group_uuid": "9dbd3704-ffcf-49a1-a6f3-2db1b3b69813",
            "source": "Berth 33",
            "transportation_methods": [
                "Roadway",
                "Sea",
                "Transloading"
            ],
            "shipper": "Crowley",
            "nTEU": 1,
            "origin": "BELGIUM",
            "destination": "McIntosh Intersection",
            "name": "46-AS FEDERICA-9:28:BELGIUM"
        },
        {
            "EAT": 14400,
            "LDT": 15840,
            "cargo_categories": [
                "Non-hazardous"
            ],
            "delay_cost": 0,
            "group_uuid": "9dbd3704-ffcf-49a1-a6f3-2db1b3b69813",
            "source": "Berth 33",
            "transportation_methods": [
                "Roadway",
                "Sea",
                "Transloading"
            ],
            "shipper": "Crowley",
            "nTEU": 1,
            "origin": "DOMINICAN REPUBLIC",
            "destination": "McIntosh Intersection",
            "name": "46-AS FEDERICA-10:85:DOMINICAN REPUBLIC"
        },
        {
            "EAT": 14400,
            "LDT": 15840,
            "cargo_categories": [
                "Non-hazardous"
            ],
            "delay_cost": 0,
            "group_uuid": "9dbd3704-ffcf-49a1-a6f3-2db1b3b69813",
            "source": "Berth 33",
            "transportation_methods": [
                "Roadway",
                "Sea",
                "Transloading"
            ],
            "shipper": "Crowley",
            "nTEU": 3,
            "origin": "COLOMBIA",
            "destination": "McIntosh Intersection",
            "name": "46-AS FEDERICA-11:22:COLOMBIA"
        },
        {
            "EAT": 14400,
            "LDT": 15840,
            "cargo_categories": [
                "Non-hazardous"
            ],
            "delay_cost": 0,
            "group_uuid": "9dbd3704-ffcf-49a1-a6f3-2db1b3b69813",
            "source": "Berth 33",
            "transportation_methods": [
                "Roadway",
                "Sea",
                "Transloading"
            ],
            "shipper": "Crowley",
            "nTEU": 1,
            "origin": "SPAIN-S",
            "destination": "McIntosh Intersection",
            "name": "46-AS FEDERICA-12:20:SPAIN-S"
        },
        {
            "EAT": 14400,
            "LDT": 15840,
            "cargo_categories": [
                "Non-hazardous"
            ],
            "delay_cost": 0,
            "group_uuid": "9dbd3704-ffcf-49a1-a6f3-2db1b3b69813",
            "source": "Berth 33",
            "transportation_methods": [
                "Roadway",
                "Sea",
                "Transloading"
            ],
            "shipper": "Crowley",
            "nTEU": 1,
            "origin": "GERMANY",
            "destination": "McIntosh Intersection",
            "name": "46-AS FEDERICA-13:49:GERMANY"
        },
        {
            "EAT": 14400,
            "LDT": 15840,
            "cargo_categories": [
                "Non-hazardous"
            ],
            "delay_cost": 0,
            "group_uuid": "9dbd3704-ffcf-49a1-a6f3-2db1b3b69813",
            "source": "Berth 33",
            "transportation_methods": [
                "Roadway",
                "Sea",
                "Transloading"
            ],
            "shipper": "Crowley",
            "nTEU": 2,
            "origin": "ITALY",
            "destination": "McIntosh Intersection",
            "name": "46-AS FEDERICA-14:23:ITALY"
        },
        {
            "EAT": 14400,
            "LDT": 15840,
            "cargo_categories": [
                "Non-hazardous"
            ],
            "delay_cost": 0,
            "group_uuid": "9dbd3704-ffcf-49a1-a6f3-2db1b3b69813",
            "source": "Berth 33",
            "transportation_methods": [
                "Roadway",
                "Sea",
                "Transloading"
            ],
            "shipper": "Crowley",
            "nTEU": 4,
            "origin": "COSTA RICA",
            "destination": "McIntosh Intersection",
            "name": "46-AS FEDERICA-15:94:COSTA RICA"
        },
        {
            "EAT": 14400,
            "LDT": 15840,
            "cargo_categories": [
                "Non-hazardous"
            ],
            "delay_cost": 0,
            "group_uuid": "9dbd3704-ffcf-49a1-a6f3-2db1b3b69813",
            "source": "Berth 33",
            "transportation_methods": [
                "Roadway",
                "Sea",
                "Transloading"
            ],
            "shipper": "Crowley",
            "nTEU": 2,
            "origin": "COSTA RICA",
            "destination": "McIntosh Intersection",
            "name": "46-AS FEDERICA-16:40:COSTA RICA"
        },
        {
            "EAT": 14400,
            "LDT": 15840,
            "cargo_categories": [
                "Non-hazardous"
            ],
            "delay_cost": 0,
            "group_uuid": "9dbd3704-ffcf-49a1-a6f3-2db1b3b69813",
            "source": "Berth 33",
            "transportation_methods": [
                "Roadway",
                "Sea",
                "Transloading"
            ],
            "shipper": "Crowley",
            "nTEU": 1,
            "origin": "HONDURAS",
            "destination": "McIntosh Intersection",
            "name": "46-AS FEDERICA-17:48:HONDURAS"
        }
    ]
}