{
    "commodities": [
        {
            "EAT": 17280,
            "LDT": 18720,
            "cargo_categories": [
                "Non-hazardous"
            ],
            "delay_cost": 0,
            "group_uuid": "d2cb5cb6-5046-4899-a071-d370e95396a4",
            "source": "Berth 30",
            "transportation_methods": [
                "Roadway",
                "Sea",
                "Transloading"
            ],
            "shipper": "FIT",
            "nTEU": 2,
            "origin": "BAHAMAS",
            "destination": "McIntosh Intersection",
            "name": "57-CHARLESTON EXPRESS-0:94:BAHAMAS"
        },
        {
            "EAT": 17280,
            "LDT": 18720,
            "cargo_categories": [
                "Non-hazardous"
            ],
            "delay_cost": 0,
            "group_uuid": "d2cb5cb6-5046-4899-a071-d370e95396a4",
            "source": "Berth 30",
            "transportation_methods": [
                "Roadway",
                "Sea",
                "Transloading"
            ],
            "shipper": "FIT",
            "nTEU": 1,
            "origin": "SPAIN-S",
            "destination": "McIntosh Intersection",
            "name": "57-CHARLESTON EXPRESS-1:80:SPAIN-S"
        },
        {
            "EAT": 17280,
            "LDT": 18720,
            "cargo_categories": [
                "Non-hazardous"
            ],
            "delay_cost": 0,
            "group_uuid": "d2cb5cb6-5046-4899-a071-d370e95396a4",
            "source": "Berth 30",
            "transportation_methods": [
                "Roadway",
                "Sea",
                "Transloading"
            ],
            "shipper": "FIT",
            "nTEU": 2,
            "origin": "ECUADOR",
            "destination": "McIntosh Intersection",
            "name": "57-CHARLESTON EXPRESS-2:49:ECUADOR"
        },
        {
            "EAT": 17280,
            "LDT": 18720,
            "cargo_categories": [
                "Non-hazardous"
            ],
            "delay_cost": 0,
            "group_uuid": "d2cb5cb6-5046-4899-a071-d370e95396a4",
            "source": "Berth 30",
            "transportation_methods": [
                "Roadway",
                "Sea",
                "Transloading"
            ],
            "shipper": "FIT",
            "nTEU": 2,
            "origin": "ITALY",
            "destination": "McIntosh Intersection",
            "name": "57-CHARLESTON EXPRESS-3:88:ITALY"
        },
        {
            "EAT": 17280,
            "LDT": 18720,
            "cargo_categories": [
                "Non-hazardous"
            ],
            "delay_cost": 0,
            "group_uuid": "d2cb5cb6-5046-4899-a071-d370e95396a4",
            "source": "Berth 30",
            "transportation_methods": [
                "Roadway",
                "Sea",
                "Transloading"
            ],
            "shipper": "FIT",
            "nTEU": 2,
            "origin": "PORTUGAL",
            "destination": "McIntosh Intersection",
            "name": "57-CHARLESTON EXPRESS-4:25:PORTUGAL"
        },
        {
            "EAT": 17280,
            "LDT": 18720,
            "cargo_categories": [
                "Non-hazardous"
            ],
            "delay_cost": 0,
            "group_uuid": "d2cb5cb6-5046-4899-a071-d370e95396a4",
            "source": "Berth 30",
            "transportation_methods": [
                "Roadway",
                "Sea",
                "Transloading"
            ],
            "shipper": "FIT",
            "nTEU": 3,
            "origin": "UNITED KINGDOM",
            "destination": "McIntosh Intersection",
            "name": "57-CHARLESTON EXPRESS-5:38:UNITED KINGDOM"
        },
        {
            "EAT": 17280,
            "LDT": 18720,
            "cargo_categories": [
                "Non-hazardous"
            ],
            "delay_cost": 0,
            "group_uuid": "d2cb5cb6-5046-4899-a071-d370e95396a4",
            "source": "Berth 30",
            "transportation_methods": [
                "Roadway",
                "Sea",
                "Transloading"
            ],
            "shipper": "FIT",
            "nTEU": 33,
            "origin": "GERMANY",
            "destination": "McIntosh Intersection",
            "name": "57-CHARLESTON EXPRESS-6:89:GERMANY"
        },
        {
            "EAT": 17280,
            "LDT": 18720,
            "cargo_categories": [
                "Non-hazardous"
            ],
            "delay_cost": 0,
            "group_uuid": "d2cb5cb6-5046-4899-a071-d370e95396a4",
            "source": "Berth 30",
            "transportation_methods": [
                "Roadway",
                "Sea",
                "Transloading"
            ],
            "shipper": "FIT",
            "nTEU": 23,
            "origin": "BELGIUM",
            "destination": "McIntosh Intersection",
            "name": "57-CHARLESTON EXPRESS-7:18:BELGIUM"
        },
        {
            "EAT": 17280,
            "LDT": 18720,
            "cargo_categories": [
                "Non-hazardous"
            ],
            "delay_cost": 0,
            "group_uuid": "d2cb5cb6-5046-4899-a071-d370e95396a4",
            "source": "Berth 30",
            "transportation_methods": [
                "Roadway",
                "Sea",
                "Transloading"
            ],
            "shipper": "FIT",
            "nTEU": 1,
            "origin": "BRAZIL",
            "destination": "McIntosh Intersection",
            "name": "57-CHARLESTON EXPRESS-8:97:BRAZIL"
        },
        {
            "EAT": 17280,
            "LDT": 18720,
            "cargo_categories": [
                "Non-hazardous"
            ],
            "delay_cost": 0,
            "group_uuid": "d2cb5cb6-5046-4899-a071-d370e95396a4",
            "source": "Berth 30",
            "transportation_methods": [
                "Roadway",
                "Sea",
                "Transloading"
            ],
            "shipper": "FIT",
            "nTEU": 20,
            "origin": "BRAZIL",
            "destination": "McIntosh Intersection",
            "name": "57-CHARLESTON EXPRESS-9:19:BRAZIL"
        },
        {
            "EAT": 17280,
            "LDT": 18720,
            "cargo_categories": [
                "Non-hazardous"
            ],
            "delay_cost": 0,
            "group_uuid": "d2cb5cb6-5046-4899-a071-d370e95396a4",
            "source": "Berth 30",
            "transportation_methods": [
                "Roadway",
                "Sea",
                "Transloading"
            ],
            "shipper": "FIT",
            "nTEU": 6,
            "origin": "DOMINICAN REPUBLIC",
            "destination": "McIntosh Intersection",
            "name": "57-CHARLESTON EXPRESS-10:28:DOMINICAN REPUBLIC"
        },
        {
            "EAT": 17280,
            "LDT": 18720,
            "cargo_categories": [
                "Non-hazardous"
            ],
            "delay_cost": 0,
            "group_uuid": "d2cb5cb6-5046-4899-a071-d370e95396a4",
            "source": "Berth 30",
            "transportation_methods": [
                "Roadway",
                "Sea",
                "Transloading"
            ],
            "shipper": "FIT",
            "nTEU": 1,
            "origin": "ITALY",
            "destination": "McIntosh Intersection",
            "name": "57-CHARLESTON EXPRESS-11:87:ITALY"
        },
        {
            "EAT": 17280,
            "LDT": 18720,
            "cargo_categories": [
                "Non-hazardous"
            ],
            "delay_cost": 0,
            "group_uuid": "d2cb5cb6-5046-4899-a071-d370e95396a4",
            "source": "Berth 30",
            "transportation_methods": [
                "Roadway",
                "Sea",
                "Transloading"
            ],
            "shipper": "FIT",
            "nTEU": 34,
            "origin": "CHILE",
            "destination": "McIntosh Intersection",
            "name": "57-CHARLESTON EXPRESS-12:22:CHILE"
        },
        {
            "EAT": 17280,
            "LDT": 18720,
            "cargo_categories": [
                "Non-hazardous"
            ],
            "delay_cost": 0,
            "group_uuid": "d2cb5cb6-5046-4899-a071-d370e95396a4",
            "source": "Berth 30",
            "transportation_methods": [
                "Roadway",
                "Sea",
                "Transloading"
            ],
            "shipper": "FIT",
            "nTEU": 2,
            "origin": "PERU",
            "destination": "McIntosh Intersection",
            "name": "57-CHARLESTON EXPRESS-13:69:PERU"
        },
        {
            "EAT": 17280,
            "LDT": 18720,
            "cargo_categories": [
                "Non-hazardous"
            ],
            "delay_cost": 0,
            "group_uuid": "d2cb5cb6-5046-4899-a071-d370e95396a4",
            "source": "Berth 30",
            "transportation_methods": [
                "Roadway",
                "Sea",
                "Transloading"
            ],
            "shipper": "FIT",
            "nTEU": 2,
            "origin": "BELGIUM",
            "destination": "McIntosh Intersection",
            "name": "57-CHARLESTON EXPRESS-14:11:BELGIUM"
        },
        {
            "EAT": 17280,
            "LDT": 18720,
            "cargo_categories": [
                "Non-hazardous"
            ],
            "delay_cost": 0,
            "group_uuid": "d2cb5cb6-5046-4899-a071-d370e95396a4",
            "source": "Berth 30",
            "transportation_methods": [
                "Roadway",
                "Sea",
                "Transloading"
            ],
            "shipper": "FIT",
            "nTEU": 1,
            "origin": "DOMINICAN REPUBLIC",
            "destination": "McIntosh Intersection",
            "name": "57-CHARLESTON EXPRESS-15:90:DOMINICAN REPUBLIC"
        },
        {
            "EAT": 17280,
            "LDT": 18720,
            "cargo_categories": [
                "Non-hazardous"
            ],
            "delay_cost": 0,
            "group_uuid": "d2cb5cb6-5046-4899-a071-d370e95396a4",
            "source": "Berth 30",
            "transportation_methods": [
                "Roadway",
                "Sea",
                "Transloading"
            ],
            "shipper": "FIT",
            "nTEU": 1,
            "origin": "PORTUGAL",
            "destination": "McIntosh Intersection",
            "name": "57-CHARLESTON EXPRESS-16:30:PORTUGAL"
        },
        {
            "EAT": 17280,
            "LDT": 18720,
            "cargo_categories": [
                "Non-hazardous"
            ],
            "delay_cost": 0,
            "group_uuid": "d2cb5cb6-5046-4899-a071-d370e95396a4",
            "source": "Berth 30",
            "transportation_methods": [
                "Roadway",
                "Sea",
                "Transloading"
            ],
            "shipper": "FIT",
            "nTEU": 1,
            "origin": "PANAMA",
            "destination": "McIntosh Intersection",
            "name": "57-CHARLESTON EXPRESS-17:33:PANAMA"
        },
        {
            "EAT": 17280,
            "LDT": 18720,
            "cargo_categories": [
                "Non-hazardous"
            ],
            "delay_cost": 0,
            "group_uuid": "d2cb5cb6-5046-4899-a071-d370e95396a4",
            "source": "Berth 30",
            "transportation_methods": [
                "Roadway",
                "Sea",
                "Transloading"
            ],
            "shipper": "FIT",
            "nTEU": 1,
            "origin": "COLOMBIA",
            "destination": "McIntosh Intersection",
            "name": "57-CHARLESTON EXPRESS-18:21:COLOMBIA"
        },
        {
            "EAT": 17280,
            "LDT": 18720,
            "cargo_categories": [
                "Non-hazardous"
            ],
            "delay_cost": 0,
            "group_uuid": "d2cb5cb6-5046-4899-a071-d370e95396a4",
            "source": "Berth 30",
            "transportation_methods": [
                "Roadway",
                "Sea",
                "Transloading"
            ],
            "shipper": "FIT",
            "nTEU": 1,
            "origin": "BELGIUM",
            "destination": "McIntosh Intersection",
            "name": "57-CHARLESTON EXPRESS-19:34:BELGIUM"
        },
        {
            "EAT": 17280,
            "LDT": 18720,
            "cargo_categories": [
                "Non-hazardous"
            ],
            "delay_cost": 0,
            "group_uuid": "d2cb5cb6-5046-4899-a071-d370e95396a4",
            "source": "Berth 30",
            "transportation_methods": [
                "Roadway",
                "Sea",
                "Transloading"
            ],
            "shipper": "FIT",
            "nTEU": 1,
            "origin": "BAHAMAS",
            "destination": "McIntosh Intersection",
            "name": "57-CHARLESTON EXPRESS-20:68:BAHAMAS"
        },
        {
            "EAT": 17280,
            "LDT": 18720,
            "cargo_categories": [
                "Non-hazardous"
            ],
            "delay_cost": 0,
            "group_uuid": "d2cb5cb6-5046-4899-a071-d370e95396a4",
            "source": "Berth 30",
            "transportation_methods": [
                "Roadway",
                "Sea",
                "Transloading"
            ],
            "shipper": "FIT",
            "nTEU": 2,
            "origin": "HONDURAS",
            "destination": "McIntosh Intersection",
            "name": "57-CHARLESTON EXPRESS-21::HONDURAS"
        },
        {
            "EAT": 17280,
            "LDT": 18720,
            "cargo_categories": [
                "Non-hazardous"
            ],
            "delay_cost": 0,
            "group_uuid": "d2cb5cb6-5046-4899-a071-d370e95396a4",
            "source": "Berth 30",
            "transportation_methods": [
                "Roadway",
                "Sea",
                "Transloading"
            ],
            "shipper": "FIT",
            "nTEU": 1,
            "origin": "BAHAMAS",
            "destination": "McIntosh Intersection",
            "name": "57-CHARLESTON EXPRESS-22:73:BAHAMAS"
        },
        {
            "EAT": 17280,
            "LDT": 18720,
            "cargo_categories": [
                "Non-hazardous"
            ],
            "delay_cost": 0,
            "group_uuid": "d2cb5cb6-5046-4899-a071-d370e95396a4",
            "source": "Berth 30",
            "transportation_methods": [
                "Roadway",
                "Sea",
                "Transloading"
            ],
            "shipper": "FIT",
            "nTEU": 10,
            "origin": "DOMINICAN REPUBLIC",
            "destination": "McIntosh Intersection",
            "name": "57-CHARLESTON EXPRESS-23:84:DOMINICAN REPUBLIC"
        },
        {
            "EAT": 17280,
            "LDT": 18720,
            "cargo_categories": [
                "Non-hazardous"
            ],
            "delay_cost": 0,
            "group_uuid": "d2cb5cb6-5046-4899-a071-d370e95396a4",
            "source": "Berth 30",
            "transportation_methods": [
                "Roadway",
                "Sea",
                "Transloading"
            ],
            "shipper": "FIT",
            "nTEU": 2,
            "origin": "ITALY",
            "destination": "McIntosh Intersection",
            "name": "57-CHARLESTON EXPRESS-24:32:ITALY"
        },
        {
            "EAT": 17280,
            "LDT": 18720,
            "cargo_categories": [
                "Non-hazardous"
            ],
            "delay_cost": 0,
            "group_uuid": "d2cb5cb6-5046-4899-a071-d370e95396a4",
            "source": "Berth 30",
            "transportation_methods": [
                "Roadway",
                "Sea",
                "Transloading"
            ],
            "shipper": "FIT",
            "nTEU": 1,
            "origin": "SPAIN-S",
            "destination": "McIntosh Intersection",
            "name": "57-CHARLESTON EXPRESS-25:20:SPAIN-S"
        },
        {
            "EAT": 17280,
            "LDT": 18720,
            "cargo_categories": [
                "Non-hazardous"
            ],
            "delay_cost": 0,
            "group_uuid": "d2cb5cb6-5046-4899-a071-d370e95396a4",
            "source": "Berth 30",
            "transportation_methods": [
                "Roadway",
                "Sea",
                "Transloading"
            ],
            "shipper": "FIT",
            "nTEU": 4,
            "origin": "DOMINICAN REPUBLIC",
            "destination": "McIntosh Intersection",
            "name": "57-CHARLESTON EXPRESS-26:39:DOMINICAN REPUBLIC"
        },
        {
            "EAT": 17280,
            "LDT": 18720,
            "cargo_categories": [
                "Non-hazardous"
            ],
            "delay_cost": 0,
            "group_uuid": "d2cb5cb6-5046-4899-a071-d370e95396a4",
            "source": "Berth 30",
            "transportation_methods": [
                "Roadway",
                "Sea",
                "Transloading"
            ],
            "shipper": "FIT",
            "nTEU": 18,
            "origin": "GERMANY",
            "destination": "McIntosh Intersection",
            "name": "57-CHARLESTON EXPRESS-27:95:GERMANY"
        },
        {
            "EAT": 17280,
            "LDT": 18720,
            "cargo_categories": [
                "Non-hazardous"
            ],
            "delay_cost": 0,
            "group_uuid": "d2cb5cb6-5046-4899-a071-d370e95396a4",
            "source": "Berth 30",
            "transportation_methods": [
                "Roadway",
                "Sea",
                "Transloading"
            ],
            "shipper": "FIT",
            "nTEU": 1,
            "origin": "BELGIUM",
            "destination": "McIntosh Intersection",
            "name": "57-CHARLESTON EXPRESS-28:17:BELGIUM"
        },
        {
            "EAT": 17280,
            "LDT": 18720,
            "cargo_categories": [
                "Non-hazardous"
            ],
            "delay_cost": 0,
            "group_uuid": "d2cb5cb6-5046-4899-a071-d370e95396a4",
            "source": "Berth 30",
            "transportation_methods": [
                "Roadway",
                "Sea",
                "Transloading"
            ],
            "shipper": "FIT",
            "nTEU": 0,
            "origin": "COLOMBIA",
            "destination": "McIntosh Intersection",
            "name": "57-CHARLESTON EXPRESS-29:29:COLOMBIA"
        },
        {
            "EAT": 17280,
            "LDT": 18720,
            "cargo_categories": [
                "Non-hazardous"
            ],
            "delay_cost": 0,
            "group_uuid": "d2cb5cb6-5046-4899-a071-d370e95396a4",
            "source": "Berth 30",
            "transportation_methods": [
                "Roadway",
                "Sea",
                "Transloading"
            ],
            "shipper": "FIT",
            "nTEU": 1,
            "origin": "SPAIN-S",
            "destination": "McIntosh Intersection",
            "name": "57-CHARLESTON EXPRESS-30:85:SPAIN-S"
        },
        {
            "EAT": 17280,
            "LDT": 18720,
            "cargo_categories": [
                "Non-hazardous"
            ],
            "delay_cost": 0,
            "group_uuid": "d2cb5cb6-5046-4899-a071-d370e95396a4",
            "source": "Berth 30",
            "transportation_methods": [
                "Roadway",
                "Sea",
                "Transloading"
            ],
            "shipper": "FIT",
            "nTEU": 6,
            "origin": "SPAIN-S",
            "destination": "McIntosh Intersection",
            "name": "57-CHARLESTON EXPRESS-31:76:SPAIN-S"
        },
        {
            "EAT": 17280,
            "LDT": 18720,
            "cargo_categories": [
                "Non-hazardous"
            ],
            "delay_cost": 0,
            "group_uuid": "d2cb5cb6-5046-4899-a071-d370e95396a4",
            "source": "Berth 30",
            "transportation_methods": [
                "Roadway",
                "Sea",
                "Transloading"
            ],
            "shipper": "FIT",
            "nTEU": 1,
            "origin": "TURKS AND CAICOS IS",
            "destination": "McIntosh Intersection",
            "name": "57-CHARLESTON EXPRESS-32:86:TURKS AND CAICOS IS"
        },
        {
            "EAT": 17280,
            "LDT": 18720,
            "cargo_categories": [
                "Non-hazardous"
            ],
            "delay_cost": 0,
            "group_uuid": "d2cb5cb6-5046-4899-a071-d370e95396a4",
            "source": "Berth 30",
            "transportation_methods": [
                "Roadway",
                "Sea",
                "Transloading"
            ],
            "shipper": "FIT",
            "nTEU": 1,
            "origin": "ITALY",
            "destination": "McIntosh Intersection",
            "name": "57-CHARLESTON EXPRESS-33:31:ITALY"
        },
        {
            "EAT": 17280,
            "LDT": 18720,
            "cargo_categories": [
                "Non-hazardous"
            ],
            "delay_cost": 0,
            "group_uuid": "d2cb5cb6-5046-4899-a071-d370e95396a4",
            "source": "Berth 30",
            "transportation_methods": [
                "Roadway",
                "Sea",
                "Transloading"
            ],
            "shipper": "FIT",
            "nTEU": 5,
            "origin": "HONDURAS",
            "destination": "McIntosh Intersection",
            "name": "57-CHARLESTON EXPRESS-34:48:HONDURAS"
        },
        {
            "EAT": 17280,
            "LDT": 18720,
            "cargo_categories": [
                "Non-hazardous"
            ],
            "delay_cost": 0,
            "group_uuid": "d2cb5cb6-5046-4899-a071-d370e95396a4",
            "source": "Berth 30",
            "transportation_methods": [
                "Roadway",
                "Sea",
                "Transloading"
            ],
            "shipper": "FIT",
            "nTEU": 3,
            "origin": "GUATEMALA",
            "destination": "McIntosh Intersection",
            "name": "57-CHARLESTON EXPRESS-35:63:GUATEMALA"
        },
        {
            "EAT": 17280,
            "LDT": 18720,
            "cargo_categories": [
                "Non-hazardous"
            ],
            "delay_cost": 0,
            "group_uuid": "d2cb5cb6-5046-4899-a071-d370e95396a4",
            "source": "Berth 30",
            "transportation_methods": [
                "Roadway",
                "Sea",
                "Transloading"
            ],
            "shipper": "FIT",
            "nTEU": 2,
            "origin": "HONDURAS",
            "destination": "McIntosh Intersection",
            "name": "57-CHARLESTON EXPRESS-36:3:HONDURAS"
        },
        {
            "EAT": 17280,
            "LDT": 18720,
            "cargo_categories": [
                "Non-hazardous"
            ],
            "delay_cost": 0,
            "group_uuid": "d2cb5cb6-5046-4899-a071-d370e95396a4",
            "source": "Berth 30",
            "transportation_methods": [
                "Roadway",
                "Sea",
                "Transloading"
            ],
            "shipper": "FIT",
            "nTEU": 2,
            "origin": "COLOMBIA",
            "destination": "McIntosh Intersection",
            "name": "57-CHARLESTON EXPRESS-37:70:COLOMBIA"
        },
        {
            "EAT": 17280,
            "LDT": 18720,
            "cargo_categories": [
                "Non-hazardous"
            ],
            "delay_cost": 0,
            "group_uuid": "d2cb5cb6-5046-4899-a071-d370e95396a4",
            "source": "Berth 30",
            "transportation_methods": [
                "Roadway",
                "Sea",
                "Transloading"
            ],
            "shipper": "FIT",
            "nTEU": 10,
            "origin": "BRAZIL",
            "destination": "McIntosh Intersection",
            "name": "57-CHARLESTON EXPRESS-38:44:BRAZIL"
        },
        {
            "EAT": 17280,
            "LDT": 18720,
            "cargo_categories": [
                "Non-hazardous"
            ],
            "delay_cost": 0,
            "group_uuid": "d2cb5cb6-5046-4899-a071-d370e95396a4",
            "source": "Berth 30",
            "transportation_methods": [
                "Roadway",
                "Sea",
                "Transloading"
            ],
            "shipper": "FIT",
            "nTEU": 0,
            "origin": "UNITED KINGDOM",
            "destination": "McIntosh Intersection",
            "name": "57-CHARLESTON EXPRESS-39:27:UNITED KINGDOM"
        },
        {
            "EAT": 17280,
            "LDT": 18720,
            "cargo_categories": [
                "Non-hazardous"
            ],
            "delay_cost": 0,
            "group_uuid": "d2cb5cb6-5046-4899-a071-d370e95396a4",
            "source": "Berth 30",
            "transportation_methods": [
                "Roadway",
                "Sea",
                "Transloading"
            ],
            "shipper": "FIT",
            "nTEU": 1,
            "origin": "SPAIN-S",
            "destination": "McIntosh Intersection",
            "name": "57-CHARLESTON EXPRESS-40:74:SPAIN-S"
        },
        {
            "EAT": 17280,
            "LDT": 18720,
            "cargo_categories": [
                "Non-hazardous"
            ],
            "delay_cost": 0,
            "group_uuid": "d2cb5cb6-5046-4899-a071-d370e95396a4",
            "source": "Berth 30",
            "transportation_methods": [
                "Roadway",
                "Sea",
                "Transloading"
            ],
            "shipper": "FIT",
            "nTEU": 2,
            "origin": "ITALY",
            "destination": "McIntosh Intersection",
            "name": "57-CHARLESTON EXPRESS-41:96:ITALY"
        }
    ]
}