{
    "commodities": [
        {
            "EAT": 14400,
            "LDT": 15840,
            "cargo_categories": [
                "Non-hazardous"
            ],
            "delay_cost": 0,
            "group_uuid": "06633479-9f61-49e7-893e-03fba32d5cd2",
            "source": "Berth 30",
            "transportation_methods": [
                "Roadway",
                "Sea",
                "Transloading"
            ],
            "shipper": "FIT",
            "nTEU": 1,
            "origin": "DOMINICAN REPUBLIC",
            "destination": "McIntosh Intersection",
            "name": "44-JPO LIBRA-0:33:DOMINICAN REPUBLIC"
        }
    ]
}