{
    "commodities": [
        {
            "EAT": 18720,
            "LDT": 20160,
            "cargo_categories": [
                "Non-hazardous"
            ],
            "delay_cost": 0,
            "group_uuid": "230bd50e-51f3-4517-a0ae-3bc77ec974dc",
            "source": "Berth 32",
            "transportation_methods": [
                "Roadway",
                "Sea",
                "Transloading"
            ],
            "shipper": "MSC",
            "nTEU": 3,
            "origin": "GUATEMALA",
            "destination": "McIntosh Intersection",
            "name": "61-JPO AQUARIUS-0:39:GUATEMALA"
        },
        {
            "EAT": 18720,
            "LDT": 20160,
            "cargo_categories": [
                "Non-hazardous"
            ],
            "delay_cost": 0,
            "group_uuid": "230bd50e-51f3-4517-a0ae-3bc77ec974dc",
            "source": "Berth 32",
            "transportation_methods": [
                "Roadway",
                "Sea",
                "Transloading"
            ],
            "shipper": "MSC",
            "nTEU": 3,
            "origin": "BRAZIL",
            "destination": "McIntosh Intersection",
            "name": "61-JPO AQUARIUS-1:33:BRAZIL"
        },
        {
            "EAT": 18720,
            "LDT": 20160,
            "cargo_categories": [
                "Non-hazardous"
            ],
            "delay_cost": 0,
            "group_uuid": "230bd50e-51f3-4517-a0ae-3bc77ec974dc",
            "source": "Berth 32",
            "transportation_methods": [
                "Roadway",
                "Sea",
                "Transloading"
            ],
            "shipper": "MSC",
            "nTEU": 1,
            "origin": "ITALY",
            "destination": "McIntosh Intersection",
            "name": "61-JPO AQUARIUS-2:20:ITALY"
        },
        {
            "EAT": 18720,
            "LDT": 20160,
            "cargo_categories": [
                "Non-hazardous"
            ],
            "delay_cost": 0,
            "group_uuid": "230bd50e-51f3-4517-a0ae-3bc77ec974dc",
            "source": "Berth 32",
            "transportation_methods": [
                "Roadway",
                "Sea",
                "Transloading"
            ],
            "shipper": "MSC",
            "nTEU": 2,
            "origin": "VIRGIN ISLAND",
            "destination": "McIntosh Intersection",
            "name": "61-JPO AQUARIUS-3:87:VIRGIN ISLAND"
        },
        {
            "EAT": 18720,
            "LDT": 20160,
            "cargo_categories": [
                "Non-hazardous"
            ],
            "delay_cost": 0,
            "group_uuid": "230bd50e-51f3-4517-a0ae-3bc77ec974dc",
            "source": "Berth 32",
            "transportation_methods": [
                "Roadway",
                "Sea",
                "Transloading"
            ],
            "shipper": "MSC",
            "nTEU": 8,
            "origin": "CHILE",
            "destination": "McIntosh Intersection",
            "name": "61-JPO AQUARIUS-4:3:CHILE"
        },
        {
            "EAT": 18720,
            "LDT": 20160,
            "cargo_categories": [
                "Non-hazardous"
            ],
            "delay_cost": 0,
            "group_uuid": "230bd50e-51f3-4517-a0ae-3bc77ec974dc",
            "source": "Berth 32",
            "transportation_methods": [
                "Roadway",
                "Sea",
                "Transloading"
            ],
            "shipper": "MSC",
            "nTEU": 28,
            "origin": "BELGIUM",
            "destination": "McIntosh Intersection",
            "name": "61-JPO AQUARIUS-5:17:BELGIUM"
        },
        {
            "EAT": 18720,
            "LDT": 20160,
            "cargo_categories": [
                "Non-hazardous"
            ],
            "delay_cost": 0,
            "group_uuid": "230bd50e-51f3-4517-a0ae-3bc77ec974dc",
            "source": "Berth 32",
            "transportation_methods": [
                "Roadway",
                "Sea",
                "Transloading"
            ],
            "shipper": "MSC",
            "nTEU": 2,
            "origin": "SPAIN-S",
            "destination": "McIntosh Intersection",
            "name": "61-JPO AQUARIUS-6:21:SPAIN-S"
        },
        {
            "EAT": 18720,
            "LDT": 20160,
            "cargo_categories": [
                "Non-hazardous"
            ],
            "delay_cost": 0,
            "group_uuid": "230bd50e-51f3-4517-a0ae-3bc77ec974dc",
            "source": "Berth 32",
            "transportation_methods": [
                "Roadway",
                "Sea",
                "Transloading"
            ],
            "shipper": "MSC",
            "nTEU": 22,
            "origin": "ITALY",
            "destination": "McIntosh Intersection",
            "name": "61-JPO AQUARIUS-7:69:ITALY"
        },
        {
            "EAT": 18720,
            "LDT": 20160,
            "cargo_categories": [
                "Non-hazardous"
            ],
            "delay_cost": 0,
            "group_uuid": "230bd50e-51f3-4517-a0ae-3bc77ec974dc",
            "source": "Berth 32",
            "transportation_methods": [
                "Roadway",
                "Sea",
                "Transloading"
            ],
            "shipper": "FIT",
            "nTEU": 2,
            "origin": "COLOMBIA",
            "destination": "McIntosh Intersection",
            "name": "61-JPO AQUARIUS-8:70:COLOMBIA"
        },
        {
            "EAT": 18720,
            "LDT": 20160,
            "cargo_categories": [
                "Non-hazardous"
            ],
            "delay_cost": 0,
            "group_uuid": "230bd50e-51f3-4517-a0ae-3bc77ec974dc",
            "source": "Berth 32",
            "transportation_methods": [
                "Roadway",
                "Sea",
                "Transloading"
            ],
            "shipper": "FIT",
            "nTEU": 1,
            "origin": "HONDURAS",
            "destination": "McIntosh Intersection",
            "name": "61-JPO AQUARIUS-9:44:HONDURAS"
        },
        {
            "EAT": 18720,
            "LDT": 20160,
            "cargo_categories": [
                "Non-hazardous"
            ],
            "delay_cost": 0,
            "group_uuid": "230bd50e-51f3-4517-a0ae-3bc77ec974dc",
            "source": "Berth 32",
            "transportation_methods": [
                "Roadway",
                "Sea",
                "Transloading"
            ],
            "shipper": "MSC",
            "nTEU": 5,
            "origin": "ITALY",
            "destination": "McIntosh Intersection",
            "name": "61-JPO AQUARIUS-10:22:ITALY"
        },
        {
            "EAT": 18720,
            "LDT": 20160,
            "cargo_categories": [
                "Non-hazardous"
            ],
            "delay_cost": 0,
            "group_uuid": "230bd50e-51f3-4517-a0ae-3bc77ec974dc",
            "source": "Berth 32",
            "transportation_methods": [
                "Roadway",
                "Sea",
                "Transloading"
            ],
            "shipper": "MSC",
            "nTEU": 5,
            "origin": "COLOMBIA",
            "destination": "McIntosh Intersection",
            "name": "61-JPO AQUARIUS-11:68:COLOMBIA"
        },
        {
            "EAT": 18720,
            "LDT": 20160,
            "cargo_categories": [
                "Non-hazardous"
            ],
            "delay_cost": 0,
            "group_uuid": "230bd50e-51f3-4517-a0ae-3bc77ec974dc",
            "source": "Berth 32",
            "transportation_methods": [
                "Roadway",
                "Sea",
                "Transloading"
            ],
            "shipper": "MSC",
            "nTEU": 3,
            "origin": "PERU",
            "destination": "McIntosh Intersection",
            "name": "61-JPO AQUARIUS-12:10:PERU"
        },
        {
            "EAT": 18720,
            "LDT": 20160,
            "cargo_categories": [
                "Non-hazardous"
            ],
            "delay_cost": 0,
            "group_uuid": "230bd50e-51f3-4517-a0ae-3bc77ec974dc",
            "source": "Berth 32",
            "transportation_methods": [
                "Roadway",
                "Sea",
                "Transloading"
            ],
            "shipper": "MSC",
            "nTEU": 2,
            "origin": "CHILE",
            "destination": "McIntosh Intersection",
            "name": "61-JPO AQUARIUS-13:40:CHILE"
        },
        {
            "EAT": 18720,
            "LDT": 20160,
            "cargo_categories": [
                "Non-hazardous"
            ],
            "delay_cost": 0,
            "group_uuid": "230bd50e-51f3-4517-a0ae-3bc77ec974dc",
            "source": "Berth 32",
            "transportation_methods": [
                "Roadway",
                "Sea",
                "Transloading"
            ],
            "shipper": "MSC",
            "nTEU": 1,
            "origin": "BARBADOS",
            "destination": "McIntosh Intersection",
            "name": "61-JPO AQUARIUS-14:38:BARBADOS"
        },
        {
            "EAT": 18720,
            "LDT": 20160,
            "cargo_categories": [
                "Non-hazardous"
            ],
            "delay_cost": 0,
            "group_uuid": "230bd50e-51f3-4517-a0ae-3bc77ec974dc",
            "source": "Berth 32",
            "transportation_methods": [
                "Roadway",
                "Sea",
                "Transloading"
            ],
            "shipper": "MSC",
            "nTEU": 12,
            "origin": "BRAZIL",
            "destination": "McIntosh Intersection",
            "name": "61-JPO AQUARIUS-15:48:BRAZIL"
        },
        {
            "EAT": 18720,
            "LDT": 20160,
            "cargo_categories": [
                "Non-hazardous"
            ],
            "delay_cost": 0,
            "group_uuid": "230bd50e-51f3-4517-a0ae-3bc77ec974dc",
            "source": "Berth 32",
            "transportation_methods": [
                "Roadway",
                "Sea",
                "Transloading"
            ],
            "shipper": "MSC",
            "nTEU": 2,
            "origin": "NICARAGUA",
            "destination": "McIntosh Intersection",
            "name": "61-JPO AQUARIUS-16:2:NICARAGUA"
        },
        {
            "EAT": 18720,
            "LDT": 20160,
            "cargo_categories": [
                "Non-hazardous"
            ],
            "delay_cost": 0,
            "group_uuid": "230bd50e-51f3-4517-a0ae-3bc77ec974dc",
            "source": "Berth 32",
            "transportation_methods": [
                "Roadway",
                "Sea",
                "Transloading"
            ],
            "shipper": "MSC",
            "nTEU": 2,
            "origin": "BELGIUM",
            "destination": "McIntosh Intersection",
            "name": "61-JPO AQUARIUS-17:28:BELGIUM"
        },
        {
            "EAT": 18720,
            "LDT": 20160,
            "cargo_categories": [
                "Non-hazardous"
            ],
            "delay_cost": 0,
            "group_uuid": "230bd50e-51f3-4517-a0ae-3bc77ec974dc",
            "source": "Berth 32",
            "transportation_methods": [
                "Roadway",
                "Sea",
                "Transloading"
            ],
            "shipper": "MSC",
            "nTEU": 10,
            "origin": "HONDURAS",
            "destination": "McIntosh Intersection",
            "name": "61-JPO AQUARIUS-18:85:HONDURAS"
        },
        {
            "EAT": 18720,
            "LDT": 20160,
            "cargo_categories": [
                "Non-hazardous"
            ],
            "delay_cost": 0,
            "group_uuid": "230bd50e-51f3-4517-a0ae-3bc77ec974dc",
            "source": "Berth 32",
            "transportation_methods": [
                "Roadway",
                "Sea",
                "Transloading"
            ],
            "shipper": "MSC",
            "nTEU": 3,
            "origin": "ARGENTINA",
            "destination": "McIntosh Intersection",
            "name": "61-JPO AQUARIUS-19:15:ARGENTINA"
        },
        {
            "EAT": 18720,
            "LDT": 20160,
            "cargo_categories": [
                "Non-hazardous"
            ],
            "delay_cost": 0,
            "group_uuid": "230bd50e-51f3-4517-a0ae-3bc77ec974dc",
            "source": "Berth 32",
            "transportation_methods": [
                "Roadway",
                "Sea",
                "Transloading"
            ],
            "shipper": "MSC",
            "nTEU": 2,
            "origin": "COLOMBIA",
            "destination": "McIntosh Intersection",
            "name": "61-JPO AQUARIUS-20:76:COLOMBIA"
        },
        {
            "EAT": 18720,
            "LDT": 20160,
            "cargo_categories": [
                "Non-hazardous"
            ],
            "delay_cost": 0,
            "group_uuid": "230bd50e-51f3-4517-a0ae-3bc77ec974dc",
            "source": "Berth 32",
            "transportation_methods": [
                "Roadway",
                "Sea",
                "Transloading"
            ],
            "shipper": "MSC",
            "nTEU": 8,
            "origin": "BRAZIL",
            "destination": "McIntosh Intersection",
            "name": "61-JPO AQUARIUS-21:94:BRAZIL"
        },
        {
            "EAT": 18720,
            "LDT": 20160,
            "cargo_categories": [
                "Non-hazardous"
            ],
            "delay_cost": 0,
            "group_uuid": "230bd50e-51f3-4517-a0ae-3bc77ec974dc",
            "source": "Berth 32",
            "transportation_methods": [
                "Roadway",
                "Sea",
                "Transloading"
            ],
            "shipper": "MSC",
            "nTEU": 7,
            "origin": "SPAIN-S",
            "destination": "McIntosh Intersection",
            "name": "61-JPO AQUARIUS-22::SPAIN-S"
        },
        {
            "EAT": 18720,
            "LDT": 20160,
            "cargo_categories": [
                "Non-hazardous"
            ],
            "delay_cost": 0,
            "group_uuid": "230bd50e-51f3-4517-a0ae-3bc77ec974dc",
            "source": "Berth 32",
            "transportation_methods": [
                "Roadway",
                "Sea",
                "Transloading"
            ],
            "shipper": "MSC",
            "nTEU": 16,
            "origin": "COLOMBIA",
            "destination": "McIntosh Intersection",
            "name": "61-JPO AQUARIUS-23:25:COLOMBIA"
        },
        {
            "EAT": 18720,
            "LDT": 20160,
            "cargo_categories": [
                "Non-hazardous"
            ],
            "delay_cost": 0,
            "group_uuid": "230bd50e-51f3-4517-a0ae-3bc77ec974dc",
            "source": "Berth 32",
            "transportation_methods": [
                "Roadway",
                "Sea",
                "Transloading"
            ],
            "shipper": "MSC",
            "nTEU": 3,
            "origin": "COLOMBIA",
            "destination": "McIntosh Intersection",
            "name": "61-JPO AQUARIUS-24:19:COLOMBIA"
        },
        {
            "EAT": 18720,
            "LDT": 20160,
            "cargo_categories": [
                "Non-hazardous"
            ],
            "delay_cost": 0,
            "group_uuid": "230bd50e-51f3-4517-a0ae-3bc77ec974dc",
            "source": "Berth 32",
            "transportation_methods": [
                "Roadway",
                "Sea",
                "Transloading"
            ],
            "shipper": "MSC",
            "nTEU": 1,
            "origin": "DOMINICAN REPUBLIC",
            "destination": "McIntosh Intersection",
            "name": "61-JPO AQUARIUS-25:90:DOMINICAN REPUBLIC"
        },
        {
            "EAT": 18720,
            "LDT": 20160,
            "cargo_categories": [
                "Non-hazardous"
            ],
            "delay_cost": 0,
            "group_uuid": "230bd50e-51f3-4517-a0ae-3bc77ec974dc",
            "source": "Berth 32",
            "transportation_methods": [
                "Roadway",
                "Sea",
                "Transloading"
            ],
            "shipper": "MSC",
            "nTEU": 1,
            "origin": "DOMINICAN REPUBLIC",
            "destination": "McIntosh Intersection",
            "name": "61-JPO AQUARIUS-26:64:DOMINICAN REPUBLIC"
        },
        {
            "EAT": 18720,
            "LDT": 20160,
            "cargo_categories": [
                "Non-hazardous"
            ],
            "delay_cost": 0,
            "group_uuid": "230bd50e-51f3-4517-a0ae-3bc77ec974dc",
            "source": "Berth 32",
            "transportation_methods": [
                "Roadway",
                "Sea",
                "Transloading"
            ],
            "shipper": "MSC",
            "nTEU": 2,
            "origin": "DOMINICAN REPUBLIC",
            "destination": "McIntosh Intersection",
            "name": "61-JPO AQUARIUS-27:24:DOMINICAN REPUBLIC"
        },
        {
            "EAT": 18720,
            "LDT": 20160,
            "cargo_categories": [
                "Non-hazardous"
            ],
            "delay_cost": 0,
            "group_uuid": "230bd50e-51f3-4517-a0ae-3bc77ec974dc",
            "source": "Berth 32",
            "transportation_methods": [
                "Roadway",
                "Sea",
                "Transloading"
            ],
            "shipper": "MSC",
            "nTEU": 6,
            "origin": "NICARAGUA",
            "destination": "McIntosh Intersection",
            "name": "61-JPO AQUARIUS-28:4:NICARAGUA"
        },
        {
            "EAT": 18720,
            "LDT": 20160,
            "cargo_categories": [
                "Non-hazardous"
            ],
            "delay_cost": 0,
            "group_uuid": "230bd50e-51f3-4517-a0ae-3bc77ec974dc",
            "source": "Berth 32",
            "transportation_methods": [
                "Roadway",
                "Sea",
                "Transloading"
            ],
            "shipper": "MSC",
            "nTEU": 2,
            "origin": "COLOMBIA",
            "destination": "McIntosh Intersection",
            "name": "61-JPO AQUARIUS-29:9:COLOMBIA"
        },
        {
            "EAT": 18720,
            "LDT": 20160,
            "cargo_categories": [
                "Non-hazardous"
            ],
            "delay_cost": 0,
            "group_uuid": "230bd50e-51f3-4517-a0ae-3bc77ec974dc",
            "source": "Berth 32",
            "transportation_methods": [
                "Roadway",
                "Sea",
                "Transloading"
            ],
            "shipper": "MSC",
            "nTEU": 2,
            "origin": "UNITED KINGDOM",
            "destination": "McIntosh Intersection",
            "name": "61-JPO AQUARIUS-30:84:UNITED KINGDOM"
        },
        {
            "EAT": 18720,
            "LDT": 20160,
            "cargo_categories": [
                "Non-hazardous"
            ],
            "delay_cost": 0,
            "group_uuid": "230bd50e-51f3-4517-a0ae-3bc77ec974dc",
            "source": "Berth 32",
            "transportation_methods": [
                "Roadway",
                "Sea",
                "Transloading"
            ],
            "shipper": "MSC",
            "nTEU": 10,
            "origin": "HONDURAS",
            "destination": "McIntosh Intersection",
            "name": "61-JPO AQUARIUS-31:8:HONDURAS"
        }
    ]
}