{
    "commodities": [
        {
            "EAT": 17280,
            "LDT": 18720,
            "cargo_categories": [
                "Non-hazardous"
            ],
            "delay_cost": 0,
            "group_uuid": "7eb7a7e6-9342-441e-8e4d-a90fb43417f4",
            "source": "Berth 31",
            "transportation_methods": [
                "Roadway",
                "Sea",
                "Transloading"
            ],
            "shipper": "MSC",
            "nTEU": 8,
            "origin": "HONDURAS",
            "destination": "McIntosh Intersection",
            "name": "58-JSP AMIHAN-0:39:HONDURAS"
        },
        {
            "EAT": 17280,
            "LDT": 18720,
            "cargo_categories": [
                "Non-hazardous"
            ],
            "delay_cost": 0,
            "group_uuid": "7eb7a7e6-9342-441e-8e4d-a90fb43417f4",
            "source": "Berth 31",
            "transportation_methods": [
                "Roadway",
                "Sea",
                "Transloading"
            ],
            "shipper": "MSC",
            "nTEU": 2,
            "origin": "BAHAMAS",
            "destination": "McIntosh Intersection",
            "name": "58-JSP AMIHAN-1:83:BAHAMAS"
        },
        {
            "EAT": 17280,
            "LDT": 18720,
            "cargo_categories": [
                "Non-hazardous"
            ],
            "delay_cost": 0,
            "group_uuid": "7eb7a7e6-9342-441e-8e4d-a90fb43417f4",
            "source": "Berth 31",
            "transportation_methods": [
                "Roadway",
                "Sea",
                "Transloading"
            ],
            "shipper": "MSC",
            "nTEU": 0,
            "origin": "TURKS AND CAICOS IS",
            "destination": "McIntosh Intersection",
            "name": "58-JSP AMIHAN-2:86:TURKS AND CAICOS IS"
        },
        {
            "EAT": 17280,
            "LDT": 18720,
            "cargo_categories": [
                "Non-hazardous"
            ],
            "delay_cost": 0,
            "group_uuid": "7eb7a7e6-9342-441e-8e4d-a90fb43417f4",
            "source": "Berth 31",
            "transportation_methods": [
                "Roadway",
                "Sea",
                "Transloading"
            ],
            "shipper": "MSC",
            "nTEU": 6,
            "origin": "HONDURAS",
            "destination": "McIntosh Intersection",
            "name": "58-JSP AMIHAN-3::HONDURAS"
        },
        {
            "EAT": 17280,
            "LDT": 18720,
            "cargo_categories": [
                "Non-hazardous"
            ],
            "delay_cost": 0,
            "group_uuid": "7eb7a7e6-9342-441e-8e4d-a90fb43417f4",
            "source": "Berth 31",
            "transportation_methods": [
                "Roadway",
                "Sea",
                "Transloading"
            ],
            "shipper": "MSC",
            "nTEU": 6,
            "origin": "GUATEMALA",
            "destination": "McIntosh Intersection",
            "name": "58-JSP AMIHAN-4:8:GUATEMALA"
        },
        {
            "EAT": 17280,
            "LDT": 18720,
            "cargo_categories": [
                "Non-hazardous"
            ],
            "delay_cost": 0,
            "group_uuid": "7eb7a7e6-9342-441e-8e4d-a90fb43417f4",
            "source": "Berth 31",
            "transportation_methods": [
                "Roadway",
                "Sea",
                "Transloading"
            ],
            "shipper": "MSC",
            "nTEU": 7,
            "origin": "ITALY",
            "destination": "McIntosh Intersection",
            "name": "58-JSP AMIHAN-5:25:ITALY"
        },
        {
            "EAT": 17280,
            "LDT": 18720,
            "cargo_categories": [
                "Non-hazardous"
            ],
            "delay_cost": 0,
            "group_uuid": "7eb7a7e6-9342-441e-8e4d-a90fb43417f4",
            "source": "Berth 31",
            "transportation_methods": [
                "Roadway",
                "Sea",
                "Transloading"
            ],
            "shipper": "MSC",
            "nTEU": 2,
            "origin": "BRAZIL",
            "destination": "McIntosh Intersection",
            "name": "58-JSP AMIHAN-6:48:BRAZIL"
        },
        {
            "EAT": 17280,
            "LDT": 18720,
            "cargo_categories": [
                "Non-hazardous"
            ],
            "delay_cost": 0,
            "group_uuid": "7eb7a7e6-9342-441e-8e4d-a90fb43417f4",
            "source": "Berth 31",
            "transportation_methods": [
                "Roadway",
                "Sea",
                "Transloading"
            ],
            "shipper": "MSC",
            "nTEU": 2,
            "origin": "GUATEMALA",
            "destination": "McIntosh Intersection",
            "name": "58-JSP AMIHAN-7:52:GUATEMALA"
        },
        {
            "EAT": 17280,
            "LDT": 18720,
            "cargo_categories": [
                "Non-hazardous"
            ],
            "delay_cost": 0,
            "group_uuid": "7eb7a7e6-9342-441e-8e4d-a90fb43417f4",
            "source": "Berth 31",
            "transportation_methods": [
                "Roadway",
                "Sea",
                "Transloading"
            ],
            "shipper": "MSC",
            "nTEU": 3,
            "origin": "DOMINICAN REPUBLIC",
            "destination": "McIntosh Intersection",
            "name": "58-JSP AMIHAN-8:7:DOMINICAN REPUBLIC"
        },
        {
            "EAT": 17280,
            "LDT": 18720,
            "cargo_categories": [
                "Non-hazardous"
            ],
            "delay_cost": 0,
            "group_uuid": "7eb7a7e6-9342-441e-8e4d-a90fb43417f4",
            "source": "Berth 31",
            "transportation_methods": [
                "Roadway",
                "Sea",
                "Transloading"
            ],
            "shipper": "MSC",
            "nTEU": 6,
            "origin": "PANAMA",
            "destination": "McIntosh Intersection",
            "name": "58-JSP AMIHAN-9:44:PANAMA"
        },
        {
            "EAT": 17280,
            "LDT": 18720,
            "cargo_categories": [
                "Non-hazardous"
            ],
            "delay_cost": 0,
            "group_uuid": "7eb7a7e6-9342-441e-8e4d-a90fb43417f4",
            "source": "Berth 31",
            "transportation_methods": [
                "Roadway",
                "Sea",
                "Transloading"
            ],
            "shipper": "MSC",
            "nTEU": 3,
            "origin": "ITALY",
            "destination": "McIntosh Intersection",
            "name": "58-JSP AMIHAN-10:22:ITALY"
        },
        {
            "EAT": 17280,
            "LDT": 18720,
            "cargo_categories": [
                "Non-hazardous"
            ],
            "delay_cost": 0,
            "group_uuid": "7eb7a7e6-9342-441e-8e4d-a90fb43417f4",
            "source": "Berth 31",
            "transportation_methods": [
                "Roadway",
                "Sea",
                "Transloading"
            ],
            "shipper": "MSC",
            "nTEU": 4,
            "origin": "BELIZE",
            "destination": "McIntosh Intersection",
            "name": "58-JSP AMIHAN-11:33:BELIZE"
        },
        {
            "EAT": 17280,
            "LDT": 18720,
            "cargo_categories": [
                "Non-hazardous"
            ],
            "delay_cost": 0,
            "group_uuid": "7eb7a7e6-9342-441e-8e4d-a90fb43417f4",
            "source": "Berth 31",
            "transportation_methods": [
                "Roadway",
                "Sea",
                "Transloading"
            ],
            "shipper": "MSC",
            "nTEU": 2,
            "origin": "SPAIN-S",
            "destination": "McIntosh Intersection",
            "name": "58-JSP AMIHAN-12:72:SPAIN-S"
        },
        {
            "EAT": 17280,
            "LDT": 18720,
            "cargo_categories": [
                "Non-hazardous"
            ],
            "delay_cost": 0,
            "group_uuid": "7eb7a7e6-9342-441e-8e4d-a90fb43417f4",
            "source": "Berth 31",
            "transportation_methods": [
                "Roadway",
                "Sea",
                "Transloading"
            ],
            "shipper": "MSC",
            "nTEU": 21,
            "origin": "PORTUGAL",
            "destination": "McIntosh Intersection",
            "name": "58-JSP AMIHAN-13:68:PORTUGAL"
        },
        {
            "EAT": 17280,
            "LDT": 18720,
            "cargo_categories": [
                "Non-hazardous"
            ],
            "delay_cost": 0,
            "group_uuid": "7eb7a7e6-9342-441e-8e4d-a90fb43417f4",
            "source": "Berth 31",
            "transportation_methods": [
                "Roadway",
                "Sea",
                "Transloading"
            ],
            "shipper": "MSC",
            "nTEU": 10,
            "origin": "BRAZIL",
            "destination": "McIntosh Intersection",
            "name": "58-JSP AMIHAN-14:94:BRAZIL"
        },
        {
            "EAT": 17280,
            "LDT": 18720,
            "cargo_categories": [
                "Non-hazardous"
            ],
            "delay_cost": 0,
            "group_uuid": "7eb7a7e6-9342-441e-8e4d-a90fb43417f4",
            "source": "Berth 31",
            "transportation_methods": [
                "Roadway",
                "Sea",
                "Transloading"
            ],
            "shipper": "MSC",
            "nTEU": 8,
            "origin": "DOMINICAN REPUBLIC",
            "destination": "McIntosh Intersection",
            "name": "58-JSP AMIHAN-15:73:DOMINICAN REPUBLIC"
        },
        {
            "EAT": 17280,
            "LDT": 18720,
            "cargo_categories": [
                "Non-hazardous"
            ],
            "delay_cost": 0,
            "group_uuid": "7eb7a7e6-9342-441e-8e4d-a90fb43417f4",
            "source": "Berth 31",
            "transportation_methods": [
                "Roadway",
                "Sea",
                "Transloading"
            ],
            "shipper": "MSC",
            "nTEU": 3,
            "origin": "BELGIUM",
            "destination": "McIntosh Intersection",
            "name": "58-JSP AMIHAN-16:29:BELGIUM"
        }
    ]
}