{
    "commodities": [
        {
            "EAT": 15840,
            "LDT": 17280,
            "cargo_categories": [
                "Non-hazardous"
            ],
            "delay_cost": 0,
            "group_uuid": "53337211-c946-4cd8-b649-543484a073d4",
            "source": "Berth 30",
            "transportation_methods": [
                "Roadway",
                "Sea",
                "Transloading"
            ],
            "shipper": "FIT",
            "nTEU": 2,
            "origin": "VENEZUELA",
            "destination": "McIntosh Intersection",
            "name": "53-MONTE TAMARO-0:73:VENEZUELA"
        },
        {
            "EAT": 15840,
            "LDT": 17280,
            "cargo_categories": [
                "Non-hazardous"
            ],
            "delay_cost": 0,
            "group_uuid": "53337211-c946-4cd8-b649-543484a073d4",
            "source": "Berth 30",
            "transportation_methods": [
                "Roadway",
                "Sea",
                "Transloading"
            ],
            "shipper": "FIT",
            "nTEU": 5,
            "origin": "BRAZIL",
            "destination": "McIntosh Intersection",
            "name": "53-MONTE TAMARO-1::BRAZIL"
        },
        {
            "EAT": 15840,
            "LDT": 17280,
            "cargo_categories": [
                "Non-hazardous"
            ],
            "delay_cost": 0,
            "group_uuid": "53337211-c946-4cd8-b649-543484a073d4",
            "source": "Berth 30",
            "transportation_methods": [
                "Roadway",
                "Sea",
                "Transloading"
            ],
            "shipper": "FIT",
            "nTEU": 8,
            "origin": "GUATEMALA",
            "destination": "McIntosh Intersection",
            "name": "53-MONTE TAMARO-2:20:GUATEMALA"
        },
        {
            "EAT": 15840,
            "LDT": 17280,
            "cargo_categories": [
                "Non-hazardous"
            ],
            "delay_cost": 0,
            "group_uuid": "53337211-c946-4cd8-b649-543484a073d4",
            "source": "Berth 30",
            "transportation_methods": [
                "Roadway",
                "Sea",
                "Transloading"
            ],
            "shipper": "FIT",
            "nTEU": 25,
            "origin": "BRAZIL",
            "destination": "McIntosh Intersection",
            "name": "53-MONTE TAMARO-3:25:BRAZIL"
        },
        {
            "EAT": 15840,
            "LDT": 17280,
            "cargo_categories": [
                "Non-hazardous"
            ],
            "delay_cost": 0,
            "group_uuid": "53337211-c946-4cd8-b649-543484a073d4",
            "source": "Berth 30",
            "transportation_methods": [
                "Roadway",
                "Sea",
                "Transloading"
            ],
            "shipper": "FIT",
            "nTEU": 2,
            "origin": "GUATEMALA",
            "destination": "McIntosh Intersection",
            "name": "53-MONTE TAMARO-4:17:GUATEMALA"
        },
        {
            "EAT": 15840,
            "LDT": 17280,
            "cargo_categories": [
                "Non-hazardous"
            ],
            "delay_cost": 0,
            "group_uuid": "53337211-c946-4cd8-b649-543484a073d4",
            "source": "Berth 30",
            "transportation_methods": [
                "Roadway",
                "Sea",
                "Transloading"
            ],
            "shipper": "FIT",
            "nTEU": 3,
            "origin": "BAHAMAS",
            "destination": "McIntosh Intersection",
            "name": "53-MONTE TAMARO-5:84:BAHAMAS"
        },
        {
            "EAT": 15840,
            "LDT": 17280,
            "cargo_categories": [
                "Non-hazardous"
            ],
            "delay_cost": 0,
            "group_uuid": "53337211-c946-4cd8-b649-543484a073d4",
            "source": "Berth 30",
            "transportation_methods": [
                "Roadway",
                "Sea",
                "Transloading"
            ],
            "shipper": "FIT",
            "nTEU": 38,
            "origin": "BRAZIL",
            "destination": "McIntosh Intersection",
            "name": "53-MONTE TAMARO-6:44:BRAZIL"
        },
        {
            "EAT": 15840,
            "LDT": 17280,
            "cargo_categories": [
                "Non-hazardous"
            ],
            "delay_cost": 0,
            "group_uuid": "53337211-c946-4cd8-b649-543484a073d4",
            "source": "Berth 30",
            "transportation_methods": [
                "Roadway",
                "Sea",
                "Transloading"
            ],
            "shipper": "FIT",
            "nTEU": 6,
            "origin": "BAHAMAS",
            "destination": "McIntosh Intersection",
            "name": "53-MONTE TAMARO-7:69:BAHAMAS"
        },
        {
            "EAT": 15840,
            "LDT": 17280,
            "cargo_categories": [
                "Non-hazardous"
            ],
            "delay_cost": 0,
            "group_uuid": "53337211-c946-4cd8-b649-543484a073d4",
            "source": "Berth 30",
            "transportation_methods": [
                "Roadway",
                "Sea",
                "Transloading"
            ],
            "shipper": "FIT",
            "nTEU": 2,
            "origin": "SPAIN-S",
            "destination": "McIntosh Intersection",
            "name": "53-MONTE TAMARO-8:22:SPAIN-S"
        },
        {
            "EAT": 15840,
            "LDT": 17280,
            "cargo_categories": [
                "Non-hazardous"
            ],
            "delay_cost": 0,
            "group_uuid": "53337211-c946-4cd8-b649-543484a073d4",
            "source": "Berth 30",
            "transportation_methods": [
                "Roadway",
                "Sea",
                "Transloading"
            ],
            "shipper": "FIT",
            "nTEU": 2,
            "origin": "COLOMBIA",
            "destination": "McIntosh Intersection",
            "name": "53-MONTE TAMARO-9:70:COLOMBIA"
        },
        {
            "EAT": 15840,
            "LDT": 17280,
            "cargo_categories": [
                "Non-hazardous"
            ],
            "delay_cost": 0,
            "group_uuid": "53337211-c946-4cd8-b649-543484a073d4",
            "source": "Berth 30",
            "transportation_methods": [
                "Roadway",
                "Sea",
                "Transloading"
            ],
            "shipper": "FIT",
            "nTEU": 1,
            "origin": "DOMINICAN REPUBLIC",
            "destination": "McIntosh Intersection",
            "name": "53-MONTE TAMARO-10:85:DOMINICAN REPUBLIC"
        },
        {
            "EAT": 15840,
            "LDT": 17280,
            "cargo_categories": [
                "Non-hazardous"
            ],
            "delay_cost": 0,
            "group_uuid": "53337211-c946-4cd8-b649-543484a073d4",
            "source": "Berth 30",
            "transportation_methods": [
                "Roadway",
                "Sea",
                "Transloading"
            ],
            "shipper": "FIT",
            "nTEU": 2,
            "origin": "ITALY",
            "destination": "McIntosh Intersection",
            "name": "53-MONTE TAMARO-11:94:ITALY"
        },
        {
            "EAT": 15840,
            "LDT": 17280,
            "cargo_categories": [
                "Non-hazardous"
            ],
            "delay_cost": 0,
            "group_uuid": "53337211-c946-4cd8-b649-543484a073d4",
            "source": "Berth 30",
            "transportation_methods": [
                "Roadway",
                "Sea",
                "Transloading"
            ],
            "shipper": "FIT",
            "nTEU": 4,
            "origin": "BRAZIL",
            "destination": "McIntosh Intersection",
            "name": "53-MONTE TAMARO-12:41:BRAZIL"
        },
        {
            "EAT": 15840,
            "LDT": 17280,
            "cargo_categories": [
                "Non-hazardous"
            ],
            "delay_cost": 0,
            "group_uuid": "53337211-c946-4cd8-b649-543484a073d4",
            "source": "Berth 30",
            "transportation_methods": [
                "Roadway",
                "Sea",
                "Transloading"
            ],
            "shipper": "FIT",
            "nTEU": 8,
            "origin": "BRAZIL",
            "destination": "McIntosh Intersection",
            "name": "53-MONTE TAMARO-13:10:BRAZIL"
        },
        {
            "EAT": 15840,
            "LDT": 17280,
            "cargo_categories": [
                "Non-hazardous"
            ],
            "delay_cost": 0,
            "group_uuid": "53337211-c946-4cd8-b649-543484a073d4",
            "source": "Berth 30",
            "transportation_methods": [
                "Roadway",
                "Sea",
                "Transloading"
            ],
            "shipper": "FIT",
            "nTEU": 2,
            "origin": "PERU",
            "destination": "McIntosh Intersection",
            "name": "53-MONTE TAMARO-14:21:PERU"
        },
        {
            "EAT": 15840,
            "LDT": 17280,
            "cargo_categories": [
                "Non-hazardous"
            ],
            "delay_cost": 0,
            "group_uuid": "53337211-c946-4cd8-b649-543484a073d4",
            "source": "Berth 30",
            "transportation_methods": [
                "Roadway",
                "Sea",
                "Transloading"
            ],
            "shipper": "FIT",
            "nTEU": 6,
            "origin": "GERMANY",
            "destination": "McIntosh Intersection",
            "name": "53-MONTE TAMARO-15:48:GERMANY"
        },
        {
            "EAT": 15840,
            "LDT": 17280,
            "cargo_categories": [
                "Non-hazardous"
            ],
            "delay_cost": 0,
            "group_uuid": "53337211-c946-4cd8-b649-543484a073d4",
            "source": "Berth 30",
            "transportation_methods": [
                "Roadway",
                "Sea",
                "Transloading"
            ],
            "shipper": "FIT",
            "nTEU": 1,
            "origin": "BAHAMAS",
            "destination": "McIntosh Intersection",
            "name": "53-MONTE TAMARO-16:68:BAHAMAS"
        },
        {
            "EAT": 15840,
            "LDT": 17280,
            "cargo_categories": [
                "Non-hazardous"
            ],
            "delay_cost": 0,
            "group_uuid": "53337211-c946-4cd8-b649-543484a073d4",
            "source": "Berth 30",
            "transportation_methods": [
                "Roadway",
                "Sea",
                "Transloading"
            ],
            "shipper": "FIT",
            "nTEU": 1,
            "origin": "NICARAGUA",
            "destination": "McIntosh Intersection",
            "name": "53-MONTE TAMARO-17:42:NICARAGUA"
        },
        {
            "EAT": 15840,
            "LDT": 17280,
            "cargo_categories": [
                "Non-hazardous"
            ],
            "delay_cost": 0,
            "group_uuid": "53337211-c946-4cd8-b649-543484a073d4",
            "source": "Berth 30",
            "transportation_methods": [
                "Roadway",
                "Sea",
                "Transloading"
            ],
            "shipper": "FIT",
            "nTEU": 1,
            "origin": "GERMANY",
            "destination": "McIntosh Intersection",
            "name": "53-MONTE TAMARO-18:88:GERMANY"
        },
        {
            "EAT": 15840,
            "LDT": 17280,
            "cargo_categories": [
                "Non-hazardous"
            ],
            "delay_cost": 0,
            "group_uuid": "53337211-c946-4cd8-b649-543484a073d4",
            "source": "Berth 30",
            "transportation_methods": [
                "Roadway",
                "Sea",
                "Transloading"
            ],
            "shipper": "FIT",
            "nTEU": 2,
            "origin": "COLOMBIA",
            "destination": "McIntosh Intersection",
            "name": "53-MONTE TAMARO-19:11:COLOMBIA"
        },
        {
            "EAT": 15840,
            "LDT": 17280,
            "cargo_categories": [
                "Non-hazardous"
            ],
            "delay_cost": 0,
            "group_uuid": "53337211-c946-4cd8-b649-543484a073d4",
            "source": "Berth 30",
            "transportation_methods": [
                "Roadway",
                "Sea",
                "Transloading"
            ],
            "shipper": "FIT",
            "nTEU": 2,
            "origin": "SPAIN-S",
            "destination": "McIntosh Intersection",
            "name": "53-MONTE TAMARO-20:15:SPAIN-S"
        },
        {
            "EAT": 15840,
            "LDT": 17280,
            "cargo_categories": [
                "Non-hazardous"
            ],
            "delay_cost": 0,
            "group_uuid": "53337211-c946-4cd8-b649-543484a073d4",
            "source": "Berth 30",
            "transportation_methods": [
                "Roadway",
                "Sea",
                "Transloading"
            ],
            "shipper": "FIT",
            "nTEU": 2,
            "origin": "COSTA RICA",
            "destination": "McIntosh Intersection",
            "name": "53-MONTE TAMARO-21:9:COSTA RICA"
        },
        {
            "EAT": 15840,
            "LDT": 17280,
            "cargo_categories": [
                "Non-hazardous"
            ],
            "delay_cost": 0,
            "group_uuid": "53337211-c946-4cd8-b649-543484a073d4",
            "source": "Berth 30",
            "transportation_methods": [
                "Roadway",
                "Sea",
                "Transloading"
            ],
            "shipper": "FIT",
            "nTEU": 1,
            "origin": "ITALY",
            "destination": "McIntosh Intersection",
            "name": "53-MONTE TAMARO-22:87:ITALY"
        },
        {
            "EAT": 15840,
            "LDT": 17280,
            "cargo_categories": [
                "Non-hazardous"
            ],
            "delay_cost": 0,
            "group_uuid": "53337211-c946-4cd8-b649-543484a073d4",
            "source": "Berth 30",
            "transportation_methods": [
                "Roadway",
                "Sea",
                "Transloading"
            ],
            "shipper": "FIT",
            "nTEU": 1,
            "origin": "CHILE",
            "destination": "McIntosh Intersection",
            "name": "53-MONTE TAMARO-23:3:CHILE"
        },
        {
            "EAT": 15840,
            "LDT": 17280,
            "cargo_categories": [
                "Non-hazardous"
            ],
            "delay_cost": 0,
            "group_uuid": "53337211-c946-4cd8-b649-543484a073d4",
            "source": "Berth 30",
            "transportation_methods": [
                "Roadway",
                "Sea",
                "Transloading"
            ],
            "shipper": "FIT",
            "nTEU": 39,
            "origin": "GUATEMALA",
            "destination": "McIntosh Intersection",
            "name": "53-MONTE TAMARO-24:19:GUATEMALA"
        },
        {
            "EAT": 15840,
            "LDT": 17280,
            "cargo_categories": [
                "Non-hazardous"
            ],
            "delay_cost": 0,
            "group_uuid": "53337211-c946-4cd8-b649-543484a073d4",
            "source": "Berth 30",
            "transportation_methods": [
                "Roadway",
                "Sea",
                "Transloading"
            ],
            "shipper": "FIT",
            "nTEU": 2,
            "origin": "BRAZIL",
            "destination": "McIntosh Intersection",
            "name": "53-MONTE TAMARO-25:64:BRAZIL"
        },
        {
            "EAT": 15840,
            "LDT": 17280,
            "cargo_categories": [
                "Non-hazardous"
            ],
            "delay_cost": 0,
            "group_uuid": "53337211-c946-4cd8-b649-543484a073d4",
            "source": "Berth 30",
            "transportation_methods": [
                "Roadway",
                "Sea",
                "Transloading"
            ],
            "shipper": "FIT",
            "nTEU": 2,
            "origin": "HONDURAS",
            "destination": "McIntosh Intersection",
            "name": "53-MONTE TAMARO-26:39:HONDURAS"
        }
    ]
}