{
    "commodities": [
        {
            "EAT": 18720,
            "LDT": 21600,
            "cargo_categories": [
                "Non-hazardous"
            ],
            "delay_cost": 0,
            "group_uuid": "6a7c6a94-4916-4e4c-b02b-681464a0002b",
            "source": "Berth 32",
            "transportation_methods": [
                "Roadway",
                "Sea",
                "Transloading"
            ],
            "shipper": "MSC",
            "nTEU": 2,
            "origin": "ITALY",
            "destination": "McIntosh Intersection",
            "name": "58-MSC LORETTA-0:15:ITALY"
        },
        {
            "EAT": 18720,
            "LDT": 21600,
            "cargo_categories": [
                "Non-hazardous"
            ],
            "delay_cost": 0,
            "group_uuid": "6a7c6a94-4916-4e4c-b02b-681464a0002b",
            "source": "Berth 32",
            "transportation_methods": [
                "Roadway",
                "Sea",
                "Transloading"
            ],
            "shipper": "MSC",
            "nTEU": 0,
            "origin": "BRAZIL",
            "destination": "McIntosh Intersection",
            "name": "58-MSC LORETTA-1:48:BRAZIL"
        },
        {
            "EAT": 18720,
            "LDT": 21600,
            "cargo_categories": [
                "Non-hazardous"
            ],
            "delay_cost": 0,
            "group_uuid": "6a7c6a94-4916-4e4c-b02b-681464a0002b",
            "source": "Berth 32",
            "transportation_methods": [
                "Roadway",
                "Sea",
                "Transloading"
            ],
            "shipper": "MSC",
            "nTEU": 1,
            "origin": "PORTUGAL",
            "destination": "McIntosh Intersection",
            "name": "58-MSC LORETTA-2:19:PORTUGAL"
        },
        {
            "EAT": 18720,
            "LDT": 21600,
            "cargo_categories": [
                "Non-hazardous"
            ],
            "delay_cost": 0,
            "group_uuid": "6a7c6a94-4916-4e4c-b02b-681464a0002b",
            "source": "Berth 32",
            "transportation_methods": [
                "Roadway",
                "Sea",
                "Transloading"
            ],
            "shipper": "MSC",
            "nTEU": 0,
            "origin": "CHILE",
            "destination": "McIntosh Intersection",
            "name": "58-MSC LORETTA-3:16:CHILE"
        },
        {
            "EAT": 18720,
            "LDT": 21600,
            "cargo_categories": [
                "Non-hazardous"
            ],
            "delay_cost": 0,
            "group_uuid": "6a7c6a94-4916-4e4c-b02b-681464a0002b",
            "source": "Berth 32",
            "transportation_methods": [
                "Roadway",
                "Sea",
                "Transloading"
            ],
            "shipper": "MSC",
            "nTEU": 7,
            "origin": "BRAZIL",
            "destination": "McIntosh Intersection",
            "name": "58-MSC LORETTA-4:68:BRAZIL"
        },
        {
            "EAT": 18720,
            "LDT": 21600,
            "cargo_categories": [
                "Non-hazardous"
            ],
            "delay_cost": 0,
            "group_uuid": "6a7c6a94-4916-4e4c-b02b-681464a0002b",
            "source": "Berth 32",
            "transportation_methods": [
                "Roadway",
                "Sea",
                "Transloading"
            ],
            "shipper": "MSC",
            "nTEU": 18,
            "origin": "UNITED KINGDOM",
            "destination": "McIntosh Intersection",
            "name": "58-MSC LORETTA-5:42:UNITED KINGDOM"
        },
        {
            "EAT": 18720,
            "LDT": 21600,
            "cargo_categories": [
                "Non-hazardous"
            ],
            "delay_cost": 0,
            "group_uuid": "6a7c6a94-4916-4e4c-b02b-681464a0002b",
            "source": "Berth 32",
            "transportation_methods": [
                "Roadway",
                "Sea",
                "Transloading"
            ],
            "shipper": "MSC",
            "nTEU": 6,
            "origin": "ITALY",
            "destination": "McIntosh Intersection",
            "name": "58-MSC LORETTA-6:69:ITALY"
        },
        {
            "EAT": 18720,
            "LDT": 21600,
            "cargo_categories": [
                "Non-hazardous"
            ],
            "delay_cost": 0,
            "group_uuid": "6a7c6a94-4916-4e4c-b02b-681464a0002b",
            "source": "Berth 32",
            "transportation_methods": [
                "Roadway",
                "Sea",
                "Transloading"
            ],
            "shipper": "MSC",
            "nTEU": 13,
            "origin": "ITALY",
            "destination": "McIntosh Intersection",
            "name": "58-MSC LORETTA-7:94:ITALY"
        },
        {
            "EAT": 18720,
            "LDT": 21600,
            "cargo_categories": [
                "Non-hazardous"
            ],
            "delay_cost": 0,
            "group_uuid": "6a7c6a94-4916-4e4c-b02b-681464a0002b",
            "source": "Berth 32",
            "transportation_methods": [
                "Roadway",
                "Sea",
                "Transloading"
            ],
            "shipper": "MSC",
            "nTEU": 24,
            "origin": "ITALY",
            "destination": "McIntosh Intersection",
            "name": "58-MSC LORETTA-8:25:ITALY"
        },
        {
            "EAT": 18720,
            "LDT": 21600,
            "cargo_categories": [
                "Non-hazardous"
            ],
            "delay_cost": 0,
            "group_uuid": "6a7c6a94-4916-4e4c-b02b-681464a0002b",
            "source": "Berth 32",
            "transportation_methods": [
                "Roadway",
                "Sea",
                "Transloading"
            ],
            "shipper": "MSC",
            "nTEU": 2,
            "origin": "HONDURAS",
            "destination": "McIntosh Intersection",
            "name": "58-MSC LORETTA-9:87:HONDURAS"
        },
        {
            "EAT": 18720,
            "LDT": 21600,
            "cargo_categories": [
                "Non-hazardous"
            ],
            "delay_cost": 0,
            "group_uuid": "6a7c6a94-4916-4e4c-b02b-681464a0002b",
            "source": "Berth 32",
            "transportation_methods": [
                "Roadway",
                "Sea",
                "Transloading"
            ],
            "shipper": "MSC",
            "nTEU": 160,
            "origin": "SPAIN-S",
            "destination": "McIntosh Intersection",
            "name": "58-MSC LORETTA-10:44:SPAIN-S"
        },
        {
            "EAT": 18720,
            "LDT": 21600,
            "cargo_categories": [
                "Non-hazardous"
            ],
            "delay_cost": 0,
            "group_uuid": "6a7c6a94-4916-4e4c-b02b-681464a0002b",
            "source": "Berth 32",
            "transportation_methods": [
                "Roadway",
                "Sea",
                "Transloading"
            ],
            "shipper": "MSC",
            "nTEU": 3,
            "origin": "DOMINICAN REPUBLIC",
            "destination": "McIntosh Intersection",
            "name": "58-MSC LORETTA-11:90:DOMINICAN REPUBLIC"
        },
        {
            "EAT": 18720,
            "LDT": 21600,
            "cargo_categories": [
                "Non-hazardous"
            ],
            "delay_cost": 0,
            "group_uuid": "6a7c6a94-4916-4e4c-b02b-681464a0002b",
            "source": "Berth 32",
            "transportation_methods": [
                "Roadway",
                "Sea",
                "Transloading"
            ],
            "shipper": "MSC",
            "nTEU": 2,
            "origin": "DOMINICAN REPUBLIC",
            "destination": "McIntosh Intersection",
            "name": "58-MSC LORETTA-12:64:DOMINICAN REPUBLIC"
        },
        {
            "EAT": 18720,
            "LDT": 21600,
            "cargo_categories": [
                "Non-hazardous"
            ],
            "delay_cost": 0,
            "group_uuid": "6a7c6a94-4916-4e4c-b02b-681464a0002b",
            "source": "Berth 32",
            "transportation_methods": [
                "Roadway",
                "Sea",
                "Transloading"
            ],
            "shipper": "MSC",
            "nTEU": 2,
            "origin": "BRAZIL",
            "destination": "McIntosh Intersection",
            "name": "58-MSC LORETTA-13:10:BRAZIL"
        },
        {
            "EAT": 18720,
            "LDT": 21600,
            "cargo_categories": [
                "Non-hazardous"
            ],
            "delay_cost": 0,
            "group_uuid": "6a7c6a94-4916-4e4c-b02b-681464a0002b",
            "source": "Berth 32",
            "transportation_methods": [
                "Roadway",
                "Sea",
                "Transloading"
            ],
            "shipper": "MSC",
            "nTEU": 2,
            "origin": "BELGIUM",
            "destination": "McIntosh Intersection",
            "name": "58-MSC LORETTA-14:17:BELGIUM"
        }
    ]
}