{
    "commodities": [
        {
            "EAT": 17280,
            "LDT": 20160,
            "cargo_categories": [
                "Non-hazardous"
            ],
            "delay_cost": 0,
            "group_uuid": "5abcb907-5a17-4f34-8063-376e12e66703",
            "source": "Berth 30",
            "transportation_methods": [
                "Roadway",
                "Sea",
                "Transloading"
            ],
            "shipper": "FIT",
            "nTEU": 4,
            "origin": "COLOMBIA",
            "destination": "McIntosh Intersection",
            "name": "57-WASHINGTON EXPRESS-0:29:COLOMBIA"
        },
        {
            "EAT": 17280,
            "LDT": 20160,
            "cargo_categories": [
                "Non-hazardous"
            ],
            "delay_cost": 0,
            "group_uuid": "5abcb907-5a17-4f34-8063-376e12e66703",
            "source": "Berth 30",
            "transportation_methods": [
                "Roadway",
                "Sea",
                "Transloading"
            ],
            "shipper": "FIT",
            "nTEU": 1,
            "origin": "ITALY",
            "destination": "McIntosh Intersection",
            "name": "57-WASHINGTON EXPRESS-1:49:ITALY"
        },
        {
            "EAT": 17280,
            "LDT": 20160,
            "cargo_categories": [
                "Non-hazardous"
            ],
            "delay_cost": 0,
            "group_uuid": "5abcb907-5a17-4f34-8063-376e12e66703",
            "source": "Berth 30",
            "transportation_methods": [
                "Roadway",
                "Sea",
                "Transloading"
            ],
            "shipper": "FIT",
            "nTEU": 2,
            "origin": "COLOMBIA",
            "destination": "McIntosh Intersection",
            "name": "57-WASHINGTON EXPRESS-2:32:COLOMBIA"
        },
        {
            "EAT": 17280,
            "LDT": 20160,
            "cargo_categories": [
                "Non-hazardous"
            ],
            "delay_cost": 0,
            "group_uuid": "5abcb907-5a17-4f34-8063-376e12e66703",
            "source": "Berth 30",
            "transportation_methods": [
                "Roadway",
                "Sea",
                "Transloading"
            ],
            "shipper": "FIT",
            "nTEU": 2,
            "origin": "TURKEY",
            "destination": "McIntosh Intersection",
            "name": "57-WASHINGTON EXPRESS-3::TURKEY"
        },
        {
            "EAT": 17280,
            "LDT": 20160,
            "cargo_categories": [
                "Non-hazardous"
            ],
            "delay_cost": 0,
            "group_uuid": "5abcb907-5a17-4f34-8063-376e12e66703",
            "source": "Berth 30",
            "transportation_methods": [
                "Roadway",
                "Sea",
                "Transloading"
            ],
            "shipper": "FIT",
            "nTEU": 6,
            "origin": "COSTA RICA",
            "destination": "McIntosh Intersection",
            "name": "57-WASHINGTON EXPRESS-4:39:COSTA RICA"
        },
        {
            "EAT": 17280,
            "LDT": 20160,
            "cargo_categories": [
                "Non-hazardous"
            ],
            "delay_cost": 0,
            "group_uuid": "5abcb907-5a17-4f34-8063-376e12e66703",
            "source": "Berth 30",
            "transportation_methods": [
                "Roadway",
                "Sea",
                "Transloading"
            ],
            "shipper": "FIT",
            "nTEU": 1,
            "origin": "VIRGIN ISLAND",
            "destination": "McIntosh Intersection",
            "name": "57-WASHINGTON EXPRESS-5:87:VIRGIN ISLAND"
        },
        {
            "EAT": 17280,
            "LDT": 20160,
            "cargo_categories": [
                "Non-hazardous"
            ],
            "delay_cost": 0,
            "group_uuid": "5abcb907-5a17-4f34-8063-376e12e66703",
            "source": "Berth 30",
            "transportation_methods": [
                "Roadway",
                "Sea",
                "Transloading"
            ],
            "shipper": "FIT",
            "nTEU": 3,
            "origin": "DOMINICAN REPUBLIC",
            "destination": "McIntosh Intersection",
            "name": "57-WASHINGTON EXPRESS-6:84:DOMINICAN REPUBLIC"
        },
        {
            "EAT": 17280,
            "LDT": 20160,
            "cargo_categories": [
                "Non-hazardous"
            ],
            "delay_cost": 0,
            "group_uuid": "5abcb907-5a17-4f34-8063-376e12e66703",
            "source": "Berth 30",
            "transportation_methods": [
                "Roadway",
                "Sea",
                "Transloading"
            ],
            "shipper": "FIT",
            "nTEU": 2,
            "origin": "BAHAMAS",
            "destination": "McIntosh Intersection",
            "name": "57-WASHINGTON EXPRESS-7:22:BAHAMAS"
        },
        {
            "EAT": 17280,
            "LDT": 20160,
            "cargo_categories": [
                "Non-hazardous"
            ],
            "delay_cost": 0,
            "group_uuid": "5abcb907-5a17-4f34-8063-376e12e66703",
            "source": "Berth 30",
            "transportation_methods": [
                "Roadway",
                "Sea",
                "Transloading"
            ],
            "shipper": "FIT",
            "nTEU": 2,
            "origin": "GUATEMALA",
            "destination": "McIntosh Intersection",
            "name": "57-WASHINGTON EXPRESS-8:62:GUATEMALA"
        },
        {
            "EAT": 17280,
            "LDT": 20160,
            "cargo_categories": [
                "Non-hazardous"
            ],
            "delay_cost": 0,
            "group_uuid": "5abcb907-5a17-4f34-8063-376e12e66703",
            "source": "Berth 30",
            "transportation_methods": [
                "Roadway",
                "Sea",
                "Transloading"
            ],
            "shipper": "FIT",
            "nTEU": 1,
            "origin": "PORTUGAL",
            "destination": "McIntosh Intersection",
            "name": "57-WASHINGTON EXPRESS-9:20:PORTUGAL"
        },
        {
            "EAT": 17280,
            "LDT": 20160,
            "cargo_categories": [
                "Non-hazardous"
            ],
            "delay_cost": 0,
            "group_uuid": "5abcb907-5a17-4f34-8063-376e12e66703",
            "source": "Berth 30",
            "transportation_methods": [
                "Roadway",
                "Sea",
                "Transloading"
            ],
            "shipper": "FIT",
            "nTEU": 1,
            "origin": "HONDURAS",
            "destination": "McIntosh Intersection",
            "name": "57-WASHINGTON EXPRESS-10:59:HONDURAS"
        },
        {
            "EAT": 17280,
            "LDT": 20160,
            "cargo_categories": [
                "Non-hazardous"
            ],
            "delay_cost": 0,
            "group_uuid": "5abcb907-5a17-4f34-8063-376e12e66703",
            "source": "Berth 30",
            "transportation_methods": [
                "Roadway",
                "Sea",
                "Transloading"
            ],
            "shipper": "FIT",
            "nTEU": 1,
            "origin": "DOMINICAN REPUBLIC",
            "destination": "McIntosh Intersection",
            "name": "57-WASHINGTON EXPRESS-11:90:DOMINICAN REPUBLIC"
        },
        {
            "EAT": 17280,
            "LDT": 20160,
            "cargo_categories": [
                "Non-hazardous"
            ],
            "delay_cost": 0,
            "group_uuid": "5abcb907-5a17-4f34-8063-376e12e66703",
            "source": "Berth 30",
            "transportation_methods": [
                "Roadway",
                "Sea",
                "Transloading"
            ],
            "shipper": "FIT",
            "nTEU": 1,
            "origin": "VIRGIN ISLAND",
            "destination": "McIntosh Intersection",
            "name": "57-WASHINGTON EXPRESS-12:30:VIRGIN ISLAND"
        },
        {
            "EAT": 17280,
            "LDT": 20160,
            "cargo_categories": [
                "Non-hazardous"
            ],
            "delay_cost": 0,
            "group_uuid": "5abcb907-5a17-4f34-8063-376e12e66703",
            "source": "Berth 30",
            "transportation_methods": [
                "Roadway",
                "Sea",
                "Transloading"
            ],
            "shipper": "FIT",
            "nTEU": 2,
            "origin": "PANAMA",
            "destination": "McIntosh Intersection",
            "name": "57-WASHINGTON EXPRESS-13:3:PANAMA"
        },
        {
            "EAT": 17280,
            "LDT": 20160,
            "cargo_categories": [
                "Non-hazardous"
            ],
            "delay_cost": 0,
            "group_uuid": "5abcb907-5a17-4f34-8063-376e12e66703",
            "source": "Berth 30",
            "transportation_methods": [
                "Roadway",
                "Sea",
                "Transloading"
            ],
            "shipper": "FIT",
            "nTEU": 1,
            "origin": "BELGIUM",
            "destination": "McIntosh Intersection",
            "name": "57-WASHINGTON EXPRESS-14:33:BELGIUM"
        },
        {
            "EAT": 17280,
            "LDT": 20160,
            "cargo_categories": [
                "Non-hazardous"
            ],
            "delay_cost": 0,
            "group_uuid": "5abcb907-5a17-4f34-8063-376e12e66703",
            "source": "Berth 30",
            "transportation_methods": [
                "Roadway",
                "Sea",
                "Transloading"
            ],
            "shipper": "FIT",
            "nTEU": 1,
            "origin": "ITALY",
            "destination": "McIntosh Intersection",
            "name": "57-WASHINGTON EXPRESS-15:21:ITALY"
        },
        {
            "EAT": 17280,
            "LDT": 20160,
            "cargo_categories": [
                "Non-hazardous"
            ],
            "delay_cost": 0,
            "group_uuid": "5abcb907-5a17-4f34-8063-376e12e66703",
            "source": "Berth 30",
            "transportation_methods": [
                "Roadway",
                "Sea",
                "Transloading"
            ],
            "shipper": "FIT",
            "nTEU": 1,
            "origin": "UNITED KINGDOM",
            "destination": "McIntosh Intersection",
            "name": "57-WASHINGTON EXPRESS-16:38:UNITED KINGDOM"
        },
        {
            "EAT": 17280,
            "LDT": 20160,
            "cargo_categories": [
                "Non-hazardous"
            ],
            "delay_cost": 0,
            "group_uuid": "5abcb907-5a17-4f34-8063-376e12e66703",
            "source": "Berth 30",
            "transportation_methods": [
                "Roadway",
                "Sea",
                "Transloading"
            ],
            "shipper": "FIT",
            "nTEU": 2,
            "origin": "DOMINICAN REPUBLIC",
            "destination": "McIntosh Intersection",
            "name": "57-WASHINGTON EXPRESS-17:28:DOMINICAN REPUBLIC"
        },
        {
            "EAT": 17280,
            "LDT": 20160,
            "cargo_categories": [
                "Non-hazardous"
            ],
            "delay_cost": 0,
            "group_uuid": "5abcb907-5a17-4f34-8063-376e12e66703",
            "source": "Berth 30",
            "transportation_methods": [
                "Roadway",
                "Sea",
                "Transloading"
            ],
            "shipper": "FIT",
            "nTEU": 2,
            "origin": "GERMANY",
            "destination": "McIntosh Intersection",
            "name": "57-WASHINGTON EXPRESS-18:44:GERMANY"
        },
        {
            "EAT": 17280,
            "LDT": 20160,
            "cargo_categories": [
                "Non-hazardous"
            ],
            "delay_cost": 0,
            "group_uuid": "5abcb907-5a17-4f34-8063-376e12e66703",
            "source": "Berth 30",
            "transportation_methods": [
                "Roadway",
                "Sea",
                "Transloading"
            ],
            "shipper": "FIT",
            "nTEU": 2,
            "origin": "HONDURAS",
            "destination": "McIntosh Intersection",
            "name": "57-WASHINGTON EXPRESS-19:2:HONDURAS"
        },
        {
            "EAT": 17280,
            "LDT": 20160,
            "cargo_categories": [
                "Non-hazardous"
            ],
            "delay_cost": 0,
            "group_uuid": "5abcb907-5a17-4f34-8063-376e12e66703",
            "source": "Berth 30",
            "transportation_methods": [
                "Roadway",
                "Sea",
                "Transloading"
            ],
            "shipper": "FIT",
            "nTEU": 5,
            "origin": "BELGIUM",
            "destination": "McIntosh Intersection",
            "name": "57-WASHINGTON EXPRESS-20:94:BELGIUM"
        },
        {
            "EAT": 17280,
            "LDT": 20160,
            "cargo_categories": [
                "Non-hazardous"
            ],
            "delay_cost": 0,
            "group_uuid": "5abcb907-5a17-4f34-8063-376e12e66703",
            "source": "Berth 30",
            "transportation_methods": [
                "Roadway",
                "Sea",
                "Transloading"
            ],
            "shipper": "FIT",
            "nTEU": 4,
            "origin": "COSTA RICA",
            "destination": "McIntosh Intersection",
            "name": "57-WASHINGTON EXPRESS-21:40:COSTA RICA"
        },
        {
            "EAT": 17280,
            "LDT": 20160,
            "cargo_categories": [
                "Non-hazardous"
            ],
            "delay_cost": 0,
            "group_uuid": "5abcb907-5a17-4f34-8063-376e12e66703",
            "source": "Berth 30",
            "transportation_methods": [
                "Roadway",
                "Sea",
                "Transloading"
            ],
            "shipper": "FIT",
            "nTEU": 7,
            "origin": "GUATEMALA",
            "destination": "McIntosh Intersection",
            "name": "57-WASHINGTON EXPRESS-22:76:GUATEMALA"
        },
        {
            "EAT": 17280,
            "LDT": 20160,
            "cargo_categories": [
                "Non-hazardous"
            ],
            "delay_cost": 0,
            "group_uuid": "5abcb907-5a17-4f34-8063-376e12e66703",
            "source": "Berth 30",
            "transportation_methods": [
                "Roadway",
                "Sea",
                "Transloading"
            ],
            "shipper": "FIT",
            "nTEU": 5,
            "origin": "DOMINICAN REPUBLIC",
            "destination": "McIntosh Intersection",
            "name": "57-WASHINGTON EXPRESS-23:85:DOMINICAN REPUBLIC"
        },
        {
            "EAT": 17280,
            "LDT": 20160,
            "cargo_categories": [
                "Non-hazardous"
            ],
            "delay_cost": 0,
            "group_uuid": "5abcb907-5a17-4f34-8063-376e12e66703",
            "source": "Berth 30",
            "transportation_methods": [
                "Roadway",
                "Sea",
                "Transloading"
            ],
            "shipper": "FIT",
            "nTEU": 4,
            "origin": "ITALY",
            "destination": "McIntosh Intersection",
            "name": "57-WASHINGTON EXPRESS-24:89:ITALY"
        },
        {
            "EAT": 17280,
            "LDT": 20160,
            "cargo_categories": [
                "Non-hazardous"
            ],
            "delay_cost": 0,
            "group_uuid": "5abcb907-5a17-4f34-8063-376e12e66703",
            "source": "Berth 30",
            "transportation_methods": [
                "Roadway",
                "Sea",
                "Transloading"
            ],
            "shipper": "FIT",
            "nTEU": 30,
            "origin": "DOMINICAN REPUBLIC",
            "destination": "McIntosh Intersection",
            "name": "57-WASHINGTON EXPRESS-25:19:DOMINICAN REPUBLIC"
        },
        {
            "EAT": 17280,
            "LDT": 20160,
            "cargo_categories": [
                "Non-hazardous"
            ],
            "delay_cost": 0,
            "group_uuid": "5abcb907-5a17-4f34-8063-376e12e66703",
            "source": "Berth 30",
            "transportation_methods": [
                "Roadway",
                "Sea",
                "Transloading"
            ],
            "shipper": "FIT",
            "nTEU": 1,
            "origin": "CHILE",
            "destination": "McIntosh Intersection",
            "name": "57-WASHINGTON EXPRESS-26:12:CHILE"
        },
        {
            "EAT": 17280,
            "LDT": 20160,
            "cargo_categories": [
                "Non-hazardous"
            ],
            "delay_cost": 0,
            "group_uuid": "5abcb907-5a17-4f34-8063-376e12e66703",
            "source": "Berth 30",
            "transportation_methods": [
                "Roadway",
                "Sea",
                "Transloading"
            ],
            "shipper": "FIT",
            "nTEU": 1,
            "origin": "GERMANY",
            "destination": "McIntosh Intersection",
            "name": "57-WASHINGTON EXPRESS-27:93:GERMANY"
        },
        {
            "EAT": 17280,
            "LDT": 20160,
            "cargo_categories": [
                "Non-hazardous"
            ],
            "delay_cost": 0,
            "group_uuid": "5abcb907-5a17-4f34-8063-376e12e66703",
            "source": "Berth 30",
            "transportation_methods": [
                "Roadway",
                "Sea",
                "Transloading"
            ],
            "shipper": "FIT",
            "nTEU": 1,
            "origin": "PANAMA",
            "destination": "McIntosh Intersection",
            "name": "57-WASHINGTON EXPRESS-28:97:PANAMA"
        },
        {
            "EAT": 17280,
            "LDT": 20160,
            "cargo_categories": [
                "Non-hazardous"
            ],
            "delay_cost": 0,
            "group_uuid": "5abcb907-5a17-4f34-8063-376e12e66703",
            "source": "Berth 30",
            "transportation_methods": [
                "Roadway",
                "Sea",
                "Transloading"
            ],
            "shipper": "FIT",
            "nTEU": 1,
            "origin": "COLOMBIA",
            "destination": "McIntosh Intersection",
            "name": "57-WASHINGTON EXPRESS-29:69:COLOMBIA"
        },
        {
            "EAT": 17280,
            "LDT": 20160,
            "cargo_categories": [
                "Non-hazardous"
            ],
            "delay_cost": 0,
            "group_uuid": "5abcb907-5a17-4f34-8063-376e12e66703",
            "source": "Berth 30",
            "transportation_methods": [
                "Roadway",
                "Sea",
                "Transloading"
            ],
            "shipper": "FIT",
            "nTEU": 3,
            "origin": "GUATEMALA",
            "destination": "McIntosh Intersection",
            "name": "57-WASHINGTON EXPRESS-30:86:GUATEMALA"
        },
        {
            "EAT": 17280,
            "LDT": 20160,
            "cargo_categories": [
                "Non-hazardous"
            ],
            "delay_cost": 0,
            "group_uuid": "5abcb907-5a17-4f34-8063-376e12e66703",
            "source": "Berth 30",
            "transportation_methods": [
                "Roadway",
                "Sea",
                "Transloading"
            ],
            "shipper": "FIT",
            "nTEU": 9,
            "origin": "CAYMAN ISLANDS",
            "destination": "McIntosh Intersection",
            "name": "57-WASHINGTON EXPRESS-31:73:CAYMAN ISLANDS"
        },
        {
            "EAT": 17280,
            "LDT": 20160,
            "cargo_categories": [
                "Non-hazardous"
            ],
            "delay_cost": 0,
            "group_uuid": "5abcb907-5a17-4f34-8063-376e12e66703",
            "source": "Berth 30",
            "transportation_methods": [
                "Roadway",
                "Sea",
                "Transloading"
            ],
            "shipper": "FIT",
            "nTEU": 6,
            "origin": "BELGIUM",
            "destination": "McIntosh Intersection",
            "name": "57-WASHINGTON EXPRESS-32:18:BELGIUM"
        },
        {
            "EAT": 17280,
            "LDT": 20160,
            "cargo_categories": [
                "Non-hazardous"
            ],
            "delay_cost": 0,
            "group_uuid": "5abcb907-5a17-4f34-8063-376e12e66703",
            "source": "Berth 30",
            "transportation_methods": [
                "Roadway",
                "Sea",
                "Transloading"
            ],
            "shipper": "FIT",
            "nTEU": 1,
            "origin": "BELGIUM",
            "destination": "McIntosh Intersection",
            "name": "57-WASHINGTON EXPRESS-33:95:BELGIUM"
        }
    ]
}