{
    "commodities": [
        {
            "EAT": 1225,
            "LDT": 4105,
            "cargo_categories": [
                "Non-hazardous"
            ],
            "delay_cost": 0,
            "group_uuid": "4f3b0593-a9b5-4007-b99e-b42fdd4ce6be",
            "source": "Berth 32",
            "transportation_methods": [
                "Roadway",
                "Sea",
                "Transloading"
            ],
            "shipper": "Crowley",
            "nTEU": 18,
            "origin": "CAYMAN ISLANDS",
            "destination": "McIntosh Intersection",
            "name": "7-AS FIORELLA-0:86:CAYMAN ISLANDS"
        },
        {
            "EAT": 1225,
            "LDT": 4105,
            "cargo_categories": [
                "Non-hazardous"
            ],
            "delay_cost": 0,
            "group_uuid": "4f3b0593-a9b5-4007-b99e-b42fdd4ce6be",
            "source": "Berth 32",
            "transportation_methods": [
                "Roadway",
                "Sea",
                "Transloading"
            ],
            "shipper": "Crowley",
            "nTEU": 2,
            "origin": "DOMINICAN REPUBLIC",
            "destination": "McIntosh Intersection",
            "name": "7-AS FIORELLA-1:25:DOMINICAN REPUBLIC"
        },
        {
            "EAT": 1225,
            "LDT": 4105,
            "cargo_categories": [
                "Non-hazardous"
            ],
            "delay_cost": 0,
            "group_uuid": "4f3b0593-a9b5-4007-b99e-b42fdd4ce6be",
            "source": "Berth 32",
            "transportation_methods": [
                "Roadway",
                "Sea",
                "Transloading"
            ],
            "shipper": "Crowley",
            "nTEU": 7,
            "origin": "CHILE",
            "destination": "McIntosh Intersection",
            "name": "7-AS FIORELLA-2:30:CHILE"
        },
        {
            "EAT": 1225,
            "LDT": 4105,
            "cargo_categories": [
                "Non-hazardous"
            ],
            "delay_cost": 10,
            "group_uuid": "4f3b0593-a9b5-4007-b99e-b42fdd4ce6be",
            "source": "Berth 32",
            "transportation_methods": [
                "Roadway",
                "Sea",
                "Transloading"
            ],
            "shipper": "Crowley",
            "nTEU": 2,
            "origin": "HONDURAS",
            "destination": "McIntosh Intersection",
            "name": "7-AS FIORELLA-3:8:HONDURAS"
        },
        {
            "EAT": 1225,
            "LDT": 4105,
            "cargo_categories": [
                "Non-hazardous"
            ],
            "delay_cost": 0,
            "group_uuid": "4f3b0593-a9b5-4007-b99e-b42fdd4ce6be",
            "source": "Berth 32",
            "transportation_methods": [
                "Roadway",
                "Sea",
                "Transloading"
            ],
            "shipper": "Crowley",
            "nTEU": 4,
            "origin": "CHILE",
            "destination": "McIntosh Intersection",
            "name": "7-AS FIORELLA-4:3:CHILE"
        },
        {
            "EAT": 1225,
            "LDT": 4105,
            "cargo_categories": [
                "Non-hazardous"
            ],
            "delay_cost": 0,
            "group_uuid": "4f3b0593-a9b5-4007-b99e-b42fdd4ce6be",
            "source": "Berth 32",
            "transportation_methods": [
                "Roadway",
                "Sea",
                "Transloading"
            ],
            "shipper": "Crowley",
            "nTEU": 3,
            "origin": "ITALY",
            "destination": "McIntosh Intersection",
            "name": "7-AS FIORELLA-5:84:ITALY"
        },
        {
            "EAT": 1225,
            "LDT": 4105,
            "cargo_categories": [
                "Non-hazardous"
            ],
            "delay_cost": 0,
            "group_uuid": "4f3b0593-a9b5-4007-b99e-b42fdd4ce6be",
            "source": "Berth 32",
            "transportation_methods": [
                "Roadway",
                "Sea",
                "Transloading"
            ],
            "shipper": "Crowley",
            "nTEU": 8,
            "origin": "ITALY",
            "destination": "McIntosh Intersection",
            "name": "7-AS FIORELLA-6:87:ITALY"
        },
        {
            "EAT": 1225,
            "LDT": 4105,
            "cargo_categories": [
                "Non-hazardous"
            ],
            "delay_cost": 0,
            "group_uuid": "4f3b0593-a9b5-4007-b99e-b42fdd4ce6be",
            "source": "Berth 32",
            "transportation_methods": [
                "Roadway",
                "Sea",
                "Transloading"
            ],
            "shipper": "Crowley",
            "nTEU": 4,
            "origin": "GUATEMALA",
            "destination": "McIntosh Intersection",
            "name": "7-AS FIORELLA-7:62:GUATEMALA"
        },
        {
            "EAT": 1225,
            "LDT": 4105,
            "cargo_categories": [
                "Non-hazardous"
            ],
            "delay_cost": 0,
            "group_uuid": "4f3b0593-a9b5-4007-b99e-b42fdd4ce6be",
            "source": "Berth 32",
            "transportation_methods": [
                "Roadway",
                "Sea",
                "Transloading"
            ],
            "shipper": "Crowley",
            "nTEU": 1,
            "origin": "DOMINICAN REPUBLIC",
            "destination": "McIntosh Intersection",
            "name": "7-AS FIORELLA-8:90:DOMINICAN REPUBLIC"
        },
        {
            "EAT": 1225,
            "LDT": 4105,
            "cargo_categories": [
                "Non-hazardous"
            ],
            "delay_cost": 0,
            "group_uuid": "4f3b0593-a9b5-4007-b99e-b42fdd4ce6be",
            "source": "Berth 32",
            "transportation_methods": [
                "Roadway",
                "Sea",
                "Transloading"
            ],
            "shipper": "Crowley",
            "nTEU": 1,
            "origin": "CHILE",
            "destination": "McIntosh Intersection",
            "name": "7-AS FIORELLA-9:14:CHILE"
        },
        {
            "EAT": 1225,
            "LDT": 4105,
            "cargo_categories": [
                "Non-hazardous"
            ],
            "delay_cost": 0,
            "group_uuid": "4f3b0593-a9b5-4007-b99e-b42fdd4ce6be",
            "source": "Berth 32",
            "transportation_methods": [
                "Roadway",
                "Sea",
                "Transloading"
            ],
            "shipper": "Crowley",
            "nTEU": 1,
            "origin": "BRAZIL",
            "destination": "McIntosh Intersection",
            "name": "7-AS FIORELLA-10:85:BRAZIL"
        },
        {
            "EAT": 1225,
            "LDT": 4105,
            "cargo_categories": [
                "Non-hazardous"
            ],
            "delay_cost": 0,
            "group_uuid": "4f3b0593-a9b5-4007-b99e-b42fdd4ce6be",
            "source": "Berth 32",
            "transportation_methods": [
                "Roadway",
                "Sea",
                "Transloading"
            ],
            "shipper": "Crowley",
            "nTEU": 5,
            "origin": "PORTUGAL",
            "destination": "McIntosh Intersection",
            "name": "7-AS FIORELLA-11:33:PORTUGAL"
        },
        {
            "EAT": 1225,
            "LDT": 4105,
            "cargo_categories": [
                "Non-hazardous"
            ],
            "delay_cost": 0,
            "group_uuid": "4f3b0593-a9b5-4007-b99e-b42fdd4ce6be",
            "source": "Berth 32",
            "transportation_methods": [
                "Roadway",
                "Sea",
                "Transloading"
            ],
            "shipper": "Crowley",
            "nTEU": 2,
            "origin": "BELIZE",
            "destination": "McIntosh Intersection",
            "name": "7-AS FIORELLA-12:21:BELIZE"
        },
        {
            "EAT": 1225,
            "LDT": 4105,
            "cargo_categories": [
                "Non-hazardous"
            ],
            "delay_cost": 0,
            "group_uuid": "4f3b0593-a9b5-4007-b99e-b42fdd4ce6be",
            "source": "Berth 32",
            "transportation_methods": [
                "Roadway",
                "Sea",
                "Transloading"
            ],
            "shipper": "Crowley",
            "nTEU": 1,
            "origin": "GERMANY",
            "destination": "McIntosh Intersection",
            "name": "7-AS FIORELLA-13:38:GERMANY"
        },
        {
            "EAT": 1225,
            "LDT": 4105,
            "cargo_categories": [
                "Non-hazardous"
            ],
            "delay_cost": 0,
            "group_uuid": "4f3b0593-a9b5-4007-b99e-b42fdd4ce6be",
            "source": "Berth 32",
            "transportation_methods": [
                "Roadway",
                "Sea",
                "Transloading"
            ],
            "shipper": "Crowley",
            "nTEU": 30,
            "origin": "VIRGIN ISLAND",
            "destination": "McIntosh Intersection",
            "name": "7-AS FIORELLA-14:72:VIRGIN ISLAND"
        },
        {
            "EAT": 1225,
            "LDT": 4105,
            "cargo_categories": [
                "Non-hazardous"
            ],
            "delay_cost": 0,
            "group_uuid": "4f3b0593-a9b5-4007-b99e-b42fdd4ce6be",
            "source": "Berth 32",
            "transportation_methods": [
                "Roadway",
                "Sea",
                "Transloading"
            ],
            "shipper": "Crowley",
            "nTEU": 2,
            "origin": "COLOMBIA",
            "destination": "McIntosh Intersection",
            "name": "7-AS FIORELLA-15:52:COLOMBIA"
        },
        {
            "EAT": 1225,
            "LDT": 4105,
            "cargo_categories": [
                "Non-hazardous"
            ],
            "delay_cost": 0,
            "group_uuid": "4f3b0593-a9b5-4007-b99e-b42fdd4ce6be",
            "source": "Berth 32",
            "transportation_methods": [
                "Roadway",
                "Sea",
                "Transloading"
            ],
            "shipper": "Crowley",
            "nTEU": 2,
            "origin": "UNITED KINGDOM",
            "destination": "McIntosh Intersection",
            "name": "7-AS FIORELLA-16:42:UNITED KINGDOM"
        },
        {
            "EAT": 1225,
            "LDT": 4105,
            "cargo_categories": [
                "Non-hazardous"
            ],
            "delay_cost": 0,
            "group_uuid": "4f3b0593-a9b5-4007-b99e-b42fdd4ce6be",
            "source": "Berth 32",
            "transportation_methods": [
                "Roadway",
                "Sea",
                "Transloading"
            ],
            "shipper": "Crowley",
            "nTEU": 13,
            "origin": "BRAZIL",
            "destination": "McIntosh Intersection",
            "name": "7-AS FIORELLA-17:44:BRAZIL"
        },
        {
            "EAT": 1225,
            "LDT": 4105,
            "cargo_categories": [
                "Non-hazardous"
            ],
            "delay_cost": 0,
            "group_uuid": "4f3b0593-a9b5-4007-b99e-b42fdd4ce6be",
            "source": "Berth 32",
            "transportation_methods": [
                "Roadway",
                "Sea",
                "Transloading"
            ],
            "shipper": "Crowley",
            "nTEU": 20,
            "origin": "DOMINICAN REPUBLIC",
            "destination": "McIntosh Intersection",
            "name": "7-AS FIORELLA-18:24:DOMINICAN REPUBLIC"
        },
        {
            "EAT": 1225,
            "LDT": 4105,
            "cargo_categories": [
                "Non-hazardous"
            ],
            "delay_cost": 0,
            "group_uuid": "4f3b0593-a9b5-4007-b99e-b42fdd4ce6be",
            "source": "Berth 32",
            "transportation_methods": [
                "Roadway",
                "Sea",
                "Transloading"
            ],
            "shipper": "Crowley",
            "nTEU": 1,
            "origin": "COSTA RICA",
            "destination": "McIntosh Intersection",
            "name": "7-AS FIORELLA-19:40:COSTA RICA"
        },
        {
            "EAT": 1225,
            "LDT": 4105,
            "cargo_categories": [
                "Non-hazardous"
            ],
            "delay_cost": 0,
            "group_uuid": "4f3b0593-a9b5-4007-b99e-b42fdd4ce6be",
            "source": "Berth 32",
            "transportation_methods": [
                "Roadway",
                "Sea",
                "Transloading"
            ],
            "shipper": "Crowley",
            "nTEU": 1,
            "origin": "CAYMAN ISLANDS",
            "destination": "McIntosh Intersection",
            "name": "7-AS FIORELLA-20:27:CAYMAN ISLANDS"
        },
        {
            "EAT": 1225,
            "LDT": 4105,
            "cargo_categories": [
                "Non-hazardous"
            ],
            "delay_cost": 0,
            "group_uuid": "4f3b0593-a9b5-4007-b99e-b42fdd4ce6be",
            "source": "Berth 32",
            "transportation_methods": [
                "Roadway",
                "Sea",
                "Transloading"
            ],
            "shipper": "Crowley",
            "nTEU": 8,
            "origin": "HONDURAS",
            "destination": "McIntosh Intersection",
            "name": "7-AS FIORELLA-21::HONDURAS"
        },
        {
            "EAT": 1225,
            "LDT": 4105,
            "cargo_categories": [
                "Non-hazardous"
            ],
            "delay_cost": 0,
            "group_uuid": "4f3b0593-a9b5-4007-b99e-b42fdd4ce6be",
            "source": "Berth 32",
            "transportation_methods": [
                "Roadway",
                "Sea",
                "Transloading"
            ],
            "shipper": "Crowley",
            "nTEU": 13,
            "origin": "CHILE",
            "destination": "McIntosh Intersection",
            "name": "7-AS FIORELLA-22:73:CHILE"
        },
        {
            "EAT": 1225,
            "LDT": 4105,
            "cargo_categories": [
                "Non-hazardous"
            ],
            "delay_cost": 0,
            "group_uuid": "4f3b0593-a9b5-4007-b99e-b42fdd4ce6be",
            "source": "Berth 32",
            "transportation_methods": [
                "Roadway",
                "Sea",
                "Transloading"
            ],
            "shipper": "Crowley",
            "nTEU": 2,
            "origin": "ITALY",
            "destination": "McIntosh Intersection",
            "name": "7-AS FIORELLA-23:32:ITALY"
        },
        {
            "EAT": 1225,
            "LDT": 4105,
            "cargo_categories": [
                "Non-hazardous"
            ],
            "delay_cost": 0,
            "group_uuid": "4f3b0593-a9b5-4007-b99e-b42fdd4ce6be",
            "source": "Berth 32",
            "transportation_methods": [
                "Roadway",
                "Sea",
                "Transloading"
            ],
            "shipper": "Crowley",
            "nTEU": 1,
            "origin": "COLOMBIA",
            "destination": "McIntosh Intersection",
            "name": "7-AS FIORELLA-24:96:COLOMBIA"
        }
    ]
}