{
    "commodities": [
        {
            "EAT": 0,
            "LDT": 2880,
            "cargo_categories": [
                "Non-hazardous"
            ],
            "delay_cost": 0,
            "group_uuid": "5814f1e4-c0a4-4e96-a5de-65c4bf23c1fb",
            "source": "Berth 33",
            "transportation_methods": [
                "Roadway",
                "Sea",
                "Transloading"
            ],
            "shipper": "FIT",
            "nTEU": 0,
            "origin": "GUATEMALA",
            "destination": "McIntosh Intersection",
            "name": "12-FLORIDA EXPRESS-0:86:GUATEMALA"
        },
        {
            "EAT": 0,
            "LDT": 2880,
            "cargo_categories": [
                "Non-hazardous"
            ],
            "delay_cost": 0,
            "group_uuid": "5814f1e4-c0a4-4e96-a5de-65c4bf23c1fb",
            "source": "Berth 33",
            "transportation_methods": [
                "Roadway",
                "Sea",
                "Transloading"
            ],
            "shipper": "FIT",
            "nTEU": 4,
            "origin": "ITALY",
            "destination": "McIntosh Intersection",
            "name": "12-FLORIDA EXPRESS-1:89:ITALY"
        },
        {
            "EAT": 0,
            "LDT": 2880,
            "cargo_categories": [
                "Non-hazardous"
            ],
            "delay_cost": 0,
            "group_uuid": "5814f1e4-c0a4-4e96-a5de-65c4bf23c1fb",
            "source": "Berth 33",
            "transportation_methods": [
                "Roadway",
                "Sea",
                "Transloading"
            ],
            "shipper": "FIT",
            "nTEU": 7,
            "origin": "HONDURAS",
            "destination": "McIntosh Intersection",
            "name": "12-FLORIDA EXPRESS-2:27:HONDURAS"
        }
    ]
}