{
    "commodities": [
        {
            "EAT": 7200,
            "LDT": 10080,
            "cargo_categories": [
                "Non-hazardous"
            ],
            "delay_cost": 0,
            "group_uuid": "2ff423fa-59ed-42f2-82c1-d382eba9e95b",
            "source": "Berth 32",
            "transportation_methods": [
                "Roadway",
                "Sea",
                "Transloading"
            ],
            "shipper": "MSC",
            "nTEU": 2,
            "origin": "PANAMA",
            "destination": "McIntosh Intersection",
            "name": "27-MAERSK IDAHO-0:4:PANAMA"
        },
        {
            "EAT": 7200,
            "LDT": 10080,
            "cargo_categories": [
                "Non-hazardous"
            ],
            "delay_cost": 0,
            "group_uuid": "2ff423fa-59ed-42f2-82c1-d382eba9e95b",
            "source": "Berth 32",
            "transportation_methods": [
                "Roadway",
                "Sea",
                "Transloading"
            ],
            "shipper": "MSC",
            "nTEU": 10,
            "origin": "PANAMA",
            "destination": "McIntosh Intersection",
            "name": "27-MAERSK IDAHO-1:74:PANAMA"
        },
        {
            "EAT": 7200,
            "LDT": 10080,
            "cargo_categories": [
                "Non-hazardous"
            ],
            "delay_cost": 0,
            "group_uuid": "2ff423fa-59ed-42f2-82c1-d382eba9e95b",
            "source": "Berth 32",
            "transportation_methods": [
                "Roadway",
                "Sea",
                "Transloading"
            ],
            "shipper": "FIT",
            "nTEU": 2,
            "origin": "GERMANY",
            "destination": "McIntosh Intersection",
            "name": "27-MAERSK IDAHO-2:73:GERMANY"
        },
        {
            "EAT": 7200,
            "LDT": 10080,
            "cargo_categories": [
                "Non-hazardous"
            ],
            "delay_cost": 0,
            "group_uuid": "2ff423fa-59ed-42f2-82c1-d382eba9e95b",
            "source": "Berth 32",
            "transportation_methods": [
                "Roadway",
                "Sea",
                "Transloading"
            ],
            "shipper": "FIT",
            "nTEU": 10,
            "origin": "GUATEMALA",
            "destination": "McIntosh Intersection",
            "name": "27-MAERSK IDAHO-3:20:GUATEMALA"
        },
        {
            "EAT": 7200,
            "LDT": 10080,
            "cargo_categories": [
                "Non-hazardous"
            ],
            "delay_cost": 0,
            "group_uuid": "2ff423fa-59ed-42f2-82c1-d382eba9e95b",
            "source": "Berth 32",
            "transportation_methods": [
                "Roadway",
                "Sea",
                "Transloading"
            ],
            "shipper": "FIT",
            "nTEU": 3,
            "origin": "GERMANY",
            "destination": "McIntosh Intersection",
            "name": "27-MAERSK IDAHO-4:28:GERMANY"
        },
        {
            "EAT": 7200,
            "LDT": 10080,
            "cargo_categories": [
                "Non-hazardous"
            ],
            "delay_cost": 0,
            "group_uuid": "2ff423fa-59ed-42f2-82c1-d382eba9e95b",
            "source": "Berth 32",
            "transportation_methods": [
                "Roadway",
                "Sea",
                "Transloading"
            ],
            "shipper": "FIT",
            "nTEU": 6,
            "origin": "NICARAGUA",
            "destination": "McIntosh Intersection",
            "name": "27-MAERSK IDAHO-5:2:NICARAGUA"
        },
        {
            "EAT": 7200,
            "LDT": 10080,
            "cargo_categories": [
                "Non-hazardous"
            ],
            "delay_cost": 0,
            "group_uuid": "2ff423fa-59ed-42f2-82c1-d382eba9e95b",
            "source": "Berth 32",
            "transportation_methods": [
                "Roadway",
                "Sea",
                "Transloading"
            ],
            "shipper": "MSC",
            "nTEU": 6,
            "origin": "DOMINICAN REPUBLIC",
            "destination": "McIntosh Intersection",
            "name": "27-MAERSK IDAHO-6:85:DOMINICAN REPUBLIC"
        },
        {
            "EAT": 7200,
            "LDT": 10080,
            "cargo_categories": [
                "Non-hazardous"
            ],
            "delay_cost": 0,
            "group_uuid": "2ff423fa-59ed-42f2-82c1-d382eba9e95b",
            "source": "Berth 32",
            "transportation_methods": [
                "Roadway",
                "Sea",
                "Transloading"
            ],
            "shipper": "MSC",
            "nTEU": 4,
            "origin": "COLOMBIA",
            "destination": "McIntosh Intersection",
            "name": "27-MAERSK IDAHO-7:29:COLOMBIA"
        },
        {
            "EAT": 7200,
            "LDT": 10080,
            "cargo_categories": [
                "Non-hazardous"
            ],
            "delay_cost": 0,
            "group_uuid": "2ff423fa-59ed-42f2-82c1-d382eba9e95b",
            "source": "Berth 32",
            "transportation_methods": [
                "Roadway",
                "Sea",
                "Transloading"
            ],
            "shipper": "FIT",
            "nTEU": 49,
            "origin": "DOMINICAN REPUBLIC",
            "destination": "McIntosh Intersection",
            "name": "27-MAERSK IDAHO-8:84:DOMINICAN REPUBLIC"
        },
        {
            "EAT": 7200,
            "LDT": 10080,
            "cargo_categories": [
                "Non-hazardous"
            ],
            "delay_cost": 0,
            "group_uuid": "2ff423fa-59ed-42f2-82c1-d382eba9e95b",
            "source": "Berth 32",
            "transportation_methods": [
                "Roadway",
                "Sea",
                "Transloading"
            ],
            "shipper": "FIT",
            "nTEU": 7,
            "origin": "GERMANY",
            "destination": "McIntosh Intersection",
            "name": "27-MAERSK IDAHO-9:26:GERMANY"
        },
        {
            "EAT": 7200,
            "LDT": 10080,
            "cargo_categories": [
                "Non-hazardous"
            ],
            "delay_cost": 0,
            "group_uuid": "2ff423fa-59ed-42f2-82c1-d382eba9e95b",
            "source": "Berth 32",
            "transportation_methods": [
                "Roadway",
                "Sea",
                "Transloading"
            ],
            "shipper": "MSC",
            "nTEU": 2,
            "origin": "ITALY",
            "destination": "McIntosh Intersection",
            "name": "27-MAERSK IDAHO-10:94:ITALY"
        },
        {
            "EAT": 7200,
            "LDT": 10080,
            "cargo_categories": [
                "Non-hazardous"
            ],
            "delay_cost": 0,
            "group_uuid": "2ff423fa-59ed-42f2-82c1-d382eba9e95b",
            "source": "Berth 32",
            "transportation_methods": [
                "Roadway",
                "Sea",
                "Transloading"
            ],
            "shipper": "FIT",
            "nTEU": 12,
            "origin": "COLOMBIA",
            "destination": "McIntosh Intersection",
            "name": "27-MAERSK IDAHO-11:76:COLOMBIA"
        },
        {
            "EAT": 7200,
            "LDT": 10080,
            "cargo_categories": [
                "Non-hazardous"
            ],
            "delay_cost": 0,
            "group_uuid": "2ff423fa-59ed-42f2-82c1-d382eba9e95b",
            "source": "Berth 32",
            "transportation_methods": [
                "Roadway",
                "Sea",
                "Transloading"
            ],
            "shipper": "FIT",
            "nTEU": 9,
            "origin": "SPAIN-S",
            "destination": "McIntosh Intersection",
            "name": "27-MAERSK IDAHO-12:31:SPAIN-S"
        },
        {
            "EAT": 7200,
            "LDT": 10080,
            "cargo_categories": [
                "Non-hazardous"
            ],
            "delay_cost": 0,
            "group_uuid": "2ff423fa-59ed-42f2-82c1-d382eba9e95b",
            "source": "Berth 32",
            "transportation_methods": [
                "Roadway",
                "Sea",
                "Transloading"
            ],
            "shipper": "FIT",
            "nTEU": 10,
            "origin": "BRAZIL",
            "destination": "McIntosh Intersection",
            "name": "27-MAERSK IDAHO-13:44:BRAZIL"
        },
        {
            "EAT": 7200,
            "LDT": 10080,
            "cargo_categories": [
                "Non-hazardous"
            ],
            "delay_cost": 0,
            "group_uuid": "2ff423fa-59ed-42f2-82c1-d382eba9e95b",
            "source": "Berth 32",
            "transportation_methods": [
                "Roadway",
                "Sea",
                "Transloading"
            ],
            "shipper": "MSC",
            "nTEU": 2,
            "origin": "VENEZUELA",
            "destination": "McIntosh Intersection",
            "name": "27-MAERSK IDAHO-14:27:VENEZUELA"
        },
        {
            "EAT": 7200,
            "LDT": 10080,
            "cargo_categories": [
                "Non-hazardous"
            ],
            "delay_cost": 0,
            "group_uuid": "2ff423fa-59ed-42f2-82c1-d382eba9e95b",
            "source": "Berth 32",
            "transportation_methods": [
                "Roadway",
                "Sea",
                "Transloading"
            ],
            "shipper": "FIT",
            "nTEU": 2,
            "origin": "COSTA RICA",
            "destination": "McIntosh Intersection",
            "name": "27-MAERSK IDAHO-15:90:COSTA RICA"
        },
        {
            "EAT": 7200,
            "LDT": 10080,
            "cargo_categories": [
                "Non-hazardous"
            ],
            "delay_cost": 0,
            "group_uuid": "2ff423fa-59ed-42f2-82c1-d382eba9e95b",
            "source": "Berth 32",
            "transportation_methods": [
                "Roadway",
                "Sea",
                "Transloading"
            ],
            "shipper": "FIT",
            "nTEU": 14,
            "origin": "ARGENTINA",
            "destination": "McIntosh Intersection",
            "name": "27-MAERSK IDAHO-16:48:ARGENTINA"
        },
        {
            "EAT": 7200,
            "LDT": 10080,
            "cargo_categories": [
                "Non-hazardous"
            ],
            "delay_cost": 0,
            "group_uuid": "2ff423fa-59ed-42f2-82c1-d382eba9e95b",
            "source": "Berth 32",
            "transportation_methods": [
                "Roadway",
                "Sea",
                "Transloading"
            ],
            "shipper": "FIT",
            "nTEU": 1,
            "origin": "ITALY",
            "destination": "McIntosh Intersection",
            "name": "27-MAERSK IDAHO-17:64:ITALY"
        },
        {
            "EAT": 7200,
            "LDT": 10080,
            "cargo_categories": [
                "Non-hazardous"
            ],
            "delay_cost": 0,
            "group_uuid": "2ff423fa-59ed-42f2-82c1-d382eba9e95b",
            "source": "Berth 32",
            "transportation_methods": [
                "Roadway",
                "Sea",
                "Transloading"
            ],
            "shipper": "FIT",
            "nTEU": 2,
            "origin": "ECUADOR",
            "destination": "McIntosh Intersection",
            "name": "27-MAERSK IDAHO-18:69:ECUADOR"
        },
        {
            "EAT": 7200,
            "LDT": 10080,
            "cargo_categories": [
                "Non-hazardous"
            ],
            "delay_cost": 0,
            "group_uuid": "2ff423fa-59ed-42f2-82c1-d382eba9e95b",
            "source": "Berth 32",
            "transportation_methods": [
                "Roadway",
                "Sea",
                "Transloading"
            ],
            "shipper": "FIT",
            "nTEU": 2,
            "origin": "GERMANY",
            "destination": "McIntosh Intersection",
            "name": "27-MAERSK IDAHO-19:11:GERMANY"
        },
        {
            "EAT": 7200,
            "LDT": 10080,
            "cargo_categories": [
                "Non-hazardous"
            ],
            "delay_cost": 0,
            "group_uuid": "2ff423fa-59ed-42f2-82c1-d382eba9e95b",
            "source": "Berth 32",
            "transportation_methods": [
                "Roadway",
                "Sea",
                "Transloading"
            ],
            "shipper": "MSC",
            "nTEU": 2,
            "origin": "SPAIN-S",
            "destination": "McIntosh Intersection",
            "name": "27-MAERSK IDAHO-20:38:SPAIN-S"
        },
        {
            "EAT": 7200,
            "LDT": 10080,
            "cargo_categories": [
                "Non-hazardous"
            ],
            "delay_cost": 0,
            "group_uuid": "2ff423fa-59ed-42f2-82c1-d382eba9e95b",
            "source": "Berth 32",
            "transportation_methods": [
                "Roadway",
                "Sea",
                "Transloading"
            ],
            "shipper": "MSC",
            "nTEU": 2,
            "origin": "BELGIUM",
            "destination": "McIntosh Intersection",
            "name": "27-MAERSK IDAHO-21:18:BELGIUM"
        },
        {
            "EAT": 7200,
            "LDT": 10080,
            "cargo_categories": [
                "Non-hazardous"
            ],
            "delay_cost": 0,
            "group_uuid": "2ff423fa-59ed-42f2-82c1-d382eba9e95b",
            "source": "Berth 32",
            "transportation_methods": [
                "Roadway",
                "Sea",
                "Transloading"
            ],
            "shipper": "MSC",
            "nTEU": 32,
            "origin": "HONDURAS",
            "destination": "McIntosh Intersection",
            "name": "27-MAERSK IDAHO-22::HONDURAS"
        },
        {
            "EAT": 7200,
            "LDT": 10080,
            "cargo_categories": [
                "Non-hazardous"
            ],
            "delay_cost": 0,
            "group_uuid": "2ff423fa-59ed-42f2-82c1-d382eba9e95b",
            "source": "Berth 32",
            "transportation_methods": [
                "Roadway",
                "Sea",
                "Transloading"
            ],
            "shipper": "FIT",
            "nTEU": 4,
            "origin": "GUATEMALA",
            "destination": "McIntosh Intersection",
            "name": "27-MAERSK IDAHO-23:39:GUATEMALA"
        },
        {
            "EAT": 7200,
            "LDT": 10080,
            "cargo_categories": [
                "Non-hazardous"
            ],
            "delay_cost": 0,
            "group_uuid": "2ff423fa-59ed-42f2-82c1-d382eba9e95b",
            "source": "Berth 32",
            "transportation_methods": [
                "Roadway",
                "Sea",
                "Transloading"
            ],
            "shipper": "MSC",
            "nTEU": 2,
            "origin": "PERU",
            "destination": "McIntosh Intersection",
            "name": "27-MAERSK IDAHO-24:7:PERU"
        },
        {
            "EAT": 7200,
            "LDT": 10080,
            "cargo_categories": [
                "Non-hazardous"
            ],
            "delay_cost": 0,
            "group_uuid": "2ff423fa-59ed-42f2-82c1-d382eba9e95b",
            "source": "Berth 32",
            "transportation_methods": [
                "Roadway",
                "Sea",
                "Transloading"
            ],
            "shipper": "FIT",
            "nTEU": 2,
            "origin": "GUATEMALA",
            "destination": "McIntosh Intersection",
            "name": "27-MAERSK IDAHO-25:6:GUATEMALA"
        },
        {
            "EAT": 7200,
            "LDT": 10080,
            "cargo_categories": [
                "Non-hazardous"
            ],
            "delay_cost": 0,
            "group_uuid": "2ff423fa-59ed-42f2-82c1-d382eba9e95b",
            "source": "Berth 32",
            "transportation_methods": [
                "Roadway",
                "Sea",
                "Transloading"
            ],
            "shipper": "FIT",
            "nTEU": 93,
            "origin": "GUATEMALA",
            "destination": "McIntosh Intersection",
            "name": "27-MAERSK IDAHO-26:22:GUATEMALA"
        },
        {
            "EAT": 7200,
            "LDT": 10080,
            "cargo_categories": [
                "Non-hazardous"
            ],
            "delay_cost": 0,
            "group_uuid": "2ff423fa-59ed-42f2-82c1-d382eba9e95b",
            "source": "Berth 32",
            "transportation_methods": [
                "Roadway",
                "Sea",
                "Transloading"
            ],
            "shipper": "MSC",
            "nTEU": 2,
            "origin": "SPAIN-S",
            "destination": "McIntosh Intersection",
            "name": "27-MAERSK IDAHO-27:33:SPAIN-S"
        },
        {
            "EAT": 7200,
            "LDT": 10080,
            "cargo_categories": [
                "Non-hazardous"
            ],
            "delay_cost": 0,
            "group_uuid": "2ff423fa-59ed-42f2-82c1-d382eba9e95b",
            "source": "Berth 32",
            "transportation_methods": [
                "Roadway",
                "Sea",
                "Transloading"
            ],
            "shipper": "MSC",
            "nTEU": 4,
            "origin": "BELGIUM",
            "destination": "McIntosh Intersection",
            "name": "27-MAERSK IDAHO-28:9:BELGIUM"
        },
        {
            "EAT": 7200,
            "LDT": 10080,
            "cargo_categories": [
                "Non-hazardous"
            ],
            "delay_cost": 0,
            "group_uuid": "2ff423fa-59ed-42f2-82c1-d382eba9e95b",
            "source": "Berth 32",
            "transportation_methods": [
                "Roadway",
                "Sea",
                "Transloading"
            ],
            "shipper": "MSC",
            "nTEU": 2,
            "origin": "NETHERLANDS",
            "destination": "McIntosh Intersection",
            "name": "27-MAERSK IDAHO-29:57:NETHERLANDS"
        },
        {
            "EAT": 7200,
            "LDT": 10080,
            "cargo_categories": [
                "Non-hazardous"
            ],
            "delay_cost": 0,
            "group_uuid": "2ff423fa-59ed-42f2-82c1-d382eba9e95b",
            "source": "Berth 32",
            "transportation_methods": [
                "Roadway",
                "Sea",
                "Transloading"
            ],
            "shipper": "MSC",
            "nTEU": 8,
            "origin": "UNITED KINGDOM",
            "destination": "McIntosh Intersection",
            "name": "27-MAERSK IDAHO-30:89:UNITED KINGDOM"
        },
        {
            "EAT": 7200,
            "LDT": 10080,
            "cargo_categories": [
                "Non-hazardous"
            ],
            "delay_cost": 0,
            "group_uuid": "2ff423fa-59ed-42f2-82c1-d382eba9e95b",
            "source": "Berth 32",
            "transportation_methods": [
                "Roadway",
                "Sea",
                "Transloading"
            ],
            "shipper": "FIT",
            "nTEU": 1,
            "origin": "GUATEMALA",
            "destination": "McIntosh Intersection",
            "name": "27-MAERSK IDAHO-31:86:GUATEMALA"
        },
        {
            "EAT": 7200,
            "LDT": 10080,
            "cargo_categories": [
                "Non-hazardous"
            ],
            "delay_cost": 0,
            "group_uuid": "2ff423fa-59ed-42f2-82c1-d382eba9e95b",
            "source": "Berth 32",
            "transportation_methods": [
                "Roadway",
                "Sea",
                "Transloading"
            ],
            "shipper": "MSC",
            "nTEU": 2,
            "origin": "ITALY",
            "destination": "McIntosh Intersection",
            "name": "27-MAERSK IDAHO-32:19:ITALY"
        },
        {
            "EAT": 7200,
            "LDT": 10080,
            "cargo_categories": [
                "Non-hazardous"
            ],
            "delay_cost": 0,
            "group_uuid": "2ff423fa-59ed-42f2-82c1-d382eba9e95b",
            "source": "Berth 32",
            "transportation_methods": [
                "Roadway",
                "Sea",
                "Transloading"
            ],
            "shipper": "MSC",
            "nTEU": 1,
            "origin": "DOMINICAN REPUBLIC",
            "destination": "McIntosh Intersection",
            "name": "27-MAERSK IDAHO-33:24:DOMINICAN REPUBLIC"
        },
        {
            "EAT": 7200,
            "LDT": 10080,
            "cargo_categories": [
                "Non-hazardous"
            ],
            "delay_cost": 0,
            "group_uuid": "2ff423fa-59ed-42f2-82c1-d382eba9e95b",
            "source": "Berth 32",
            "transportation_methods": [
                "Roadway",
                "Sea",
                "Transloading"
            ],
            "shipper": "MSC",
            "nTEU": 1,
            "origin": "DOMINICAN REPUBLIC",
            "destination": "McIntosh Intersection",
            "name": "27-MAERSK IDAHO-34:83:DOMINICAN REPUBLIC"
        }
    ]
}