{
    "commodities": [
        {
            "EAT": 8640,
            "LDT": 11520,
            "cargo_categories": [
                "Non-hazardous"
            ],
            "delay_cost": 0,
            "group_uuid": "b50055d0-5fc0-4857-9f0d-3087009e241e",
            "source": "Berth 32",
            "transportation_methods": [
                "Roadway",
                "Sea",
                "Transloading"
            ],
            "shipper": "MSC",
            "nTEU": 3,
            "origin": "MEXICO",
            "destination": "McIntosh Intersection",
            "name": "34-MSC KRYSTAL-0:19:MEXICO"
        },
        {
            "EAT": 8640,
            "LDT": 11520,
            "cargo_categories": [
                "Non-hazardous"
            ],
            "delay_cost": 0,
            "group_uuid": "b50055d0-5fc0-4857-9f0d-3087009e241e",
            "source": "Berth 32",
            "transportation_methods": [
                "Roadway",
                "Sea",
                "Transloading"
            ],
            "shipper": "FIT",
            "nTEU": 2,
            "origin": "ITALY",
            "destination": "McIntosh Intersection",
            "name": "34-MSC KRYSTAL-1:29:ITALY"
        },
        {
            "EAT": 8640,
            "LDT": 11520,
            "cargo_categories": [
                "Non-hazardous"
            ],
            "delay_cost": 0,
            "group_uuid": "b50055d0-5fc0-4857-9f0d-3087009e241e",
            "source": "Berth 32",
            "transportation_methods": [
                "Roadway",
                "Sea",
                "Transloading"
            ],
            "shipper": "MSC",
            "nTEU": 12,
            "origin": "PERU",
            "destination": "McIntosh Intersection",
            "name": "34-MSC KRYSTAL-2:69:PERU"
        },
        {
            "EAT": 8640,
            "LDT": 11520,
            "cargo_categories": [
                "Non-hazardous"
            ],
            "delay_cost": 0,
            "group_uuid": "b50055d0-5fc0-4857-9f0d-3087009e241e",
            "source": "Berth 32",
            "transportation_methods": [
                "Roadway",
                "Sea",
                "Transloading"
            ],
            "shipper": "FIT",
            "nTEU": 1,
            "origin": "SPAIN-S",
            "destination": "McIntosh Intersection",
            "name": "34-MSC KRYSTAL-3:70:SPAIN-S"
        },
        {
            "EAT": 8640,
            "LDT": 11520,
            "cargo_categories": [
                "Non-hazardous"
            ],
            "delay_cost": 0,
            "group_uuid": "b50055d0-5fc0-4857-9f0d-3087009e241e",
            "source": "Berth 32",
            "transportation_methods": [
                "Roadway",
                "Sea",
                "Transloading"
            ],
            "shipper": "MSC",
            "nTEU": 171,
            "origin": "COLOMBIA",
            "destination": "McIntosh Intersection",
            "name": "34-MSC KRYSTAL-4:44:COLOMBIA"
        },
        {
            "EAT": 8640,
            "LDT": 11520,
            "cargo_categories": [
                "Non-hazardous"
            ],
            "delay_cost": 0,
            "group_uuid": "b50055d0-5fc0-4857-9f0d-3087009e241e",
            "source": "Berth 32",
            "transportation_methods": [
                "Roadway",
                "Sea",
                "Transloading"
            ],
            "shipper": "MSC",
            "nTEU": 1,
            "origin": "VIRGIN ISLAND",
            "destination": "McIntosh Intersection",
            "name": "34-MSC KRYSTAL-5::VIRGIN ISLAND"
        },
        {
            "EAT": 8640,
            "LDT": 11520,
            "cargo_categories": [
                "Non-hazardous"
            ],
            "delay_cost": 0,
            "group_uuid": "b50055d0-5fc0-4857-9f0d-3087009e241e",
            "source": "Berth 32",
            "transportation_methods": [
                "Roadway",
                "Sea",
                "Transloading"
            ],
            "shipper": "MSC",
            "nTEU": 2,
            "origin": "COLOMBIA",
            "destination": "McIntosh Intersection",
            "name": "34-MSC KRYSTAL-6:73:COLOMBIA"
        },
        {
            "EAT": 8640,
            "LDT": 11520,
            "cargo_categories": [
                "Non-hazardous"
            ],
            "delay_cost": 0,
            "group_uuid": "b50055d0-5fc0-4857-9f0d-3087009e241e",
            "source": "Berth 32",
            "transportation_methods": [
                "Roadway",
                "Sea",
                "Transloading"
            ],
            "shipper": "MSC",
            "nTEU": 11,
            "origin": "PORTUGAL",
            "destination": "McIntosh Intersection",
            "name": "34-MSC KRYSTAL-7:25:PORTUGAL"
        },
        {
            "EAT": 8640,
            "LDT": 11520,
            "cargo_categories": [
                "Non-hazardous"
            ],
            "delay_cost": 0,
            "group_uuid": "b50055d0-5fc0-4857-9f0d-3087009e241e",
            "source": "Berth 32",
            "transportation_methods": [
                "Roadway",
                "Sea",
                "Transloading"
            ],
            "shipper": "MSC",
            "nTEU": 3,
            "origin": "BRAZIL",
            "destination": "McIntosh Intersection",
            "name": "34-MSC KRYSTAL-8:48:BRAZIL"
        },
        {
            "EAT": 8640,
            "LDT": 11520,
            "cargo_categories": [
                "Non-hazardous"
            ],
            "delay_cost": 0,
            "group_uuid": "b50055d0-5fc0-4857-9f0d-3087009e241e",
            "source": "Berth 32",
            "transportation_methods": [
                "Roadway",
                "Sea",
                "Transloading"
            ],
            "shipper": "MSC",
            "nTEU": 2,
            "origin": "ECUADOR",
            "destination": "McIntosh Intersection",
            "name": "34-MSC KRYSTAL-9:3:ECUADOR"
        },
        {
            "EAT": 8640,
            "LDT": 11520,
            "cargo_categories": [
                "Non-hazardous"
            ],
            "delay_cost": 0,
            "group_uuid": "b50055d0-5fc0-4857-9f0d-3087009e241e",
            "source": "Berth 32",
            "transportation_methods": [
                "Roadway",
                "Sea",
                "Transloading"
            ],
            "shipper": "MSC",
            "nTEU": 1,
            "origin": "PERU",
            "destination": "McIntosh Intersection",
            "name": "34-MSC KRYSTAL-10:17:PERU"
        },
        {
            "EAT": 8640,
            "LDT": 11520,
            "cargo_categories": [
                "Non-hazardous"
            ],
            "delay_cost": 0,
            "group_uuid": "b50055d0-5fc0-4857-9f0d-3087009e241e",
            "source": "Berth 32",
            "transportation_methods": [
                "Roadway",
                "Sea",
                "Transloading"
            ],
            "shipper": "MSC",
            "nTEU": 1,
            "origin": "DOMINICAN REPUBLIC",
            "destination": "McIntosh Intersection",
            "name": "34-MSC KRYSTAL-11:83:DOMINICAN REPUBLIC"
        },
        {
            "EAT": 8640,
            "LDT": 11520,
            "cargo_categories": [
                "Non-hazardous"
            ],
            "delay_cost": 0,
            "group_uuid": "b50055d0-5fc0-4857-9f0d-3087009e241e",
            "source": "Berth 32",
            "transportation_methods": [
                "Roadway",
                "Sea",
                "Transloading"
            ],
            "shipper": "MSC",
            "nTEU": 3,
            "origin": "DOMINICAN REPUBLIC",
            "destination": "McIntosh Intersection",
            "name": "34-MSC KRYSTAL-12:87:DOMINICAN REPUBLIC"
        },
        {
            "EAT": 8640,
            "LDT": 11520,
            "cargo_categories": [
                "Non-hazardous"
            ],
            "delay_cost": 0,
            "group_uuid": "b50055d0-5fc0-4857-9f0d-3087009e241e",
            "source": "Berth 32",
            "transportation_methods": [
                "Roadway",
                "Sea",
                "Transloading"
            ],
            "shipper": "FIT",
            "nTEU": 6,
            "origin": "HONDURAS",
            "destination": "McIntosh Intersection",
            "name": "34-MSC KRYSTAL-13:85:HONDURAS"
        },
        {
            "EAT": 8640,
            "LDT": 11520,
            "cargo_categories": [
                "Non-hazardous"
            ],
            "delay_cost": 0,
            "group_uuid": "b50055d0-5fc0-4857-9f0d-3087009e241e",
            "source": "Berth 32",
            "transportation_methods": [
                "Roadway",
                "Sea",
                "Transloading"
            ],
            "shipper": "MSC",
            "nTEU": 1,
            "origin": "COLOMBIA",
            "destination": "McIntosh Intersection",
            "name": "34-MSC KRYSTAL-14:96:COLOMBIA"
        },
        {
            "EAT": 8640,
            "LDT": 11520,
            "cargo_categories": [
                "Non-hazardous"
            ],
            "delay_cost": 0,
            "group_uuid": "b50055d0-5fc0-4857-9f0d-3087009e241e",
            "source": "Berth 32",
            "transportation_methods": [
                "Roadway",
                "Sea",
                "Transloading"
            ],
            "shipper": "MSC",
            "nTEU": 1,
            "origin": "BELGIUM",
            "destination": "McIntosh Intersection",
            "name": "34-MSC KRYSTAL-15:18:BELGIUM"
        },
        {
            "EAT": 8640,
            "LDT": 11520,
            "cargo_categories": [
                "Non-hazardous"
            ],
            "delay_cost": 0,
            "group_uuid": "b50055d0-5fc0-4857-9f0d-3087009e241e",
            "source": "Berth 32",
            "transportation_methods": [
                "Roadway",
                "Sea",
                "Transloading"
            ],
            "shipper": "MSC",
            "nTEU": 2,
            "origin": "NICARAGUA",
            "destination": "McIntosh Intersection",
            "name": "34-MSC KRYSTAL-16:2:NICARAGUA"
        },
        {
            "EAT": 8640,
            "LDT": 11520,
            "cargo_categories": [
                "Non-hazardous"
            ],
            "delay_cost": 0,
            "group_uuid": "b50055d0-5fc0-4857-9f0d-3087009e241e",
            "source": "Berth 32",
            "transportation_methods": [
                "Roadway",
                "Sea",
                "Transloading"
            ],
            "shipper": "FIT",
            "nTEU": 2,
            "origin": "CHILE",
            "destination": "McIntosh Intersection",
            "name": "34-MSC KRYSTAL-17:11:CHILE"
        },
        {
            "EAT": 8640,
            "LDT": 11520,
            "cargo_categories": [
                "Non-hazardous"
            ],
            "delay_cost": 0,
            "group_uuid": "b50055d0-5fc0-4857-9f0d-3087009e241e",
            "source": "Berth 32",
            "transportation_methods": [
                "Roadway",
                "Sea",
                "Transloading"
            ],
            "shipper": "MSC",
            "nTEU": 4,
            "origin": "BRAZIL",
            "destination": "McIntosh Intersection",
            "name": "34-MSC KRYSTAL-18:68:BRAZIL"
        },
        {
            "EAT": 8640,
            "LDT": 11520,
            "cargo_categories": [
                "Non-hazardous"
            ],
            "delay_cost": 0,
            "group_uuid": "b50055d0-5fc0-4857-9f0d-3087009e241e",
            "source": "Berth 32",
            "transportation_methods": [
                "Roadway",
                "Sea",
                "Transloading"
            ],
            "shipper": "MSC",
            "nTEU": 14,
            "origin": "GUATEMALA",
            "destination": "McIntosh Intersection",
            "name": "34-MSC KRYSTAL-19:94:GUATEMALA"
        }
    ]
}