{
    "commodities": [
        {
            "EAT": 5670,
            "LDT": 8550,
            "cargo_categories": [
                "Non-hazardous"
            ],
            "delay_cost": 0,
            "group_uuid": "4b3ed9b8-dc1e-4d08-8d95-1be174849cc4",
            "source": "Berth 31",
            "transportation_methods": [
                "Roadway",
                "Sea",
                "Transloading"
            ],
            "shipper": "FIT",
            "nTEU": 4,
            "origin": "SPAIN-S",
            "destination": "McIntosh Intersection",
            "name": "23-MSC VITTORIA-0:15:SPAIN-S"
        },
        {
            "EAT": 5670,
            "LDT": 8550,
            "cargo_categories": [
                "Non-hazardous"
            ],
            "delay_cost": 0,
            "group_uuid": "4b3ed9b8-dc1e-4d08-8d95-1be174849cc4",
            "source": "Berth 31",
            "transportation_methods": [
                "Roadway",
                "Sea",
                "Transloading"
            ],
            "shipper": "FIT",
            "nTEU": 1,
            "origin": "BRAZIL",
            "destination": "McIntosh Intersection",
            "name": "23-MSC VITTORIA-1:68:BRAZIL"
        },
        {
            "EAT": 5670,
            "LDT": 8550,
            "cargo_categories": [
                "Non-hazardous"
            ],
            "delay_cost": 0,
            "group_uuid": "4b3ed9b8-dc1e-4d08-8d95-1be174849cc4",
            "source": "Berth 31",
            "transportation_methods": [
                "Roadway",
                "Sea",
                "Transloading"
            ],
            "shipper": "MSC",
            "nTEU": 9,
            "origin": "BRAZIL",
            "destination": "McIntosh Intersection",
            "name": "23-MSC VITTORIA-2:44:BRAZIL"
        },
        {
            "EAT": 5670,
            "LDT": 8550,
            "cargo_categories": [
                "Non-hazardous"
            ],
            "delay_cost": 0,
            "group_uuid": "4b3ed9b8-dc1e-4d08-8d95-1be174849cc4",
            "source": "Berth 31",
            "transportation_methods": [
                "Roadway",
                "Sea",
                "Transloading"
            ],
            "shipper": "FIT",
            "nTEU": 1,
            "origin": "BELGIUM",
            "destination": "McIntosh Intersection",
            "name": "23-MSC VITTORIA-3:9:BELGIUM"
        },
        {
            "EAT": 5670,
            "LDT": 8550,
            "cargo_categories": [
                "Non-hazardous"
            ],
            "delay_cost": 0,
            "group_uuid": "4b3ed9b8-dc1e-4d08-8d95-1be174849cc4",
            "source": "Berth 31",
            "transportation_methods": [
                "Roadway",
                "Sea",
                "Transloading"
            ],
            "shipper": "FIT",
            "nTEU": 1,
            "origin": "BRAZIL",
            "destination": "McIntosh Intersection",
            "name": "23-MSC VITTORIA-4:17:BRAZIL"
        },
        {
            "EAT": 5670,
            "LDT": 8550,
            "cargo_categories": [
                "Non-hazardous"
            ],
            "delay_cost": 0,
            "group_uuid": "4b3ed9b8-dc1e-4d08-8d95-1be174849cc4",
            "source": "Berth 31",
            "transportation_methods": [
                "Roadway",
                "Sea",
                "Transloading"
            ],
            "shipper": "MSC",
            "nTEU": 134,
            "origin": "HONDURAS",
            "destination": "McIntosh Intersection",
            "name": "23-MSC VITTORIA-5:22:HONDURAS"
        },
        {
            "EAT": 5670,
            "LDT": 8550,
            "cargo_categories": [
                "Non-hazardous"
            ],
            "delay_cost": 0,
            "group_uuid": "4b3ed9b8-dc1e-4d08-8d95-1be174849cc4",
            "source": "Berth 31",
            "transportation_methods": [
                "Roadway",
                "Sea",
                "Transloading"
            ],
            "shipper": "MSC",
            "nTEU": 5,
            "origin": "BRAZIL",
            "destination": "McIntosh Intersection",
            "name": "23-MSC VITTORIA-6:33:BRAZIL"
        },
        {
            "EAT": 5670,
            "LDT": 8550,
            "cargo_categories": [
                "Non-hazardous"
            ],
            "delay_cost": 0,
            "group_uuid": "4b3ed9b8-dc1e-4d08-8d95-1be174849cc4",
            "source": "Berth 31",
            "transportation_methods": [
                "Roadway",
                "Sea",
                "Transloading"
            ],
            "shipper": "MSC",
            "nTEU": 27,
            "origin": "COSTA RICA",
            "destination": "McIntosh Intersection",
            "name": "23-MSC VITTORIA-7:20:COSTA RICA"
        },
        {
            "EAT": 5670,
            "LDT": 8550,
            "cargo_categories": [
                "Non-hazardous"
            ],
            "delay_cost": 0,
            "group_uuid": "4b3ed9b8-dc1e-4d08-8d95-1be174849cc4",
            "source": "Berth 31",
            "transportation_methods": [
                "Roadway",
                "Sea",
                "Transloading"
            ],
            "shipper": "MSC",
            "nTEU": 2,
            "origin": "DOMINICAN REPUBLIC",
            "destination": "McIntosh Intersection",
            "name": "23-MSC VITTORIA-8:34:DOMINICAN REPUBLIC"
        },
        {
            "EAT": 5670,
            "LDT": 8550,
            "cargo_categories": [
                "Non-hazardous"
            ],
            "delay_cost": 0,
            "group_uuid": "4b3ed9b8-dc1e-4d08-8d95-1be174849cc4",
            "source": "Berth 31",
            "transportation_methods": [
                "Roadway",
                "Sea",
                "Transloading"
            ],
            "shipper": "MSC",
            "nTEU": 4,
            "origin": "TRINIDAD AND TOBAGO",
            "destination": "McIntosh Intersection",
            "name": "23-MSC VITTORIA-9:81:TRINIDAD AND TOBAGO"
        },
        {
            "EAT": 5670,
            "LDT": 8550,
            "cargo_categories": [
                "Non-hazardous"
            ],
            "delay_cost": 0,
            "group_uuid": "4b3ed9b8-dc1e-4d08-8d95-1be174849cc4",
            "source": "Berth 31",
            "transportation_methods": [
                "Roadway",
                "Sea",
                "Transloading"
            ],
            "shipper": "MSC",
            "nTEU": 42,
            "origin": "ITALY",
            "destination": "McIntosh Intersection",
            "name": "23-MSC VITTORIA-10:84:ITALY"
        },
        {
            "EAT": 5670,
            "LDT": 8550,
            "cargo_categories": [
                "Non-hazardous"
            ],
            "delay_cost": 0,
            "group_uuid": "4b3ed9b8-dc1e-4d08-8d95-1be174849cc4",
            "source": "Berth 31",
            "transportation_methods": [
                "Roadway",
                "Sea",
                "Transloading"
            ],
            "shipper": "FIT",
            "nTEU": 6,
            "origin": "HONDURAS",
            "destination": "McIntosh Intersection",
            "name": "23-MSC VITTORIA-11::HONDURAS"
        },
        {
            "EAT": 5670,
            "LDT": 8550,
            "cargo_categories": [
                "Non-hazardous"
            ],
            "delay_cost": 0,
            "group_uuid": "4b3ed9b8-dc1e-4d08-8d95-1be174849cc4",
            "source": "Berth 31",
            "transportation_methods": [
                "Roadway",
                "Sea",
                "Transloading"
            ],
            "shipper": "FIT",
            "nTEU": 62,
            "origin": "ITALY",
            "destination": "McIntosh Intersection",
            "name": "23-MSC VITTORIA-12:25:ITALY"
        },
        {
            "EAT": 5670,
            "LDT": 8550,
            "cargo_categories": [
                "Non-hazardous"
            ],
            "delay_cost": 0,
            "group_uuid": "4b3ed9b8-dc1e-4d08-8d95-1be174849cc4",
            "source": "Berth 31",
            "transportation_methods": [
                "Roadway",
                "Sea",
                "Transloading"
            ],
            "shipper": "MSC",
            "nTEU": 1,
            "origin": "COSTA RICA",
            "destination": "McIntosh Intersection",
            "name": "23-MSC VITTORIA-13:71:COSTA RICA"
        },
        {
            "EAT": 5670,
            "LDT": 8550,
            "cargo_categories": [
                "Non-hazardous"
            ],
            "delay_cost": 0,
            "group_uuid": "4b3ed9b8-dc1e-4d08-8d95-1be174849cc4",
            "source": "Berth 31",
            "transportation_methods": [
                "Roadway",
                "Sea",
                "Transloading"
            ],
            "shipper": "MSC",
            "nTEU": 17,
            "origin": "COLOMBIA",
            "destination": "McIntosh Intersection",
            "name": "23-MSC VITTORIA-14:73:COLOMBIA"
        },
        {
            "EAT": 5670,
            "LDT": 8550,
            "cargo_categories": [
                "Non-hazardous"
            ],
            "delay_cost": 0,
            "group_uuid": "4b3ed9b8-dc1e-4d08-8d95-1be174849cc4",
            "source": "Berth 31",
            "transportation_methods": [
                "Roadway",
                "Sea",
                "Transloading"
            ],
            "shipper": "FIT",
            "nTEU": 2,
            "origin": "COLOMBIA",
            "destination": "McIntosh Intersection",
            "name": "23-MSC VITTORIA-15:52:COLOMBIA"
        },
        {
            "EAT": 5670,
            "LDT": 8550,
            "cargo_categories": [
                "Non-hazardous"
            ],
            "delay_cost": 0,
            "group_uuid": "4b3ed9b8-dc1e-4d08-8d95-1be174849cc4",
            "source": "Berth 31",
            "transportation_methods": [
                "Roadway",
                "Sea",
                "Transloading"
            ],
            "shipper": "FIT",
            "nTEU": 4,
            "origin": "NICARAGUA",
            "destination": "McIntosh Intersection",
            "name": "23-MSC VITTORIA-16:2:NICARAGUA"
        },
        {
            "EAT": 5670,
            "LDT": 8550,
            "cargo_categories": [
                "Non-hazardous"
            ],
            "delay_cost": 0,
            "group_uuid": "4b3ed9b8-dc1e-4d08-8d95-1be174849cc4",
            "source": "Berth 31",
            "transportation_methods": [
                "Roadway",
                "Sea",
                "Transloading"
            ],
            "shipper": "MSC",
            "nTEU": 20,
            "origin": "PERU",
            "destination": "McIntosh Intersection",
            "name": "23-MSC VITTORIA-17:7:PERU"
        },
        {
            "EAT": 5670,
            "LDT": 8550,
            "cargo_categories": [
                "Non-hazardous"
            ],
            "delay_cost": 0,
            "group_uuid": "4b3ed9b8-dc1e-4d08-8d95-1be174849cc4",
            "source": "Berth 31",
            "transportation_methods": [
                "Roadway",
                "Sea",
                "Transloading"
            ],
            "shipper": "MSC",
            "nTEU": 1,
            "origin": "GUATEMALA",
            "destination": "McIntosh Intersection",
            "name": "23-MSC VITTORIA-18:54:GUATEMALA"
        },
        {
            "EAT": 5670,
            "LDT": 8550,
            "cargo_categories": [
                "Non-hazardous"
            ],
            "delay_cost": 0,
            "group_uuid": "4b3ed9b8-dc1e-4d08-8d95-1be174849cc4",
            "source": "Berth 31",
            "transportation_methods": [
                "Roadway",
                "Sea",
                "Transloading"
            ],
            "shipper": "FIT",
            "nTEU": 3,
            "origin": "DOMINICAN REPUBLIC",
            "destination": "McIntosh Intersection",
            "name": "23-MSC VITTORIA-19:63:DOMINICAN REPUBLIC"
        },
        {
            "EAT": 5670,
            "LDT": 8550,
            "cargo_categories": [
                "Non-hazardous"
            ],
            "delay_cost": 0,
            "group_uuid": "4b3ed9b8-dc1e-4d08-8d95-1be174849cc4",
            "source": "Berth 31",
            "transportation_methods": [
                "Roadway",
                "Sea",
                "Transloading"
            ],
            "shipper": "MSC",
            "nTEU": 8,
            "origin": "BELGIUM",
            "destination": "McIntosh Intersection",
            "name": "23-MSC VITTORIA-20:85:BELGIUM"
        },
        {
            "EAT": 5670,
            "LDT": 8550,
            "cargo_categories": [
                "Non-hazardous"
            ],
            "delay_cost": 0,
            "group_uuid": "4b3ed9b8-dc1e-4d08-8d95-1be174849cc4",
            "source": "Berth 31",
            "transportation_methods": [
                "Roadway",
                "Sea",
                "Transloading"
            ],
            "shipper": "FIT",
            "nTEU": 2,
            "origin": "HONDURAS",
            "destination": "McIntosh Intersection",
            "name": "23-MSC VITTORIA-21:95:HONDURAS"
        },
        {
            "EAT": 5670,
            "LDT": 8550,
            "cargo_categories": [
                "Non-hazardous"
            ],
            "delay_cost": 0,
            "group_uuid": "4b3ed9b8-dc1e-4d08-8d95-1be174849cc4",
            "source": "Berth 31",
            "transportation_methods": [
                "Roadway",
                "Sea",
                "Transloading"
            ],
            "shipper": "FIT",
            "nTEU": 1,
            "origin": "GERMANY",
            "destination": "McIntosh Intersection",
            "name": "23-MSC VITTORIA-22:49:GERMANY"
        },
        {
            "EAT": 5670,
            "LDT": 8550,
            "cargo_categories": [
                "Non-hazardous"
            ],
            "delay_cost": 0,
            "group_uuid": "4b3ed9b8-dc1e-4d08-8d95-1be174849cc4",
            "source": "Berth 31",
            "transportation_methods": [
                "Roadway",
                "Sea",
                "Transloading"
            ],
            "shipper": "FIT",
            "nTEU": 17,
            "origin": "ITALY",
            "destination": "McIntosh Intersection",
            "name": "23-MSC VITTORIA-23:64:ITALY"
        },
        {
            "EAT": 5670,
            "LDT": 8550,
            "cargo_categories": [
                "Non-hazardous"
            ],
            "delay_cost": 0,
            "group_uuid": "4b3ed9b8-dc1e-4d08-8d95-1be174849cc4",
            "source": "Berth 31",
            "transportation_methods": [
                "Roadway",
                "Sea",
                "Transloading"
            ],
            "shipper": "MSC",
            "nTEU": 2,
            "origin": "COLOMBIA",
            "destination": "McIntosh Intersection",
            "name": "23-MSC VITTORIA-24:67:COLOMBIA"
        },
        {
            "EAT": 5670,
            "LDT": 8550,
            "cargo_categories": [
                "Non-hazardous"
            ],
            "delay_cost": 0,
            "group_uuid": "4b3ed9b8-dc1e-4d08-8d95-1be174849cc4",
            "source": "Berth 31",
            "transportation_methods": [
                "Roadway",
                "Sea",
                "Transloading"
            ],
            "shipper": "MSC",
            "nTEU": 2,
            "origin": "UNITED KINGDOM",
            "destination": "McIntosh Intersection",
            "name": "23-MSC VITTORIA-25:88:UNITED KINGDOM"
        },
        {
            "EAT": 5670,
            "LDT": 8550,
            "cargo_categories": [
                "Non-hazardous"
            ],
            "delay_cost": 0,
            "group_uuid": "4b3ed9b8-dc1e-4d08-8d95-1be174849cc4",
            "source": "Berth 31",
            "transportation_methods": [
                "Roadway",
                "Sea",
                "Transloading"
            ],
            "shipper": "MSC",
            "nTEU": 67,
            "origin": "BAHAMAS",
            "destination": "McIntosh Intersection",
            "name": "23-MSC VITTORIA-26:94:BAHAMAS"
        },
        {
            "EAT": 5670,
            "LDT": 8550,
            "cargo_categories": [
                "Non-hazardous"
            ],
            "delay_cost": 0,
            "group_uuid": "4b3ed9b8-dc1e-4d08-8d95-1be174849cc4",
            "source": "Berth 31",
            "transportation_methods": [
                "Roadway",
                "Sea",
                "Transloading"
            ],
            "shipper": "FIT",
            "nTEU": 22,
            "origin": "ITALY",
            "destination": "McIntosh Intersection",
            "name": "23-MSC VITTORIA-27:70:ITALY"
        },
        {
            "EAT": 5670,
            "LDT": 8550,
            "cargo_categories": [
                "Non-hazardous"
            ],
            "delay_cost": 0,
            "group_uuid": "4b3ed9b8-dc1e-4d08-8d95-1be174849cc4",
            "source": "Berth 31",
            "transportation_methods": [
                "Roadway",
                "Sea",
                "Transloading"
            ],
            "shipper": "MSC",
            "nTEU": 4,
            "origin": "COLOMBIA",
            "destination": "McIntosh Intersection",
            "name": "23-MSC VITTORIA-28:76:COLOMBIA"
        },
        {
            "EAT": 5670,
            "LDT": 8550,
            "cargo_categories": [
                "Non-hazardous"
            ],
            "delay_cost": 0,
            "group_uuid": "4b3ed9b8-dc1e-4d08-8d95-1be174849cc4",
            "source": "Berth 31",
            "transportation_methods": [
                "Roadway",
                "Sea",
                "Transloading"
            ],
            "shipper": "FIT",
            "nTEU": 2,
            "origin": "SPAIN-S",
            "destination": "McIntosh Intersection",
            "name": "23-MSC VITTORIA-29:39:SPAIN-S"
        },
        {
            "EAT": 5670,
            "LDT": 8550,
            "cargo_categories": [
                "Non-hazardous"
            ],
            "delay_cost": 0,
            "group_uuid": "4b3ed9b8-dc1e-4d08-8d95-1be174849cc4",
            "source": "Berth 31",
            "transportation_methods": [
                "Roadway",
                "Sea",
                "Transloading"
            ],
            "shipper": "FIT",
            "nTEU": 2,
            "origin": "SPAIN-S",
            "destination": "McIntosh Intersection",
            "name": "23-MSC VITTORIA-30:83:SPAIN-S"
        },
        {
            "EAT": 5670,
            "LDT": 8550,
            "cargo_categories": [
                "Non-hazardous"
            ],
            "delay_cost": 0,
            "group_uuid": "4b3ed9b8-dc1e-4d08-8d95-1be174849cc4",
            "source": "Berth 31",
            "transportation_methods": [
                "Roadway",
                "Sea",
                "Transloading"
            ],
            "shipper": "FIT",
            "nTEU": 4,
            "origin": "DOMINICAN REPUBLIC",
            "destination": "McIntosh Intersection",
            "name": "23-MSC VITTORIA-31:87:DOMINICAN REPUBLIC"
        },
        {
            "EAT": 5670,
            "LDT": 8550,
            "cargo_categories": [
                "Non-hazardous"
            ],
            "delay_cost": 0,
            "group_uuid": "4b3ed9b8-dc1e-4d08-8d95-1be174849cc4",
            "source": "Berth 31",
            "transportation_methods": [
                "Roadway",
                "Sea",
                "Transloading"
            ],
            "shipper": "MSC",
            "nTEU": 2,
            "origin": "PORTUGAL",
            "destination": "McIntosh Intersection",
            "name": "23-MSC VITTORIA-32:45:PORTUGAL"
        },
        {
            "EAT": 5670,
            "LDT": 8550,
            "cargo_categories": [
                "Non-hazardous"
            ],
            "delay_cost": 0,
            "group_uuid": "4b3ed9b8-dc1e-4d08-8d95-1be174849cc4",
            "source": "Berth 31",
            "transportation_methods": [
                "Roadway",
                "Sea",
                "Transloading"
            ],
            "shipper": "MSC",
            "nTEU": 4,
            "origin": "SPAIN-S",
            "destination": "McIntosh Intersection",
            "name": "23-MSC VITTORIA-33:89:SPAIN-S"
        },
        {
            "EAT": 5670,
            "LDT": 8550,
            "cargo_categories": [
                "Non-hazardous"
            ],
            "delay_cost": 0,
            "group_uuid": "4b3ed9b8-dc1e-4d08-8d95-1be174849cc4",
            "source": "Berth 31",
            "transportation_methods": [
                "Roadway",
                "Sea",
                "Transloading"
            ],
            "shipper": "MSC",
            "nTEU": 1,
            "origin": "COSTA RICA",
            "destination": "McIntosh Intersection",
            "name": "23-MSC VITTORIA-34:8:COSTA RICA"
        },
        {
            "EAT": 5670,
            "LDT": 8550,
            "cargo_categories": [
                "Non-hazardous"
            ],
            "delay_cost": 0,
            "group_uuid": "4b3ed9b8-dc1e-4d08-8d95-1be174849cc4",
            "source": "Berth 31",
            "transportation_methods": [
                "Roadway",
                "Sea",
                "Transloading"
            ],
            "shipper": "MSC",
            "nTEU": 2,
            "origin": "HAITI",
            "destination": "McIntosh Intersection",
            "name": "23-MSC VITTORIA-35:62:HAITI"
        },
        {
            "EAT": 5670,
            "LDT": 8550,
            "cargo_categories": [
                "Non-hazardous"
            ],
            "delay_cost": 0,
            "group_uuid": "4b3ed9b8-dc1e-4d08-8d95-1be174849cc4",
            "source": "Berth 31",
            "transportation_methods": [
                "Roadway",
                "Sea",
                "Transloading"
            ],
            "shipper": "MSC",
            "nTEU": 1,
            "origin": "ARGENTINA",
            "destination": "McIntosh Intersection",
            "name": "23-MSC VITTORIA-36:41:ARGENTINA"
        },
        {
            "EAT": 5670,
            "LDT": 8550,
            "cargo_categories": [
                "Non-hazardous"
            ],
            "delay_cost": 0,
            "group_uuid": "4b3ed9b8-dc1e-4d08-8d95-1be174849cc4",
            "source": "Berth 31",
            "transportation_methods": [
                "Roadway",
                "Sea",
                "Transloading"
            ],
            "shipper": "MSC",
            "nTEU": 23,
            "origin": "UNITED KINGDOM",
            "destination": "McIntosh Intersection",
            "name": "23-MSC VITTORIA-37:19:UNITED KINGDOM"
        },
        {
            "EAT": 5670,
            "LDT": 8550,
            "cargo_categories": [
                "Non-hazardous"
            ],
            "delay_cost": 0,
            "group_uuid": "4b3ed9b8-dc1e-4d08-8d95-1be174849cc4",
            "source": "Berth 31",
            "transportation_methods": [
                "Roadway",
                "Sea",
                "Transloading"
            ],
            "shipper": "MSC",
            "nTEU": 4,
            "origin": "FRANCE-N",
            "destination": "McIntosh Intersection",
            "name": "23-MSC VITTORIA-38:42:FRANCE-N"
        },
        {
            "EAT": 5670,
            "LDT": 8550,
            "cargo_categories": [
                "Non-hazardous"
            ],
            "delay_cost": 0,
            "group_uuid": "4b3ed9b8-dc1e-4d08-8d95-1be174849cc4",
            "source": "Berth 31",
            "transportation_methods": [
                "Roadway",
                "Sea",
                "Transloading"
            ],
            "shipper": "MSC",
            "nTEU": 3,
            "origin": "BELGIUM",
            "destination": "McIntosh Intersection",
            "name": "23-MSC VITTORIA-39:48:BELGIUM"
        },
        {
            "EAT": 5670,
            "LDT": 8550,
            "cargo_categories": [
                "Non-hazardous"
            ],
            "delay_cost": 0,
            "group_uuid": "4b3ed9b8-dc1e-4d08-8d95-1be174849cc4",
            "source": "Berth 31",
            "transportation_methods": [
                "Roadway",
                "Sea",
                "Transloading"
            ],
            "shipper": "MSC",
            "nTEU": 4,
            "origin": "DOMINICAN REPUBLIC",
            "destination": "McIntosh Intersection",
            "name": "23-MSC VITTORIA-40:90:DOMINICAN REPUBLIC"
        },
        {
            "EAT": 5670,
            "LDT": 8550,
            "cargo_categories": [
                "Non-hazardous"
            ],
            "delay_cost": 0,
            "group_uuid": "4b3ed9b8-dc1e-4d08-8d95-1be174849cc4",
            "source": "Berth 31",
            "transportation_methods": [
                "Roadway",
                "Sea",
                "Transloading"
            ],
            "shipper": "MSC",
            "nTEU": 6,
            "origin": "UNITED KINGDOM",
            "destination": "McIntosh Intersection",
            "name": "23-MSC VITTORIA-41:32:UNITED KINGDOM"
        },
        {
            "EAT": 5670,
            "LDT": 8550,
            "cargo_categories": [
                "Non-hazardous"
            ],
            "delay_cost": 0,
            "group_uuid": "4b3ed9b8-dc1e-4d08-8d95-1be174849cc4",
            "source": "Berth 31",
            "transportation_methods": [
                "Roadway",
                "Sea",
                "Transloading"
            ],
            "shipper": "MSC",
            "nTEU": 91,
            "origin": "BRAZIL",
            "destination": "McIntosh Intersection",
            "name": "23-MSC VITTORIA-42:69:BRAZIL"
        },
        {
            "EAT": 5670,
            "LDT": 8550,
            "cargo_categories": [
                "Non-hazardous"
            ],
            "delay_cost": 0,
            "group_uuid": "4b3ed9b8-dc1e-4d08-8d95-1be174849cc4",
            "source": "Berth 31",
            "transportation_methods": [
                "Roadway",
                "Sea",
                "Transloading"
            ],
            "shipper": "FIT",
            "nTEU": 4,
            "origin": "COLOMBIA",
            "destination": "McIntosh Intersection",
            "name": "23-MSC VITTORIA-43:21:COLOMBIA"
        },
        {
            "EAT": 5670,
            "LDT": 8550,
            "cargo_categories": [
                "Non-hazardous"
            ],
            "delay_cost": 0,
            "group_uuid": "4b3ed9b8-dc1e-4d08-8d95-1be174849cc4",
            "source": "Berth 31",
            "transportation_methods": [
                "Roadway",
                "Sea",
                "Transloading"
            ],
            "shipper": "MSC",
            "nTEU": 1,
            "origin": "SPAIN-S",
            "destination": "McIntosh Intersection",
            "name": "23-MSC VITTORIA-44:57:SPAIN-S"
        },
        {
            "EAT": 5670,
            "LDT": 8550,
            "cargo_categories": [
                "Non-hazardous"
            ],
            "delay_cost": 0,
            "group_uuid": "4b3ed9b8-dc1e-4d08-8d95-1be174849cc4",
            "source": "Berth 31",
            "transportation_methods": [
                "Roadway",
                "Sea",
                "Transloading"
            ],
            "shipper": "MSC",
            "nTEU": 1,
            "origin": "NETHERLANDS",
            "destination": "McIntosh Intersection",
            "name": "23-MSC VITTORIA-45:4:NETHERLANDS"
        },
        {
            "EAT": 5670,
            "LDT": 8550,
            "cargo_categories": [
                "Non-hazardous"
            ],
            "delay_cost": 0,
            "group_uuid": "4b3ed9b8-dc1e-4d08-8d95-1be174849cc4",
            "source": "Berth 31",
            "transportation_methods": [
                "Roadway",
                "Sea",
                "Transloading"
            ],
            "shipper": "MSC",
            "nTEU": 5,
            "origin": "CHILE",
            "destination": "McIntosh Intersection",
            "name": "23-MSC VITTORIA-46:10:CHILE"
        },
        {
            "EAT": 5670,
            "LDT": 8550,
            "cargo_categories": [
                "Non-hazardous"
            ],
            "delay_cost": 0,
            "group_uuid": "4b3ed9b8-dc1e-4d08-8d95-1be174849cc4",
            "source": "Berth 31",
            "transportation_methods": [
                "Roadway",
                "Sea",
                "Transloading"
            ],
            "shipper": "FIT",
            "nTEU": 4,
            "origin": "ARGENTINA",
            "destination": "McIntosh Intersection",
            "name": "23-MSC VITTORIA-47:11:ARGENTINA"
        },
        {
            "EAT": 5670,
            "LDT": 8550,
            "cargo_categories": [
                "Non-hazardous"
            ],
            "delay_cost": 0,
            "group_uuid": "4b3ed9b8-dc1e-4d08-8d95-1be174849cc4",
            "source": "Berth 31",
            "transportation_methods": [
                "Roadway",
                "Sea",
                "Transloading"
            ],
            "shipper": "FIT",
            "nTEU": 2,
            "origin": "BRAZIL",
            "destination": "McIntosh Intersection",
            "name": "23-MSC VITTORIA-48:38:BRAZIL"
        },
        {
            "EAT": 5670,
            "LDT": 8550,
            "cargo_categories": [
                "Non-hazardous"
            ],
            "delay_cost": 0,
            "group_uuid": "4b3ed9b8-dc1e-4d08-8d95-1be174849cc4",
            "source": "Berth 31",
            "transportation_methods": [
                "Roadway",
                "Sea",
                "Transloading"
            ],
            "shipper": "MSC",
            "nTEU": 2,
            "origin": "COLOMBIA",
            "destination": "McIntosh Intersection",
            "name": "23-MSC VITTORIA-49:18:COLOMBIA"
        },
        {
            "EAT": 5670,
            "LDT": 8550,
            "cargo_categories": [
                "Non-hazardous"
            ],
            "delay_cost": 0,
            "group_uuid": "4b3ed9b8-dc1e-4d08-8d95-1be174849cc4",
            "source": "Berth 31",
            "transportation_methods": [
                "Roadway",
                "Sea",
                "Transloading"
            ],
            "shipper": "MSC",
            "nTEU": 1,
            "origin": "VENEZUELA",
            "destination": "McIntosh Intersection",
            "name": "23-MSC VITTORIA-50:27:VENEZUELA"
        },
        {
            "EAT": 5670,
            "LDT": 8550,
            "cargo_categories": [
                "Non-hazardous"
            ],
            "delay_cost": 0,
            "group_uuid": "4b3ed9b8-dc1e-4d08-8d95-1be174849cc4",
            "source": "Berth 31",
            "transportation_methods": [
                "Roadway",
                "Sea",
                "Transloading"
            ],
            "shipper": "FIT",
            "nTEU": 2,
            "origin": "ITALY",
            "destination": "McIntosh Intersection",
            "name": "23-MSC VITTORIA-51:29:ITALY"
        },
        {
            "EAT": 5670,
            "LDT": 8550,
            "cargo_categories": [
                "Non-hazardous"
            ],
            "delay_cost": 0,
            "group_uuid": "4b3ed9b8-dc1e-4d08-8d95-1be174849cc4",
            "source": "Berth 31",
            "transportation_methods": [
                "Roadway",
                "Sea",
                "Transloading"
            ],
            "shipper": "MSC",
            "nTEU": 2,
            "origin": "COSTA RICA",
            "destination": "McIntosh Intersection",
            "name": "23-MSC VITTORIA-52:40:COSTA RICA"
        },
        {
            "EAT": 5670,
            "LDT": 8550,
            "cargo_categories": [
                "Non-hazardous"
            ],
            "delay_cost": 0,
            "group_uuid": "4b3ed9b8-dc1e-4d08-8d95-1be174849cc4",
            "source": "Berth 31",
            "transportation_methods": [
                "Roadway",
                "Sea",
                "Transloading"
            ],
            "shipper": "MSC",
            "nTEU": 1,
            "origin": "DOMINICAN REPUBLIC",
            "destination": "McIntosh Intersection",
            "name": "23-MSC VITTORIA-53:46:DOMINICAN REPUBLIC"
        },
        {
            "EAT": 5670,
            "LDT": 8550,
            "cargo_categories": [
                "Non-hazardous"
            ],
            "delay_cost": 0,
            "group_uuid": "4b3ed9b8-dc1e-4d08-8d95-1be174849cc4",
            "source": "Berth 31",
            "transportation_methods": [
                "Roadway",
                "Sea",
                "Transloading"
            ],
            "shipper": "MSC",
            "nTEU": 3,
            "origin": "GUATEMALA",
            "destination": "McIntosh Intersection",
            "name": "23-MSC VITTORIA-54:72:GUATEMALA"
        }
    ]
}