{
    "commodities": [
        {
            "EAT": 7200,
            "LDT": 11520,
            "cargo_categories": [
                "Non-hazardous"
            ],
            "delay_cost": 0,
            "group_uuid": "448cb65d-5ff8-4487-9996-3cab85f11c7d",
            "source": "Berth 31",
            "transportation_methods": [
                "Roadway",
                "Sea",
                "Transloading"
            ],
            "shipper": "MSC",
            "nTEU": 7,
            "origin": "HONDURAS",
            "destination": "McIntosh Intersection",
            "name": "27-ALLEGRO-0::HONDURAS"
        },
        {
            "EAT": 7200,
            "LDT": 11520,
            "cargo_categories": [
                "Non-hazardous"
            ],
            "delay_cost": 0,
            "group_uuid": "448cb65d-5ff8-4487-9996-3cab85f11c7d",
            "source": "Berth 31",
            "transportation_methods": [
                "Roadway",
                "Sea",
                "Transloading"
            ],
            "shipper": "MSC",
            "nTEU": 0,
            "origin": "TURKS AND CAICOS IS",
            "destination": "McIntosh Intersection",
            "name": "27-ALLEGRO-1:86:TURKS AND CAICOS IS"
        }
    ]
}