{
    "commodities": [
        {
            "EAT": 15840,
            "LDT": 20160,
            "cargo_categories": [
                "Non-hazardous"
            ],
            "delay_cost": 0,
            "group_uuid": "4b749fa5-5188-4b47-9ba4-e566c1ff2f17",
            "source": "Berth 33",
            "transportation_methods": [
                "Roadway",
                "Sea",
                "Transloading"
            ],
            "shipper": "Crowley",
            "nTEU": 10,
            "origin": "GUATEMALA",
            "destination": "McIntosh Intersection",
            "name": "51-DENEB J-0:63:GUATEMALA"
        },
        {
            "EAT": 15840,
            "LDT": 20160,
            "cargo_categories": [
                "Non-hazardous"
            ],
            "delay_cost": 0,
            "group_uuid": "4b749fa5-5188-4b47-9ba4-e566c1ff2f17",
            "source": "Berth 33",
            "transportation_methods": [
                "Roadway",
                "Sea",
                "Transloading"
            ],
            "shipper": "Crowley",
            "nTEU": 2,
            "origin": "BAHAMAS",
            "destination": "McIntosh Intersection",
            "name": "51-DENEB J-1:3:BAHAMAS"
        },
        {
            "EAT": 15840,
            "LDT": 20160,
            "cargo_categories": [
                "Non-hazardous"
            ],
            "delay_cost": 0,
            "group_uuid": "4b749fa5-5188-4b47-9ba4-e566c1ff2f17",
            "source": "Berth 33",
            "transportation_methods": [
                "Roadway",
                "Sea",
                "Transloading"
            ],
            "shipper": "Crowley",
            "nTEU": 1,
            "origin": "COLOMBIA",
            "destination": "McIntosh Intersection",
            "name": "51-DENEB J-2:17:COLOMBIA"
        },
        {
            "EAT": 15840,
            "LDT": 20160,
            "cargo_categories": [
                "Non-hazardous"
            ],
            "delay_cost": 0,
            "group_uuid": "4b749fa5-5188-4b47-9ba4-e566c1ff2f17",
            "source": "Berth 33",
            "transportation_methods": [
                "Roadway",
                "Sea",
                "Transloading"
            ],
            "shipper": "King Ocean",
            "nTEU": 1,
            "origin": "GUATEMALA",
            "destination": "McIntosh Intersection",
            "name": "51-DENEB J-3:60:GUATEMALA"
        },
        {
            "EAT": 15840,
            "LDT": 20160,
            "cargo_categories": [
                "Non-hazardous"
            ],
            "delay_cost": 0,
            "group_uuid": "4b749fa5-5188-4b47-9ba4-e566c1ff2f17",
            "source": "Berth 33",
            "transportation_methods": [
                "Roadway",
                "Sea",
                "Transloading"
            ],
            "shipper": "Crowley",
            "nTEU": 3,
            "origin": "PERU",
            "destination": "McIntosh Intersection",
            "name": "51-DENEB J-4:21:PERU"
        },
        {
            "EAT": 15840,
            "LDT": 20160,
            "cargo_categories": [
                "Non-hazardous"
            ],
            "delay_cost": 0,
            "group_uuid": "4b749fa5-5188-4b47-9ba4-e566c1ff2f17",
            "source": "Berth 33",
            "transportation_methods": [
                "Roadway",
                "Sea",
                "Transloading"
            ],
            "shipper": "Crowley",
            "nTEU": 1,
            "origin": "PANAMA",
            "destination": "McIntosh Intersection",
            "name": "51-DENEB J-5:47:PANAMA"
        },
        {
            "EAT": 15840,
            "LDT": 20160,
            "cargo_categories": [
                "Non-hazardous"
            ],
            "delay_cost": 0,
            "group_uuid": "4b749fa5-5188-4b47-9ba4-e566c1ff2f17",
            "source": "Berth 33",
            "transportation_methods": [
                "Roadway",
                "Sea",
                "Transloading"
            ],
            "shipper": "Crowley",
            "nTEU": 0,
            "origin": "DOMINICAN REPUBLIC",
            "destination": "McIntosh Intersection",
            "name": "51-DENEB J-6:64:DOMINICAN REPUBLIC"
        },
        {
            "EAT": 15840,
            "LDT": 20160,
            "cargo_categories": [
                "Non-hazardous"
            ],
            "delay_cost": 0,
            "group_uuid": "4b749fa5-5188-4b47-9ba4-e566c1ff2f17",
            "source": "Berth 33",
            "transportation_methods": [
                "Roadway",
                "Sea",
                "Transloading"
            ],
            "shipper": "King Ocean",
            "nTEU": 3,
            "origin": "ITALY",
            "destination": "McIntosh Intersection",
            "name": "51-DENEB J-7:72:ITALY"
        },
        {
            "EAT": 15840,
            "LDT": 20160,
            "cargo_categories": [
                "Non-hazardous"
            ],
            "delay_cost": 0,
            "group_uuid": "4b749fa5-5188-4b47-9ba4-e566c1ff2f17",
            "source": "Berth 33",
            "transportation_methods": [
                "Roadway",
                "Sea",
                "Transloading"
            ],
            "shipper": "Crowley",
            "nTEU": 44,
            "origin": "HONDURAS",
            "destination": "McIntosh Intersection",
            "name": "51-DENEB J-8:8:HONDURAS"
        },
        {
            "EAT": 15840,
            "LDT": 20160,
            "cargo_categories": [
                "Non-hazardous"
            ],
            "delay_cost": 0,
            "group_uuid": "4b749fa5-5188-4b47-9ba4-e566c1ff2f17",
            "source": "Berth 33",
            "transportation_methods": [
                "Roadway",
                "Sea",
                "Transloading"
            ],
            "shipper": "Crowley",
            "nTEU": 3,
            "origin": "HONDURAS",
            "destination": "McIntosh Intersection",
            "name": "51-DENEB J-9:24:HONDURAS"
        },
        {
            "EAT": 15840,
            "LDT": 20160,
            "cargo_categories": [
                "Non-hazardous"
            ],
            "delay_cost": 0,
            "group_uuid": "4b749fa5-5188-4b47-9ba4-e566c1ff2f17",
            "source": "Berth 33",
            "transportation_methods": [
                "Roadway",
                "Sea",
                "Transloading"
            ],
            "shipper": "Crowley",
            "nTEU": 117,
            "origin": "HONDURAS",
            "destination": "McIntosh Intersection",
            "name": "51-DENEB J-10:62:HONDURAS"
        },
        {
            "EAT": 15840,
            "LDT": 20160,
            "cargo_categories": [
                "Non-hazardous"
            ],
            "delay_cost": 0,
            "group_uuid": "4b749fa5-5188-4b47-9ba4-e566c1ff2f17",
            "source": "Berth 33",
            "transportation_methods": [
                "Roadway",
                "Sea",
                "Transloading"
            ],
            "shipper": "Crowley",
            "nTEU": 10,
            "origin": "DOMINICAN REPUBLIC",
            "destination": "McIntosh Intersection",
            "name": "51-DENEB J-11:52:DOMINICAN REPUBLIC"
        },
        {
            "EAT": 15840,
            "LDT": 20160,
            "cargo_categories": [
                "Non-hazardous"
            ],
            "delay_cost": 0,
            "group_uuid": "4b749fa5-5188-4b47-9ba4-e566c1ff2f17",
            "source": "Berth 33",
            "transportation_methods": [
                "Roadway",
                "Sea",
                "Transloading"
            ],
            "shipper": "Crowley",
            "nTEU": 50,
            "origin": "HONDURAS",
            "destination": "McIntosh Intersection",
            "name": "51-DENEB J-12:7:HONDURAS"
        },
        {
            "EAT": 15840,
            "LDT": 20160,
            "cargo_categories": [
                "Non-hazardous"
            ],
            "delay_cost": 0,
            "group_uuid": "4b749fa5-5188-4b47-9ba4-e566c1ff2f17",
            "source": "Berth 33",
            "transportation_methods": [
                "Roadway",
                "Sea",
                "Transloading"
            ],
            "shipper": "Crowley",
            "nTEU": 2,
            "origin": "ECUADOR",
            "destination": "McIntosh Intersection",
            "name": "51-DENEB J-13:84:ECUADOR"
        },
        {
            "EAT": 15840,
            "LDT": 20160,
            "cargo_categories": [
                "Non-hazardous"
            ],
            "delay_cost": 0,
            "group_uuid": "4b749fa5-5188-4b47-9ba4-e566c1ff2f17",
            "source": "Berth 33",
            "transportation_methods": [
                "Roadway",
                "Sea",
                "Transloading"
            ],
            "shipper": "King Ocean",
            "nTEU": 1,
            "origin": "DOMINICAN REPUBLIC",
            "destination": "McIntosh Intersection",
            "name": "51-DENEB J-14:33:DOMINICAN REPUBLIC"
        },
        {
            "EAT": 15840,
            "LDT": 20160,
            "cargo_categories": [
                "Non-hazardous"
            ],
            "delay_cost": 0,
            "group_uuid": "4b749fa5-5188-4b47-9ba4-e566c1ff2f17",
            "source": "Berth 33",
            "transportation_methods": [
                "Roadway",
                "Sea",
                "Transloading"
            ],
            "shipper": "King Ocean",
            "nTEU": 13,
            "origin": "NICARAGUA",
            "destination": "McIntosh Intersection",
            "name": "51-DENEB J-15:39:NICARAGUA"
        },
        {
            "EAT": 15840,
            "LDT": 20160,
            "cargo_categories": [
                "Non-hazardous"
            ],
            "delay_cost": 0,
            "group_uuid": "4b749fa5-5188-4b47-9ba4-e566c1ff2f17",
            "source": "Berth 33",
            "transportation_methods": [
                "Roadway",
                "Sea",
                "Transloading"
            ],
            "shipper": "King Ocean",
            "nTEU": 27,
            "origin": "HONDURAS",
            "destination": "McIntosh Intersection",
            "name": "51-DENEB J-16:61:HONDURAS"
        },
        {
            "EAT": 15840,
            "LDT": 20160,
            "cargo_categories": [
                "Non-hazardous"
            ],
            "delay_cost": 0,
            "group_uuid": "4b749fa5-5188-4b47-9ba4-e566c1ff2f17",
            "source": "Berth 33",
            "transportation_methods": [
                "Roadway",
                "Sea",
                "Transloading"
            ],
            "shipper": "King Ocean",
            "nTEU": 2,
            "origin": "COLOMBIA",
            "destination": "McIntosh Intersection",
            "name": "51-DENEB J-17:76:COLOMBIA"
        },
        {
            "EAT": 15840,
            "LDT": 20160,
            "cargo_categories": [
                "Non-hazardous"
            ],
            "delay_cost": 0,
            "group_uuid": "4b749fa5-5188-4b47-9ba4-e566c1ff2f17",
            "source": "Berth 33",
            "transportation_methods": [
                "Roadway",
                "Sea",
                "Transloading"
            ],
            "shipper": "King Ocean",
            "nTEU": 1,
            "origin": "BRAZIL",
            "destination": "McIntosh Intersection",
            "name": "51-DENEB J-18:44:BRAZIL"
        },
        {
            "EAT": 15840,
            "LDT": 20160,
            "cargo_categories": [
                "Non-hazardous"
            ],
            "delay_cost": 0,
            "group_uuid": "4b749fa5-5188-4b47-9ba4-e566c1ff2f17",
            "source": "Berth 33",
            "transportation_methods": [
                "Roadway",
                "Sea",
                "Transloading"
            ],
            "shipper": "Crowley",
            "nTEU": 12,
            "origin": "GERMANY",
            "destination": "McIntosh Intersection",
            "name": "51-DENEB J-19:22:GERMANY"
        },
        {
            "EAT": 15840,
            "LDT": 20160,
            "cargo_categories": [
                "Non-hazardous"
            ],
            "delay_cost": 0,
            "group_uuid": "4b749fa5-5188-4b47-9ba4-e566c1ff2f17",
            "source": "Berth 33",
            "transportation_methods": [
                "Roadway",
                "Sea",
                "Transloading"
            ],
            "shipper": "King Ocean",
            "nTEU": 2,
            "origin": "GERMANY",
            "destination": "McIntosh Intersection",
            "name": "51-DENEB J-20:18:GERMANY"
        },
        {
            "EAT": 15840,
            "LDT": 20160,
            "cargo_categories": [
                "Non-hazardous"
            ],
            "delay_cost": 0,
            "group_uuid": "4b749fa5-5188-4b47-9ba4-e566c1ff2f17",
            "source": "Berth 33",
            "transportation_methods": [
                "Roadway",
                "Sea",
                "Transloading"
            ],
            "shipper": "Crowley",
            "nTEU": 1,
            "origin": "BELGIUM",
            "destination": "McIntosh Intersection",
            "name": "51-DENEB J-21:20:BELGIUM"
        },
        {
            "EAT": 15840,
            "LDT": 20160,
            "cargo_categories": [
                "Non-hazardous"
            ],
            "delay_cost": 0,
            "group_uuid": "4b749fa5-5188-4b47-9ba4-e566c1ff2f17",
            "source": "Berth 33",
            "transportation_methods": [
                "Roadway",
                "Sea",
                "Transloading"
            ],
            "shipper": "Crowley",
            "nTEU": 12,
            "origin": "BELGIUM",
            "destination": "McIntosh Intersection",
            "name": "51-DENEB J-22:48:BELGIUM"
        },
        {
            "EAT": 15840,
            "LDT": 20160,
            "cargo_categories": [
                "Non-hazardous"
            ],
            "delay_cost": 0,
            "group_uuid": "4b749fa5-5188-4b47-9ba4-e566c1ff2f17",
            "source": "Berth 33",
            "transportation_methods": [
                "Roadway",
                "Sea",
                "Transloading"
            ],
            "shipper": "King Ocean",
            "nTEU": 1,
            "origin": "BELGIUM",
            "destination": "McIntosh Intersection",
            "name": "51-DENEB J-23:11:BELGIUM"
        },
        {
            "EAT": 15840,
            "LDT": 20160,
            "cargo_categories": [
                "Non-hazardous"
            ],
            "delay_cost": 0,
            "group_uuid": "4b749fa5-5188-4b47-9ba4-e566c1ff2f17",
            "source": "Berth 33",
            "transportation_methods": [
                "Roadway",
                "Sea",
                "Transloading"
            ],
            "shipper": "Crowley",
            "nTEU": 1,
            "origin": "ITALY",
            "destination": "McIntosh Intersection",
            "name": "51-DENEB J-24:38:ITALY"
        },
        {
            "EAT": 15840,
            "LDT": 20160,
            "cargo_categories": [
                "Non-hazardous"
            ],
            "delay_cost": 0,
            "group_uuid": "4b749fa5-5188-4b47-9ba4-e566c1ff2f17",
            "source": "Berth 33",
            "transportation_methods": [
                "Roadway",
                "Sea",
                "Transloading"
            ],
            "shipper": "King Ocean",
            "nTEU": 2,
            "origin": "ECUADOR",
            "destination": "McIntosh Intersection",
            "name": "51-DENEB J-25:34:ECUADOR"
        },
        {
            "EAT": 15840,
            "LDT": 20160,
            "cargo_categories": [
                "Non-hazardous"
            ],
            "delay_cost": 0,
            "group_uuid": "4b749fa5-5188-4b47-9ba4-e566c1ff2f17",
            "source": "Berth 33",
            "transportation_methods": [
                "Roadway",
                "Sea",
                "Transloading"
            ],
            "shipper": "King Ocean",
            "nTEU": 2,
            "origin": "GERMANY",
            "destination": "McIntosh Intersection",
            "name": "51-DENEB J-26:89:GERMANY"
        },
        {
            "EAT": 15840,
            "LDT": 20160,
            "cargo_categories": [
                "Non-hazardous"
            ],
            "delay_cost": 0,
            "group_uuid": "4b749fa5-5188-4b47-9ba4-e566c1ff2f17",
            "source": "Berth 33",
            "transportation_methods": [
                "Roadway",
                "Sea",
                "Transloading"
            ],
            "shipper": "Crowley",
            "nTEU": 5,
            "origin": "DOMINICAN REPUBLIC",
            "destination": "McIntosh Intersection",
            "name": "51-DENEB J-27:90:DOMINICAN REPUBLIC"
        },
        {
            "EAT": 15840,
            "LDT": 20160,
            "cargo_categories": [
                "Non-hazardous"
            ],
            "delay_cost": 0,
            "group_uuid": "4b749fa5-5188-4b47-9ba4-e566c1ff2f17",
            "source": "Berth 33",
            "transportation_methods": [
                "Roadway",
                "Sea",
                "Transloading"
            ],
            "shipper": "Crowley",
            "nTEU": 1,
            "origin": "PANAMA",
            "destination": "McIntosh Intersection",
            "name": "51-DENEB J-28:95:PANAMA"
        },
        {
            "EAT": 15840,
            "LDT": 20160,
            "cargo_categories": [
                "Non-hazardous"
            ],
            "delay_cost": 0,
            "group_uuid": "4b749fa5-5188-4b47-9ba4-e566c1ff2f17",
            "source": "Berth 33",
            "transportation_methods": [
                "Roadway",
                "Sea",
                "Transloading"
            ],
            "shipper": "King Ocean",
            "nTEU": 5,
            "origin": "HONDURAS",
            "destination": "McIntosh Intersection",
            "name": "51-DENEB J-29::HONDURAS"
        },
        {
            "EAT": 15840,
            "LDT": 20160,
            "cargo_categories": [
                "Non-hazardous"
            ],
            "delay_cost": 0,
            "group_uuid": "4b749fa5-5188-4b47-9ba4-e566c1ff2f17",
            "source": "Berth 33",
            "transportation_methods": [
                "Roadway",
                "Sea",
                "Transloading"
            ],
            "shipper": "Crowley",
            "nTEU": 2,
            "origin": "COSTA RICA",
            "destination": "McIntosh Intersection",
            "name": "51-DENEB J-30:6:COSTA RICA"
        },
        {
            "EAT": 15840,
            "LDT": 20160,
            "cargo_categories": [
                "Non-hazardous"
            ],
            "delay_cost": 0,
            "group_uuid": "4b749fa5-5188-4b47-9ba4-e566c1ff2f17",
            "source": "Berth 33",
            "transportation_methods": [
                "Roadway",
                "Sea",
                "Transloading"
            ],
            "shipper": "Crowley",
            "nTEU": 4,
            "origin": "BRAZIL",
            "destination": "McIntosh Intersection",
            "name": "51-DENEB J-31:19:BRAZIL"
        },
        {
            "EAT": 15840,
            "LDT": 20160,
            "cargo_categories": [
                "Non-hazardous"
            ],
            "delay_cost": 0,
            "group_uuid": "4b749fa5-5188-4b47-9ba4-e566c1ff2f17",
            "source": "Berth 33",
            "transportation_methods": [
                "Roadway",
                "Sea",
                "Transloading"
            ],
            "shipper": "Crowley",
            "nTEU": 13,
            "origin": "SPAIN-S",
            "destination": "McIntosh Intersection",
            "name": "51-DENEB J-32:94:SPAIN-S"
        }
    ]
}