{
    "commodities": [
        {
            "EAT": 10080,
            "LDT": 14400,
            "cargo_categories": [
                "Non-hazardous"
            ],
            "delay_cost": 0,
            "group_uuid": "03a87f40-92f1-456e-ae84-3e7b8e464c7b",
            "source": "Berth 31",
            "transportation_methods": [
                "Roadway",
                "Sea",
                "Transloading"
            ],
            "shipper": "King Ocean",
            "nTEU": 2,
            "origin": "PERU",
            "destination": "McIntosh Intersection",
            "name": "32-DOLE HONDURAS-0:9:PERU"
        },
        {
            "EAT": 10080,
            "LDT": 14400,
            "cargo_categories": [
                "Non-hazardous"
            ],
            "delay_cost": 0,
            "group_uuid": "03a87f40-92f1-456e-ae84-3e7b8e464c7b",
            "source": "Berth 31",
            "transportation_methods": [
                "Roadway",
                "Sea",
                "Transloading"
            ],
            "shipper": "King Ocean",
            "nTEU": 2,
            "origin": "HONDURAS",
            "destination": "McIntosh Intersection",
            "name": "32-DOLE HONDURAS-1:8:HONDURAS"
        },
        {
            "EAT": 10080,
            "LDT": 14400,
            "cargo_categories": [
                "Non-hazardous"
            ],
            "delay_cost": 0,
            "group_uuid": "03a87f40-92f1-456e-ae84-3e7b8e464c7b",
            "source": "Berth 31",
            "transportation_methods": [
                "Roadway",
                "Sea",
                "Transloading"
            ],
            "shipper": "King Ocean",
            "nTEU": 6,
            "origin": "DOMINICAN REPUBLIC",
            "destination": "McIntosh Intersection",
            "name": "32-DOLE HONDURAS-2:7:DOMINICAN REPUBLIC"
        },
        {
            "EAT": 10080,
            "LDT": 14400,
            "cargo_categories": [
                "Non-hazardous"
            ],
            "delay_cost": 0,
            "group_uuid": "03a87f40-92f1-456e-ae84-3e7b8e464c7b",
            "source": "Berth 31",
            "transportation_methods": [
                "Roadway",
                "Sea",
                "Transloading"
            ],
            "shipper": "King Ocean",
            "nTEU": 2,
            "origin": "DOMINICAN REPUBLIC",
            "destination": "McIntosh Intersection",
            "name": "32-DOLE HONDURAS-3:90:DOMINICAN REPUBLIC"
        },
        {
            "EAT": 10080,
            "LDT": 14400,
            "cargo_categories": [
                "Non-hazardous"
            ],
            "delay_cost": 0,
            "group_uuid": "03a87f40-92f1-456e-ae84-3e7b8e464c7b",
            "source": "Berth 31",
            "transportation_methods": [
                "Roadway",
                "Sea",
                "Transloading"
            ],
            "shipper": "FIT",
            "nTEU": 2,
            "origin": "PANAMA",
            "destination": "McIntosh Intersection",
            "name": "32-DOLE HONDURAS-4:3:PANAMA"
        },
        {
            "EAT": 10080,
            "LDT": 14400,
            "cargo_categories": [
                "Non-hazardous"
            ],
            "delay_cost": 0,
            "group_uuid": "03a87f40-92f1-456e-ae84-3e7b8e464c7b",
            "source": "Berth 31",
            "transportation_methods": [
                "Roadway",
                "Sea",
                "Transloading"
            ],
            "shipper": "King Ocean",
            "nTEU": 2,
            "origin": "NICARAGUA",
            "destination": "McIntosh Intersection",
            "name": "32-DOLE HONDURAS-5:21:NICARAGUA"
        },
        {
            "EAT": 10080,
            "LDT": 14400,
            "cargo_categories": [
                "Non-hazardous"
            ],
            "delay_cost": 0,
            "group_uuid": "03a87f40-92f1-456e-ae84-3e7b8e464c7b",
            "source": "Berth 31",
            "transportation_methods": [
                "Roadway",
                "Sea",
                "Transloading"
            ],
            "shipper": "FIT",
            "nTEU": 0,
            "origin": "BRAZIL",
            "destination": "McIntosh Intersection",
            "name": "32-DOLE HONDURAS-6:95:BRAZIL"
        }
    ]
}