{
    "commodities": [
        {
            "EAT": 18720,
            "LDT": 23040,
            "cargo_categories": [
                "Non-hazardous"
            ],
            "delay_cost": 0,
            "group_uuid": "e1987646-f822-4de2-b2a1-e9485b535cbd",
            "source": "Berth 31",
            "transportation_methods": [
                "Roadway",
                "Sea",
                "Transloading"
            ],
            "shipper": "King Ocean",
            "nTEU": 6,
            "origin": "GERMANY",
            "destination": "McIntosh Intersection",
            "name": "62-DOLE ECUADOR-0:7:GERMANY"
        },
        {
            "EAT": 18720,
            "LDT": 23040,
            "cargo_categories": [
                "Non-hazardous"
            ],
            "delay_cost": 0,
            "group_uuid": "e1987646-f822-4de2-b2a1-e9485b535cbd",
            "source": "Berth 31",
            "transportation_methods": [
                "Roadway",
                "Sea",
                "Transloading"
            ],
            "shipper": "King Ocean",
            "nTEU": 2,
            "origin": "JAMAICA",
            "destination": "McIntosh Intersection",
            "name": "62-DOLE ECUADOR-1:19:JAMAICA"
        },
        {
            "EAT": 18720,
            "LDT": 23040,
            "cargo_categories": [
                "Non-hazardous"
            ],
            "delay_cost": 0,
            "group_uuid": "e1987646-f822-4de2-b2a1-e9485b535cbd",
            "source": "Berth 31",
            "transportation_methods": [
                "Roadway",
                "Sea",
                "Transloading"
            ],
            "shipper": "King Ocean",
            "nTEU": 4,
            "origin": "COSTA RICA",
            "destination": "McIntosh Intersection",
            "name": "62-DOLE ECUADOR-2:39:COSTA RICA"
        },
        {
            "EAT": 18720,
            "LDT": 23040,
            "cargo_categories": [
                "Non-hazardous"
            ],
            "delay_cost": 0,
            "group_uuid": "e1987646-f822-4de2-b2a1-e9485b535cbd",
            "source": "Berth 31",
            "transportation_methods": [
                "Roadway",
                "Sea",
                "Transloading"
            ],
            "shipper": "King Ocean",
            "nTEU": 2,
            "origin": "BRAZIL",
            "destination": "McIntosh Intersection",
            "name": "62-DOLE ECUADOR-3:85:BRAZIL"
        },
        {
            "EAT": 18720,
            "LDT": 23040,
            "cargo_categories": [
                "Non-hazardous"
            ],
            "delay_cost": 0,
            "group_uuid": "e1987646-f822-4de2-b2a1-e9485b535cbd",
            "source": "Berth 31",
            "transportation_methods": [
                "Roadway",
                "Sea",
                "Transloading"
            ],
            "shipper": "FIT",
            "nTEU": 2,
            "origin": "GUATEMALA",
            "destination": "McIntosh Intersection",
            "name": "62-DOLE ECUADOR-4::GUATEMALA"
        },
        {
            "EAT": 18720,
            "LDT": 23040,
            "cargo_categories": [
                "Non-hazardous"
            ],
            "delay_cost": 0,
            "group_uuid": "e1987646-f822-4de2-b2a1-e9485b535cbd",
            "source": "Berth 31",
            "transportation_methods": [
                "Roadway",
                "Sea",
                "Transloading"
            ],
            "shipper": "King Ocean",
            "nTEU": 4,
            "origin": "GUATEMALA",
            "destination": "McIntosh Intersection",
            "name": "62-DOLE ECUADOR-5:8:GUATEMALA"
        },
        {
            "EAT": 18720,
            "LDT": 23040,
            "cargo_categories": [
                "Non-hazardous"
            ],
            "delay_cost": 0,
            "group_uuid": "e1987646-f822-4de2-b2a1-e9485b535cbd",
            "source": "Berth 31",
            "transportation_methods": [
                "Roadway",
                "Sea",
                "Transloading"
            ],
            "shipper": "FIT",
            "nTEU": 2,
            "origin": "DOMINICAN REPUBLIC",
            "destination": "McIntosh Intersection",
            "name": "62-DOLE ECUADOR-6:3:DOMINICAN REPUBLIC"
        },
        {
            "EAT": 18720,
            "LDT": 23040,
            "cargo_categories": [
                "Non-hazardous"
            ],
            "delay_cost": 0,
            "group_uuid": "e1987646-f822-4de2-b2a1-e9485b535cbd",
            "source": "Berth 31",
            "transportation_methods": [
                "Roadway",
                "Sea",
                "Transloading"
            ],
            "shipper": "King Ocean",
            "nTEU": 5,
            "origin": "DOMINICAN REPUBLIC",
            "destination": "McIntosh Intersection",
            "name": "62-DOLE ECUADOR-7:90:DOMINICAN REPUBLIC"
        },
        {
            "EAT": 18720,
            "LDT": 23040,
            "cargo_categories": [
                "Non-hazardous"
            ],
            "delay_cost": 0,
            "group_uuid": "e1987646-f822-4de2-b2a1-e9485b535cbd",
            "source": "Berth 31",
            "transportation_methods": [
                "Roadway",
                "Sea",
                "Transloading"
            ],
            "shipper": "FIT",
            "nTEU": 4,
            "origin": "SPAIN-S",
            "destination": "McIntosh Intersection",
            "name": "62-DOLE ECUADOR-8:21:SPAIN-S"
        }
    ]
}