{
    "commodities": [
        {
            "EAT": 1440,
            "LDT": 5760,
            "cargo_categories": [
                "Non-hazardous"
            ],
            "delay_cost": 0,
            "group_uuid": "88b473eb-d641-4083-963d-e90c34a77edd",
            "source": "Berth 30",
            "transportation_methods": [
                "Roadway",
                "Sea",
                "Transloading"
            ],
            "shipper": "FIT",
            "nTEU": 2,
            "origin": "GUATEMALA",
            "destination": "McIntosh Intersection",
            "name": "5-JPO LIBRA-0:63:GUATEMALA"
        },
        {
            "EAT": 1440,
            "LDT": 5760,
            "cargo_categories": [
                "Non-hazardous"
            ],
            "delay_cost": 0,
            "group_uuid": "88b473eb-d641-4083-963d-e90c34a77edd",
            "source": "Berth 30",
            "transportation_methods": [
                "Roadway",
                "Sea",
                "Transloading"
            ],
            "shipper": "FIT",
            "nTEU": 3,
            "origin": "COLOMBIA",
            "destination": "McIntosh Intersection",
            "name": "5-JPO LIBRA-1:17:COLOMBIA"
        },
        {
            "EAT": 1440,
            "LDT": 5760,
            "cargo_categories": [
                "Non-hazardous"
            ],
            "delay_cost": 0,
            "group_uuid": "88b473eb-d641-4083-963d-e90c34a77edd",
            "source": "Berth 30",
            "transportation_methods": [
                "Roadway",
                "Sea",
                "Transloading"
            ],
            "shipper": "FIT",
            "nTEU": 2,
            "origin": "PERU",
            "destination": "McIntosh Intersection",
            "name": "5-JPO LIBRA-2:18:PERU"
        },
        {
            "EAT": 1440,
            "LDT": 5760,
            "cargo_categories": [
                "Non-hazardous"
            ],
            "delay_cost": 0,
            "group_uuid": "88b473eb-d641-4083-963d-e90c34a77edd",
            "source": "Berth 30",
            "transportation_methods": [
                "Roadway",
                "Sea",
                "Transloading"
            ],
            "shipper": "FIT",
            "nTEU": 3,
            "origin": "BRAZIL",
            "destination": "McIntosh Intersection",
            "name": "5-JPO LIBRA-3:20:BRAZIL"
        },
        {
            "EAT": 1440,
            "LDT": 5760,
            "cargo_categories": [
                "Non-hazardous"
            ],
            "delay_cost": 0,
            "group_uuid": "88b473eb-d641-4083-963d-e90c34a77edd",
            "source": "Berth 30",
            "transportation_methods": [
                "Roadway",
                "Sea",
                "Transloading"
            ],
            "shipper": "FIT",
            "nTEU": 5,
            "origin": "ECUADOR",
            "destination": "McIntosh Intersection",
            "name": "5-JPO LIBRA-4:69:ECUADOR"
        },
        {
            "EAT": 1440,
            "LDT": 5760,
            "cargo_categories": [
                "Non-hazardous"
            ],
            "delay_cost": 0,
            "group_uuid": "88b473eb-d641-4083-963d-e90c34a77edd",
            "source": "Berth 30",
            "transportation_methods": [
                "Roadway",
                "Sea",
                "Transloading"
            ],
            "shipper": "FIT",
            "nTEU": 5,
            "origin": "BAHAMAS",
            "destination": "McIntosh Intersection",
            "name": "5-JPO LIBRA-5:84:BAHAMAS"
        },
        {
            "EAT": 1440,
            "LDT": 5760,
            "cargo_categories": [
                "Non-hazardous"
            ],
            "delay_cost": 0,
            "group_uuid": "88b473eb-d641-4083-963d-e90c34a77edd",
            "source": "Berth 30",
            "transportation_methods": [
                "Roadway",
                "Sea",
                "Transloading"
            ],
            "shipper": "FIT",
            "nTEU": 1,
            "origin": "DOMINICAN REPUBLIC",
            "destination": "McIntosh Intersection",
            "name": "5-JPO LIBRA-6:83:DOMINICAN REPUBLIC"
        },
        {
            "EAT": 1440,
            "LDT": 5760,
            "cargo_categories": [
                "Non-hazardous"
            ],
            "delay_cost": 0,
            "group_uuid": "88b473eb-d641-4083-963d-e90c34a77edd",
            "source": "Berth 30",
            "transportation_methods": [
                "Roadway",
                "Sea",
                "Transloading"
            ],
            "shipper": "FIT",
            "nTEU": 1,
            "origin": "VIRGIN ISLAND",
            "destination": "McIntosh Intersection",
            "name": "5-JPO LIBRA-7:87:VIRGIN ISLAND"
        },
        {
            "EAT": 1440,
            "LDT": 5760,
            "cargo_categories": [
                "Non-hazardous"
            ],
            "delay_cost": 0,
            "group_uuid": "88b473eb-d641-4083-963d-e90c34a77edd",
            "source": "Berth 30",
            "transportation_methods": [
                "Roadway",
                "Sea",
                "Transloading"
            ],
            "shipper": "FIT",
            "nTEU": 8,
            "origin": "GUATEMALA",
            "destination": "McIntosh Intersection",
            "name": "5-JPO LIBRA-8:8:GUATEMALA"
        },
        {
            "EAT": 1440,
            "LDT": 5760,
            "cargo_categories": [
                "Non-hazardous"
            ],
            "delay_cost": 0,
            "group_uuid": "88b473eb-d641-4083-963d-e90c34a77edd",
            "source": "Berth 30",
            "transportation_methods": [
                "Roadway",
                "Sea",
                "Transloading"
            ],
            "shipper": "FIT",
            "nTEU": 2,
            "origin": "BAHAMAS",
            "destination": "McIntosh Intersection",
            "name": "5-JPO LIBRA-9:16:BAHAMAS"
        },
        {
            "EAT": 1440,
            "LDT": 5760,
            "cargo_categories": [
                "Non-hazardous"
            ],
            "delay_cost": 0,
            "group_uuid": "88b473eb-d641-4083-963d-e90c34a77edd",
            "source": "Berth 30",
            "transportation_methods": [
                "Roadway",
                "Sea",
                "Transloading"
            ],
            "shipper": "FIT",
            "nTEU": 9,
            "origin": "GUATEMALA",
            "destination": "McIntosh Intersection",
            "name": "5-JPO LIBRA-10:62:GUATEMALA"
        },
        {
            "EAT": 1440,
            "LDT": 5760,
            "cargo_categories": [
                "Non-hazardous"
            ],
            "delay_cost": 0,
            "group_uuid": "88b473eb-d641-4083-963d-e90c34a77edd",
            "source": "Berth 30",
            "transportation_methods": [
                "Roadway",
                "Sea",
                "Transloading"
            ],
            "shipper": "FIT",
            "nTEU": 22,
            "origin": "COLOMBIA",
            "destination": "McIntosh Intersection",
            "name": "5-JPO LIBRA-11:76:COLOMBIA"
        },
        {
            "EAT": 1440,
            "LDT": 5760,
            "cargo_categories": [
                "Non-hazardous"
            ],
            "delay_cost": 0,
            "group_uuid": "88b473eb-d641-4083-963d-e90c34a77edd",
            "source": "Berth 30",
            "transportation_methods": [
                "Roadway",
                "Sea",
                "Transloading"
            ],
            "shipper": "FIT",
            "nTEU": 1,
            "origin": "GERMANY",
            "destination": "McIntosh Intersection",
            "name": "5-JPO LIBRA-12::GERMANY"
        },
        {
            "EAT": 1440,
            "LDT": 5760,
            "cargo_categories": [
                "Non-hazardous"
            ],
            "delay_cost": 0,
            "group_uuid": "88b473eb-d641-4083-963d-e90c34a77edd",
            "source": "Berth 30",
            "transportation_methods": [
                "Roadway",
                "Sea",
                "Transloading"
            ],
            "shipper": "FIT",
            "nTEU": 1,
            "origin": "GUATEMALA",
            "destination": "McIntosh Intersection",
            "name": "5-JPO LIBRA-13:73:GUATEMALA"
        },
        {
            "EAT": 1440,
            "LDT": 5760,
            "cargo_categories": [
                "Non-hazardous"
            ],
            "delay_cost": 0,
            "group_uuid": "88b473eb-d641-4083-963d-e90c34a77edd",
            "source": "Berth 30",
            "transportation_methods": [
                "Roadway",
                "Sea",
                "Transloading"
            ],
            "shipper": "FIT",
            "nTEU": 2,
            "origin": "DOMINICAN REPUBLIC",
            "destination": "McIntosh Intersection",
            "name": "5-JPO LIBRA-14:90:DOMINICAN REPUBLIC"
        },
        {
            "EAT": 1440,
            "LDT": 5760,
            "cargo_categories": [
                "Non-hazardous"
            ],
            "delay_cost": 0,
            "group_uuid": "88b473eb-d641-4083-963d-e90c34a77edd",
            "source": "Berth 30",
            "transportation_methods": [
                "Roadway",
                "Sea",
                "Transloading"
            ],
            "shipper": "FIT",
            "nTEU": 15,
            "origin": "BRAZIL",
            "destination": "McIntosh Intersection",
            "name": "5-JPO LIBRA-15:44:BRAZIL"
        },
        {
            "EAT": 1440,
            "LDT": 5760,
            "cargo_categories": [
                "Non-hazardous"
            ],
            "delay_cost": 0,
            "group_uuid": "88b473eb-d641-4083-963d-e90c34a77edd",
            "source": "Berth 30",
            "transportation_methods": [
                "Roadway",
                "Sea",
                "Transloading"
            ],
            "shipper": "FIT",
            "nTEU": 2,
            "origin": "BELGIUM",
            "destination": "McIntosh Intersection",
            "name": "5-JPO LIBRA-16:22:BELGIUM"
        },
        {
            "EAT": 1440,
            "LDT": 5760,
            "cargo_categories": [
                "Non-hazardous"
            ],
            "delay_cost": 0,
            "group_uuid": "88b473eb-d641-4083-963d-e90c34a77edd",
            "source": "Berth 30",
            "transportation_methods": [
                "Roadway",
                "Sea",
                "Transloading"
            ],
            "shipper": "FIT",
            "nTEU": 1,
            "origin": "BAHAMAS",
            "destination": "McIntosh Intersection",
            "name": "5-JPO LIBRA-17:32:BAHAMAS"
        },
        {
            "EAT": 1440,
            "LDT": 5760,
            "cargo_categories": [
                "Non-hazardous"
            ],
            "delay_cost": 0,
            "group_uuid": "88b473eb-d641-4083-963d-e90c34a77edd",
            "source": "Berth 30",
            "transportation_methods": [
                "Roadway",
                "Sea",
                "Transloading"
            ],
            "shipper": "FIT",
            "nTEU": 2,
            "origin": "DOMINICAN REPUBLIC",
            "destination": "McIntosh Intersection",
            "name": "5-JPO LIBRA-18:64:DOMINICAN REPUBLIC"
        },
        {
            "EAT": 1440,
            "LDT": 5760,
            "cargo_categories": [
                "Non-hazardous"
            ],
            "delay_cost": 0,
            "group_uuid": "88b473eb-d641-4083-963d-e90c34a77edd",
            "source": "Berth 30",
            "transportation_methods": [
                "Roadway",
                "Sea",
                "Transloading"
            ],
            "shipper": "FIT",
            "nTEU": 12,
            "origin": "COSTA RICA",
            "destination": "McIntosh Intersection",
            "name": "5-JPO LIBRA-19:3:COSTA RICA"
        },
        {
            "EAT": 1440,
            "LDT": 5760,
            "cargo_categories": [
                "Non-hazardous"
            ],
            "delay_cost": 0,
            "group_uuid": "88b473eb-d641-4083-963d-e90c34a77edd",
            "source": "Berth 30",
            "transportation_methods": [
                "Roadway",
                "Sea",
                "Transloading"
            ],
            "shipper": "FIT",
            "nTEU": 2,
            "origin": "BRAZIL",
            "destination": "McIntosh Intersection",
            "name": "5-JPO LIBRA-20:56:BRAZIL"
        },
        {
            "EAT": 1440,
            "LDT": 5760,
            "cargo_categories": [
                "Non-hazardous"
            ],
            "delay_cost": 0,
            "group_uuid": "88b473eb-d641-4083-963d-e90c34a77edd",
            "source": "Berth 30",
            "transportation_methods": [
                "Roadway",
                "Sea",
                "Transloading"
            ],
            "shipper": "FIT",
            "nTEU": 1,
            "origin": "COLOMBIA",
            "destination": "McIntosh Intersection",
            "name": "5-JPO LIBRA-21:21:COLOMBIA"
        },
        {
            "EAT": 1440,
            "LDT": 5760,
            "cargo_categories": [
                "Non-hazardous"
            ],
            "delay_cost": 0,
            "group_uuid": "88b473eb-d641-4083-963d-e90c34a77edd",
            "source": "Berth 30",
            "transportation_methods": [
                "Roadway",
                "Sea",
                "Transloading"
            ],
            "shipper": "FIT",
            "nTEU": 4,
            "origin": "GERMANY",
            "destination": "McIntosh Intersection",
            "name": "5-JPO LIBRA-22:27:GERMANY"
        },
        {
            "EAT": 1440,
            "LDT": 5760,
            "cargo_categories": [
                "Non-hazardous"
            ],
            "delay_cost": 0,
            "group_uuid": "88b473eb-d641-4083-963d-e90c34a77edd",
            "source": "Berth 30",
            "transportation_methods": [
                "Roadway",
                "Sea",
                "Transloading"
            ],
            "shipper": "FIT",
            "nTEU": 2,
            "origin": "COLOMBIA",
            "destination": "McIntosh Intersection",
            "name": "5-JPO LIBRA-23:70:COLOMBIA"
        },
        {
            "EAT": 1440,
            "LDT": 5760,
            "cargo_categories": [
                "Non-hazardous"
            ],
            "delay_cost": 0,
            "group_uuid": "88b473eb-d641-4083-963d-e90c34a77edd",
            "source": "Berth 30",
            "transportation_methods": [
                "Roadway",
                "Sea",
                "Transloading"
            ],
            "shipper": "FIT",
            "nTEU": 5,
            "origin": "BAHAMAS",
            "destination": "McIntosh Intersection",
            "name": "5-JPO LIBRA-24:9:BAHAMAS"
        },
        {
            "EAT": 1440,
            "LDT": 5760,
            "cargo_categories": [
                "Non-hazardous"
            ],
            "delay_cost": 0,
            "group_uuid": "88b473eb-d641-4083-963d-e90c34a77edd",
            "source": "Berth 30",
            "transportation_methods": [
                "Roadway",
                "Sea",
                "Transloading"
            ],
            "shipper": "FIT",
            "nTEU": 6,
            "origin": "COLOMBIA",
            "destination": "McIntosh Intersection",
            "name": "5-JPO LIBRA-25:2:COLOMBIA"
        },
        {
            "EAT": 1440,
            "LDT": 5760,
            "cargo_categories": [
                "Non-hazardous"
            ],
            "delay_cost": 0,
            "group_uuid": "88b473eb-d641-4083-963d-e90c34a77edd",
            "source": "Berth 30",
            "transportation_methods": [
                "Roadway",
                "Sea",
                "Transloading"
            ],
            "shipper": "FIT",
            "nTEU": 10,
            "origin": "COSTA RICA",
            "destination": "McIntosh Intersection",
            "name": "5-JPO LIBRA-26:7:COSTA RICA"
        },
        {
            "EAT": 1440,
            "LDT": 5760,
            "cargo_categories": [
                "Non-hazardous"
            ],
            "delay_cost": 0,
            "group_uuid": "88b473eb-d641-4083-963d-e90c34a77edd",
            "source": "Berth 30",
            "transportation_methods": [
                "Roadway",
                "Sea",
                "Transloading"
            ],
            "shipper": "FIT",
            "nTEU": 2,
            "origin": "ITALY",
            "destination": "McIntosh Intersection",
            "name": "5-JPO LIBRA-27:33:ITALY"
        },
        {
            "EAT": 1440,
            "LDT": 5760,
            "cargo_categories": [
                "Non-hazardous"
            ],
            "delay_cost": 0,
            "group_uuid": "88b473eb-d641-4083-963d-e90c34a77edd",
            "source": "Berth 30",
            "transportation_methods": [
                "Roadway",
                "Sea",
                "Transloading"
            ],
            "shipper": "FIT",
            "nTEU": 1,
            "origin": "BAHAMAS",
            "destination": "McIntosh Intersection",
            "name": "5-JPO LIBRA-28:82:BAHAMAS"
        },
        {
            "EAT": 1440,
            "LDT": 5760,
            "cargo_categories": [
                "Non-hazardous"
            ],
            "delay_cost": 0,
            "group_uuid": "88b473eb-d641-4083-963d-e90c34a77edd",
            "source": "Berth 30",
            "transportation_methods": [
                "Roadway",
                "Sea",
                "Transloading"
            ],
            "shipper": "FIT",
            "nTEU": 10,
            "origin": "GUATEMALA",
            "destination": "McIntosh Intersection",
            "name": "5-JPO LIBRA-29:61:GUATEMALA"
        },
        {
            "EAT": 1440,
            "LDT": 5760,
            "cargo_categories": [
                "Non-hazardous"
            ],
            "delay_cost": 0,
            "group_uuid": "88b473eb-d641-4083-963d-e90c34a77edd",
            "source": "Berth 30",
            "transportation_methods": [
                "Roadway",
                "Sea",
                "Transloading"
            ],
            "shipper": "FIT",
            "nTEU": 2,
            "origin": "ITALY",
            "destination": "McIntosh Intersection",
            "name": "5-JPO LIBRA-30:94:ITALY"
        },
        {
            "EAT": 1440,
            "LDT": 5760,
            "cargo_categories": [
                "Non-hazardous"
            ],
            "delay_cost": 0,
            "group_uuid": "88b473eb-d641-4083-963d-e90c34a77edd",
            "source": "Berth 30",
            "transportation_methods": [
                "Roadway",
                "Sea",
                "Transloading"
            ],
            "shipper": "FIT",
            "nTEU": 1,
            "origin": "CHILE",
            "destination": "McIntosh Intersection",
            "name": "5-JPO LIBRA-31:40:CHILE"
        },
        {
            "EAT": 1440,
            "LDT": 5760,
            "cargo_categories": [
                "Non-hazardous"
            ],
            "delay_cost": 0,
            "group_uuid": "88b473eb-d641-4083-963d-e90c34a77edd",
            "source": "Berth 30",
            "transportation_methods": [
                "Roadway",
                "Sea",
                "Transloading"
            ],
            "shipper": "FIT",
            "nTEU": 1,
            "origin": "ITALY",
            "destination": "McIntosh Intersection",
            "name": "5-JPO LIBRA-32:89:ITALY"
        },
        {
            "EAT": 1440,
            "LDT": 5760,
            "cargo_categories": [
                "Non-hazardous"
            ],
            "delay_cost": 0,
            "group_uuid": "88b473eb-d641-4083-963d-e90c34a77edd",
            "source": "Berth 30",
            "transportation_methods": [
                "Roadway",
                "Sea",
                "Transloading"
            ],
            "shipper": "FIT",
            "nTEU": 16,
            "origin": "TURKEY",
            "destination": "McIntosh Intersection",
            "name": "5-JPO LIBRA-33:25:TURKEY"
        },
        {
            "EAT": 1440,
            "LDT": 5760,
            "cargo_categories": [
                "Non-hazardous"
            ],
            "delay_cost": 0,
            "group_uuid": "88b473eb-d641-4083-963d-e90c34a77edd",
            "source": "Berth 30",
            "transportation_methods": [
                "Roadway",
                "Sea",
                "Transloading"
            ],
            "shipper": "FIT",
            "nTEU": 1,
            "origin": "BRAZIL",
            "destination": "McIntosh Intersection",
            "name": "5-JPO LIBRA-34:19:BRAZIL"
        },
        {
            "EAT": 1440,
            "LDT": 5760,
            "cargo_categories": [
                "Non-hazardous"
            ],
            "delay_cost": 0,
            "group_uuid": "88b473eb-d641-4083-963d-e90c34a77edd",
            "source": "Berth 30",
            "transportation_methods": [
                "Roadway",
                "Sea",
                "Transloading"
            ],
            "shipper": "FIT",
            "nTEU": 1,
            "origin": "ITALY",
            "destination": "McIntosh Intersection",
            "name": "5-JPO LIBRA-35:29:ITALY"
        },
        {
            "EAT": 1440,
            "LDT": 5760,
            "cargo_categories": [
                "Non-hazardous"
            ],
            "delay_cost": 0,
            "group_uuid": "88b473eb-d641-4083-963d-e90c34a77edd",
            "source": "Berth 30",
            "transportation_methods": [
                "Roadway",
                "Sea",
                "Transloading"
            ],
            "shipper": "FIT",
            "nTEU": 3,
            "origin": "BRAZIL",
            "destination": "McIntosh Intersection",
            "name": "5-JPO LIBRA-36:68:BRAZIL"
        },
        {
            "EAT": 1440,
            "LDT": 5760,
            "cargo_categories": [
                "Non-hazardous"
            ],
            "delay_cost": 0,
            "group_uuid": "88b473eb-d641-4083-963d-e90c34a77edd",
            "source": "Berth 30",
            "transportation_methods": [
                "Roadway",
                "Sea",
                "Transloading"
            ],
            "shipper": "FIT",
            "nTEU": 11,
            "origin": "COLOMBIA",
            "destination": "McIntosh Intersection",
            "name": "5-JPO LIBRA-37:39:COLOMBIA"
        },
        {
            "EAT": 1440,
            "LDT": 5760,
            "cargo_categories": [
                "Non-hazardous"
            ],
            "delay_cost": 0,
            "group_uuid": "88b473eb-d641-4083-963d-e90c34a77edd",
            "source": "Berth 30",
            "transportation_methods": [
                "Roadway",
                "Sea",
                "Transloading"
            ],
            "shipper": "FIT",
            "nTEU": 2,
            "origin": "DOMINICAN REPUBLIC",
            "destination": "McIntosh Intersection",
            "name": "5-JPO LIBRA-38:6:DOMINICAN REPUBLIC"
        },
        {
            "EAT": 1440,
            "LDT": 5760,
            "cargo_categories": [
                "Non-hazardous"
            ],
            "delay_cost": 0,
            "group_uuid": "88b473eb-d641-4083-963d-e90c34a77edd",
            "source": "Berth 30",
            "transportation_methods": [
                "Roadway",
                "Sea",
                "Transloading"
            ],
            "shipper": "FIT",
            "nTEU": 2,
            "origin": "BELGIUM",
            "destination": "McIntosh Intersection",
            "name": "5-JPO LIBRA-39:28:BELGIUM"
        },
        {
            "EAT": 1440,
            "LDT": 5760,
            "cargo_categories": [
                "Non-hazardous"
            ],
            "delay_cost": 0,
            "group_uuid": "88b473eb-d641-4083-963d-e90c34a77edd",
            "source": "Berth 30",
            "transportation_methods": [
                "Roadway",
                "Sea",
                "Transloading"
            ],
            "shipper": "FIT",
            "nTEU": 1,
            "origin": "COLOMBIA",
            "destination": "McIntosh Intersection",
            "name": "5-JPO LIBRA-40:30:COLOMBIA"
        }
    ]
}