{
    "commodities": [
        {
            "EAT": 4320,
            "LDT": 8640,
            "cargo_categories": [
                "Non-hazardous"
            ],
            "delay_cost": 0,
            "group_uuid": "6294619a-39a2-4645-87f4-dcb1d7f4f881",
            "source": "Berth 32",
            "transportation_methods": [
                "Roadway",
                "Sea",
                "Transloading"
            ],
            "shipper": "MSC",
            "nTEU": 4,
            "origin": "DOMINICAN REPUBLIC",
            "destination": "McIntosh Intersection",
            "name": "18-JSP AMIHAN-0:83:DOMINICAN REPUBLIC"
        },
        {
            "EAT": 4320,
            "LDT": 8640,
            "cargo_categories": [
                "Non-hazardous"
            ],
            "delay_cost": 0,
            "group_uuid": "6294619a-39a2-4645-87f4-dcb1d7f4f881",
            "source": "Berth 32",
            "transportation_methods": [
                "Roadway",
                "Sea",
                "Transloading"
            ],
            "shipper": "MSC",
            "nTEU": 1,
            "origin": "GERMANY",
            "destination": "McIntosh Intersection",
            "name": "18-JSP AMIHAN-1:95:GERMANY"
        },
        {
            "EAT": 4320,
            "LDT": 8640,
            "cargo_categories": [
                "Non-hazardous"
            ],
            "delay_cost": 0,
            "group_uuid": "6294619a-39a2-4645-87f4-dcb1d7f4f881",
            "source": "Berth 32",
            "transportation_methods": [
                "Roadway",
                "Sea",
                "Transloading"
            ],
            "shipper": "MSC",
            "nTEU": 6,
            "origin": "BRAZIL",
            "destination": "McIntosh Intersection",
            "name": "18-JSP AMIHAN-2::BRAZIL"
        },
        {
            "EAT": 4320,
            "LDT": 8640,
            "cargo_categories": [
                "Non-hazardous"
            ],
            "delay_cost": 0,
            "group_uuid": "6294619a-39a2-4645-87f4-dcb1d7f4f881",
            "source": "Berth 32",
            "transportation_methods": [
                "Roadway",
                "Sea",
                "Transloading"
            ],
            "shipper": "MSC",
            "nTEU": 8,
            "origin": "HONDURAS",
            "destination": "McIntosh Intersection",
            "name": "18-JSP AMIHAN-3:39:HONDURAS"
        },
        {
            "EAT": 4320,
            "LDT": 8640,
            "cargo_categories": [
                "Non-hazardous"
            ],
            "delay_cost": 0,
            "group_uuid": "6294619a-39a2-4645-87f4-dcb1d7f4f881",
            "source": "Berth 32",
            "transportation_methods": [
                "Roadway",
                "Sea",
                "Transloading"
            ],
            "shipper": "MSC",
            "nTEU": 15,
            "origin": "ITALY",
            "destination": "McIntosh Intersection",
            "name": "18-JSP AMIHAN-4:73:ITALY"
        },
        {
            "EAT": 4320,
            "LDT": 8640,
            "cargo_categories": [
                "Non-hazardous"
            ],
            "delay_cost": 0,
            "group_uuid": "6294619a-39a2-4645-87f4-dcb1d7f4f881",
            "source": "Berth 32",
            "transportation_methods": [
                "Roadway",
                "Sea",
                "Transloading"
            ],
            "shipper": "MSC",
            "nTEU": 1,
            "origin": "LEEWARD AND WINDWARD",
            "destination": "McIntosh Intersection",
            "name": "18-JSP AMIHAN-5:81:LEEWARD AND WINDWARD"
        },
        {
            "EAT": 4320,
            "LDT": 8640,
            "cargo_categories": [
                "Non-hazardous"
            ],
            "delay_cost": 0,
            "group_uuid": "6294619a-39a2-4645-87f4-dcb1d7f4f881",
            "source": "Berth 32",
            "transportation_methods": [
                "Roadway",
                "Sea",
                "Transloading"
            ],
            "shipper": "MSC",
            "nTEU": 2,
            "origin": "BRAZIL",
            "destination": "McIntosh Intersection",
            "name": "18-JSP AMIHAN-6:44:BRAZIL"
        },
        {
            "EAT": 4320,
            "LDT": 8640,
            "cargo_categories": [
                "Non-hazardous"
            ],
            "delay_cost": 0,
            "group_uuid": "6294619a-39a2-4645-87f4-dcb1d7f4f881",
            "source": "Berth 32",
            "transportation_methods": [
                "Roadway",
                "Sea",
                "Transloading"
            ],
            "shipper": "MSC",
            "nTEU": 1,
            "origin": "COLOMBIA",
            "destination": "McIntosh Intersection",
            "name": "18-JSP AMIHAN-7:30:COLOMBIA"
        },
        {
            "EAT": 4320,
            "LDT": 8640,
            "cargo_categories": [
                "Non-hazardous"
            ],
            "delay_cost": 0,
            "group_uuid": "6294619a-39a2-4645-87f4-dcb1d7f4f881",
            "source": "Berth 32",
            "transportation_methods": [
                "Roadway",
                "Sea",
                "Transloading"
            ],
            "shipper": "MSC",
            "nTEU": 1,
            "origin": "DOMINICAN REPUBLIC",
            "destination": "McIntosh Intersection",
            "name": "18-JSP AMIHAN-8:90:DOMINICAN REPUBLIC"
        },
        {
            "EAT": 4320,
            "LDT": 8640,
            "cargo_categories": [
                "Non-hazardous"
            ],
            "delay_cost": 0,
            "group_uuid": "6294619a-39a2-4645-87f4-dcb1d7f4f881",
            "source": "Berth 32",
            "transportation_methods": [
                "Roadway",
                "Sea",
                "Transloading"
            ],
            "shipper": "MSC",
            "nTEU": 10,
            "origin": "COSTA RICA",
            "destination": "McIntosh Intersection",
            "name": "18-JSP AMIHAN-9:48:COSTA RICA"
        },
        {
            "EAT": 4320,
            "LDT": 8640,
            "cargo_categories": [
                "Non-hazardous"
            ],
            "delay_cost": 0,
            "group_uuid": "6294619a-39a2-4645-87f4-dcb1d7f4f881",
            "source": "Berth 32",
            "transportation_methods": [
                "Roadway",
                "Sea",
                "Transloading"
            ],
            "shipper": "MSC",
            "nTEU": 3,
            "origin": "PANAMA",
            "destination": "McIntosh Intersection",
            "name": "18-JSP AMIHAN-10:84:PANAMA"
        },
        {
            "EAT": 4320,
            "LDT": 8640,
            "cargo_categories": [
                "Non-hazardous"
            ],
            "delay_cost": 0,
            "group_uuid": "6294619a-39a2-4645-87f4-dcb1d7f4f881",
            "source": "Berth 32",
            "transportation_methods": [
                "Roadway",
                "Sea",
                "Transloading"
            ],
            "shipper": "MSC",
            "nTEU": 1,
            "origin": "BAHAMAS",
            "destination": "McIntosh Intersection",
            "name": "18-JSP AMIHAN-11:10:BAHAMAS"
        },
        {
            "EAT": 4320,
            "LDT": 8640,
            "cargo_categories": [
                "Non-hazardous"
            ],
            "delay_cost": 0,
            "group_uuid": "6294619a-39a2-4645-87f4-dcb1d7f4f881",
            "source": "Berth 32",
            "transportation_methods": [
                "Roadway",
                "Sea",
                "Transloading"
            ],
            "shipper": "MSC",
            "nTEU": 9,
            "origin": "COLOMBIA",
            "destination": "McIntosh Intersection",
            "name": "18-JSP AMIHAN-12:70:COLOMBIA"
        },
        {
            "EAT": 4320,
            "LDT": 8640,
            "cargo_categories": [
                "Non-hazardous"
            ],
            "delay_cost": 0,
            "group_uuid": "6294619a-39a2-4645-87f4-dcb1d7f4f881",
            "source": "Berth 32",
            "transportation_methods": [
                "Roadway",
                "Sea",
                "Transloading"
            ],
            "shipper": "MSC",
            "nTEU": 0,
            "origin": "DOMINICAN REPUBLIC",
            "destination": "McIntosh Intersection",
            "name": "18-JSP AMIHAN-13:86:DOMINICAN REPUBLIC"
        },
        {
            "EAT": 4320,
            "LDT": 8640,
            "cargo_categories": [
                "Non-hazardous"
            ],
            "delay_cost": 0,
            "group_uuid": "6294619a-39a2-4645-87f4-dcb1d7f4f881",
            "source": "Berth 32",
            "transportation_methods": [
                "Roadway",
                "Sea",
                "Transloading"
            ],
            "shipper": "MSC",
            "nTEU": 2,
            "origin": "VIRGIN ISLAND",
            "destination": "McIntosh Intersection",
            "name": "18-JSP AMIHAN-14:87:VIRGIN ISLAND"
        },
        {
            "EAT": 4320,
            "LDT": 8640,
            "cargo_categories": [
                "Non-hazardous"
            ],
            "delay_cost": 0,
            "group_uuid": "6294619a-39a2-4645-87f4-dcb1d7f4f881",
            "source": "Berth 32",
            "transportation_methods": [
                "Roadway",
                "Sea",
                "Transloading"
            ],
            "shipper": "MSC",
            "nTEU": 22,
            "origin": "GUATEMALA",
            "destination": "McIntosh Intersection",
            "name": "18-JSP AMIHAN-15:8:GUATEMALA"
        },
        {
            "EAT": 4320,
            "LDT": 8640,
            "cargo_categories": [
                "Non-hazardous"
            ],
            "delay_cost": 0,
            "group_uuid": "6294619a-39a2-4645-87f4-dcb1d7f4f881",
            "source": "Berth 32",
            "transportation_methods": [
                "Roadway",
                "Sea",
                "Transloading"
            ],
            "shipper": "MSC",
            "nTEU": 1,
            "origin": "BRAZIL",
            "destination": "McIntosh Intersection",
            "name": "18-JSP AMIHAN-16:41:BRAZIL"
        },
        {
            "EAT": 4320,
            "LDT": 8640,
            "cargo_categories": [
                "Non-hazardous"
            ],
            "delay_cost": 0,
            "group_uuid": "6294619a-39a2-4645-87f4-dcb1d7f4f881",
            "source": "Berth 32",
            "transportation_methods": [
                "Roadway",
                "Sea",
                "Transloading"
            ],
            "shipper": "MSC",
            "nTEU": 22,
            "origin": "BAHAMAS",
            "destination": "McIntosh Intersection",
            "name": "18-JSP AMIHAN-17:53:BAHAMAS"
        },
        {
            "EAT": 4320,
            "LDT": 8640,
            "cargo_categories": [
                "Non-hazardous"
            ],
            "delay_cost": 0,
            "group_uuid": "6294619a-39a2-4645-87f4-dcb1d7f4f881",
            "source": "Berth 32",
            "transportation_methods": [
                "Roadway",
                "Sea",
                "Transloading"
            ],
            "shipper": "MSC",
            "nTEU": 1,
            "origin": "ITALY",
            "destination": "McIntosh Intersection",
            "name": "18-JSP AMIHAN-18:82:ITALY"
        },
        {
            "EAT": 4320,
            "LDT": 8640,
            "cargo_categories": [
                "Non-hazardous"
            ],
            "delay_cost": 0,
            "group_uuid": "6294619a-39a2-4645-87f4-dcb1d7f4f881",
            "source": "Berth 32",
            "transportation_methods": [
                "Roadway",
                "Sea",
                "Transloading"
            ],
            "shipper": "MSC",
            "nTEU": 2,
            "origin": "COSTA RICA",
            "destination": "McIntosh Intersection",
            "name": "18-JSP AMIHAN-19:12:COSTA RICA"
        },
        {
            "EAT": 4320,
            "LDT": 8640,
            "cargo_categories": [
                "Non-hazardous"
            ],
            "delay_cost": 0,
            "group_uuid": "6294619a-39a2-4645-87f4-dcb1d7f4f881",
            "source": "Berth 32",
            "transportation_methods": [
                "Roadway",
                "Sea",
                "Transloading"
            ],
            "shipper": "MSC",
            "nTEU": 1,
            "origin": "COLOMBIA",
            "destination": "McIntosh Intersection",
            "name": "18-JSP AMIHAN-20:76:COLOMBIA"
        },
        {
            "EAT": 4320,
            "LDT": 8640,
            "cargo_categories": [
                "Non-hazardous"
            ],
            "delay_cost": 0,
            "group_uuid": "6294619a-39a2-4645-87f4-dcb1d7f4f881",
            "source": "Berth 32",
            "transportation_methods": [
                "Roadway",
                "Sea",
                "Transloading"
            ],
            "shipper": "MSC",
            "nTEU": 2,
            "origin": "ITALY",
            "destination": "McIntosh Intersection",
            "name": "18-JSP AMIHAN-21:94:ITALY"
        },
        {
            "EAT": 4320,
            "LDT": 8640,
            "cargo_categories": [
                "Non-hazardous"
            ],
            "delay_cost": 0,
            "group_uuid": "6294619a-39a2-4645-87f4-dcb1d7f4f881",
            "source": "Berth 32",
            "transportation_methods": [
                "Roadway",
                "Sea",
                "Transloading"
            ],
            "shipper": "MSC",
            "nTEU": 2,
            "origin": "COSTA RICA",
            "destination": "McIntosh Intersection",
            "name": "18-JSP AMIHAN-22:40:COSTA RICA"
        },
        {
            "EAT": 4320,
            "LDT": 8640,
            "cargo_categories": [
                "Non-hazardous"
            ],
            "delay_cost": 0,
            "group_uuid": "6294619a-39a2-4645-87f4-dcb1d7f4f881",
            "source": "Berth 32",
            "transportation_methods": [
                "Roadway",
                "Sea",
                "Transloading"
            ],
            "shipper": "MSC",
            "nTEU": 4,
            "origin": "BRAZIL",
            "destination": "McIntosh Intersection",
            "name": "18-JSP AMIHAN-23:25:BRAZIL"
        },
        {
            "EAT": 4320,
            "LDT": 8640,
            "cargo_categories": [
                "Non-hazardous"
            ],
            "delay_cost": 0,
            "group_uuid": "6294619a-39a2-4645-87f4-dcb1d7f4f881",
            "source": "Berth 32",
            "transportation_methods": [
                "Roadway",
                "Sea",
                "Transloading"
            ],
            "shipper": "MSC",
            "nTEU": 1,
            "origin": "GUATEMALA",
            "destination": "McIntosh Intersection",
            "name": "18-JSP AMIHAN-24:34:GUATEMALA"
        },
        {
            "EAT": 4320,
            "LDT": 8640,
            "cargo_categories": [
                "Non-hazardous"
            ],
            "delay_cost": 0,
            "group_uuid": "6294619a-39a2-4645-87f4-dcb1d7f4f881",
            "source": "Berth 32",
            "transportation_methods": [
                "Roadway",
                "Sea",
                "Transloading"
            ],
            "shipper": "MSC",
            "nTEU": 22,
            "origin": "ITALY",
            "destination": "McIntosh Intersection",
            "name": "18-JSP AMIHAN-25:68:ITALY"
        },
        {
            "EAT": 4320,
            "LDT": 8640,
            "cargo_categories": [
                "Non-hazardous"
            ],
            "delay_cost": 0,
            "group_uuid": "6294619a-39a2-4645-87f4-dcb1d7f4f881",
            "source": "Berth 32",
            "transportation_methods": [
                "Roadway",
                "Sea",
                "Transloading"
            ],
            "shipper": "MSC",
            "nTEU": 6,
            "origin": "ITALY",
            "destination": "McIntosh Intersection",
            "name": "18-JSP AMIHAN-26:69:ITALY"
        }
    ]
}