{
    "commodities": [
        {
            "EAT": 14400,
            "LDT": 18720,
            "cargo_categories": [
                "Non-hazardous"
            ],
            "delay_cost": 0,
            "group_uuid": "0aa5f596-e7ae-402c-8298-917f9eba2732",
            "source": "Berth 32",
            "transportation_methods": [
                "Roadway",
                "Sea",
                "Transloading"
            ],
            "shipper": "FIT",
            "nTEU": 5,
            "origin": "ECUADOR",
            "destination": "McIntosh Intersection",
            "name": "43-K-BREEZE-0:87:ECUADOR"
        },
        {
            "EAT": 14400,
            "LDT": 18720,
            "cargo_categories": [
                "Non-hazardous"
            ],
            "delay_cost": 0,
            "group_uuid": "0aa5f596-e7ae-402c-8298-917f9eba2732",
            "source": "Berth 32",
            "transportation_methods": [
                "Roadway",
                "Sea",
                "Transloading"
            ],
            "shipper": "FIT",
            "nTEU": 9,
            "origin": "GUATEMALA",
            "destination": "McIntosh Intersection",
            "name": "43-K-BREEZE-1:8:GUATEMALA"
        },
        {
            "EAT": 14400,
            "LDT": 18720,
            "cargo_categories": [
                "Non-hazardous"
            ],
            "delay_cost": 0,
            "group_uuid": "0aa5f596-e7ae-402c-8298-917f9eba2732",
            "source": "Berth 32",
            "transportation_methods": [
                "Roadway",
                "Sea",
                "Transloading"
            ],
            "shipper": "Crowley",
            "nTEU": 11,
            "origin": "GERMANY",
            "destination": "McIntosh Intersection",
            "name": "43-K-BREEZE-2:85:GERMANY"
        },
        {
            "EAT": 14400,
            "LDT": 18720,
            "cargo_categories": [
                "Non-hazardous"
            ],
            "delay_cost": 0,
            "group_uuid": "0aa5f596-e7ae-402c-8298-917f9eba2732",
            "source": "Berth 32",
            "transportation_methods": [
                "Roadway",
                "Sea",
                "Transloading"
            ],
            "shipper": "FIT",
            "nTEU": 2,
            "origin": "ECUADOR",
            "destination": "McIntosh Intersection",
            "name": "43-K-BREEZE-3:34:ECUADOR"
        },
        {
            "EAT": 14400,
            "LDT": 18720,
            "cargo_categories": [
                "Non-hazardous"
            ],
            "delay_cost": 0,
            "group_uuid": "0aa5f596-e7ae-402c-8298-917f9eba2732",
            "source": "Berth 32",
            "transportation_methods": [
                "Roadway",
                "Sea",
                "Transloading"
            ],
            "shipper": "FIT",
            "nTEU": 13,
            "origin": "GUATEMALA",
            "destination": "McIntosh Intersection",
            "name": "43-K-BREEZE-4:73:GUATEMALA"
        },
        {
            "EAT": 14400,
            "LDT": 18720,
            "cargo_categories": [
                "Non-hazardous"
            ],
            "delay_cost": 0,
            "group_uuid": "0aa5f596-e7ae-402c-8298-917f9eba2732",
            "source": "Berth 32",
            "transportation_methods": [
                "Roadway",
                "Sea",
                "Transloading"
            ],
            "shipper": "Crowley",
            "nTEU": 1,
            "origin": "DOMINICAN REPUBLIC",
            "destination": "McIntosh Intersection",
            "name": "43-K-BREEZE-5:96:DOMINICAN REPUBLIC"
        },
        {
            "EAT": 14400,
            "LDT": 18720,
            "cargo_categories": [
                "Non-hazardous"
            ],
            "delay_cost": 0,
            "group_uuid": "0aa5f596-e7ae-402c-8298-917f9eba2732",
            "source": "Berth 32",
            "transportation_methods": [
                "Roadway",
                "Sea",
                "Transloading"
            ],
            "shipper": "Crowley",
            "nTEU": 11,
            "origin": "HONDURAS",
            "destination": "McIntosh Intersection",
            "name": "43-K-BREEZE-6::HONDURAS"
        },
        {
            "EAT": 14400,
            "LDT": 18720,
            "cargo_categories": [
                "Non-hazardous"
            ],
            "delay_cost": 0,
            "group_uuid": "0aa5f596-e7ae-402c-8298-917f9eba2732",
            "source": "Berth 32",
            "transportation_methods": [
                "Roadway",
                "Sea",
                "Transloading"
            ],
            "shipper": "Crowley",
            "nTEU": 5,
            "origin": "COSTA RICA",
            "destination": "McIntosh Intersection",
            "name": "43-K-BREEZE-7:30:COSTA RICA"
        },
        {
            "EAT": 14400,
            "LDT": 18720,
            "cargo_categories": [
                "Non-hazardous"
            ],
            "delay_cost": 0,
            "group_uuid": "0aa5f596-e7ae-402c-8298-917f9eba2732",
            "source": "Berth 32",
            "transportation_methods": [
                "Roadway",
                "Sea",
                "Transloading"
            ],
            "shipper": "FIT",
            "nTEU": 2,
            "origin": "ARGENTINA",
            "destination": "McIntosh Intersection",
            "name": "43-K-BREEZE-8:20:ARGENTINA"
        },
        {
            "EAT": 14400,
            "LDT": 18720,
            "cargo_categories": [
                "Non-hazardous"
            ],
            "delay_cost": 0,
            "group_uuid": "0aa5f596-e7ae-402c-8298-917f9eba2732",
            "source": "Berth 32",
            "transportation_methods": [
                "Roadway",
                "Sea",
                "Transloading"
            ],
            "shipper": "FIT",
            "nTEU": 6,
            "origin": "ITALY",
            "destination": "McIntosh Intersection",
            "name": "43-K-BREEZE-9:25:ITALY"
        },
        {
            "EAT": 14400,
            "LDT": 18720,
            "cargo_categories": [
                "Non-hazardous"
            ],
            "delay_cost": 0,
            "group_uuid": "0aa5f596-e7ae-402c-8298-917f9eba2732",
            "source": "Berth 32",
            "transportation_methods": [
                "Roadway",
                "Sea",
                "Transloading"
            ],
            "shipper": "FIT",
            "nTEU": 2,
            "origin": "INDONESIA",
            "destination": "McIntosh Intersection",
            "name": "43-K-BREEZE-10:42:INDONESIA"
        },
        {
            "EAT": 14400,
            "LDT": 18720,
            "cargo_categories": [
                "Non-hazardous"
            ],
            "delay_cost": 0,
            "group_uuid": "0aa5f596-e7ae-402c-8298-917f9eba2732",
            "source": "Berth 32",
            "transportation_methods": [
                "Roadway",
                "Sea",
                "Transloading"
            ],
            "shipper": "FIT",
            "nTEU": 2,
            "origin": "GUATEMALA",
            "destination": "McIntosh Intersection",
            "name": "43-K-BREEZE-11:63:GUATEMALA"
        },
        {
            "EAT": 14400,
            "LDT": 18720,
            "cargo_categories": [
                "Non-hazardous"
            ],
            "delay_cost": 0,
            "group_uuid": "0aa5f596-e7ae-402c-8298-917f9eba2732",
            "source": "Berth 32",
            "transportation_methods": [
                "Roadway",
                "Sea",
                "Transloading"
            ],
            "shipper": "Crowley",
            "nTEU": 1,
            "origin": "ECUADOR",
            "destination": "McIntosh Intersection",
            "name": "43-K-BREEZE-12:84:ECUADOR"
        },
        {
            "EAT": 14400,
            "LDT": 18720,
            "cargo_categories": [
                "Non-hazardous"
            ],
            "delay_cost": 0,
            "group_uuid": "0aa5f596-e7ae-402c-8298-917f9eba2732",
            "source": "Berth 32",
            "transportation_methods": [
                "Roadway",
                "Sea",
                "Transloading"
            ],
            "shipper": "FIT",
            "nTEU": 4,
            "origin": "BRAZIL",
            "destination": "McIntosh Intersection",
            "name": "43-K-BREEZE-13:95:BRAZIL"
        },
        {
            "EAT": 14400,
            "LDT": 18720,
            "cargo_categories": [
                "Non-hazardous"
            ],
            "delay_cost": 0,
            "group_uuid": "0aa5f596-e7ae-402c-8298-917f9eba2732",
            "source": "Berth 32",
            "transportation_methods": [
                "Roadway",
                "Sea",
                "Transloading"
            ],
            "shipper": "FIT",
            "nTEU": 21,
            "origin": "BELGIUM",
            "destination": "McIntosh Intersection",
            "name": "43-K-BREEZE-14:39:BELGIUM"
        },
        {
            "EAT": 14400,
            "LDT": 18720,
            "cargo_categories": [
                "Non-hazardous"
            ],
            "delay_cost": 0,
            "group_uuid": "0aa5f596-e7ae-402c-8298-917f9eba2732",
            "source": "Berth 32",
            "transportation_methods": [
                "Roadway",
                "Sea",
                "Transloading"
            ],
            "shipper": "Crowley",
            "nTEU": 13,
            "origin": "DOMINICAN REPUBLIC",
            "destination": "McIntosh Intersection",
            "name": "43-K-BREEZE-15:52:DOMINICAN REPUBLIC"
        },
        {
            "EAT": 14400,
            "LDT": 18720,
            "cargo_categories": [
                "Non-hazardous"
            ],
            "delay_cost": 0,
            "group_uuid": "0aa5f596-e7ae-402c-8298-917f9eba2732",
            "source": "Berth 32",
            "transportation_methods": [
                "Roadway",
                "Sea",
                "Transloading"
            ],
            "shipper": "FIT",
            "nTEU": 0,
            "origin": "TURKS AND CAICOS IS",
            "destination": "McIntosh Intersection",
            "name": "43-K-BREEZE-16:86:TURKS AND CAICOS IS"
        },
        {
            "EAT": 14400,
            "LDT": 18720,
            "cargo_categories": [
                "Non-hazardous"
            ],
            "delay_cost": 0,
            "group_uuid": "0aa5f596-e7ae-402c-8298-917f9eba2732",
            "source": "Berth 32",
            "transportation_methods": [
                "Roadway",
                "Sea",
                "Transloading"
            ],
            "shipper": "FIT",
            "nTEU": 4,
            "origin": "NICARAGUA",
            "destination": "McIntosh Intersection",
            "name": "43-K-BREEZE-17:9:NICARAGUA"
        },
        {
            "EAT": 14400,
            "LDT": 18720,
            "cargo_categories": [
                "Non-hazardous"
            ],
            "delay_cost": 0,
            "group_uuid": "0aa5f596-e7ae-402c-8298-917f9eba2732",
            "source": "Berth 32",
            "transportation_methods": [
                "Roadway",
                "Sea",
                "Transloading"
            ],
            "shipper": "FIT",
            "nTEU": 4,
            "origin": "PANAMA",
            "destination": "McIntosh Intersection",
            "name": "43-K-BREEZE-18:44:PANAMA"
        },
        {
            "EAT": 14400,
            "LDT": 18720,
            "cargo_categories": [
                "Non-hazardous"
            ],
            "delay_cost": 0,
            "group_uuid": "0aa5f596-e7ae-402c-8298-917f9eba2732",
            "source": "Berth 32",
            "transportation_methods": [
                "Roadway",
                "Sea",
                "Transloading"
            ],
            "shipper": "FIT",
            "nTEU": 11,
            "origin": "HONDURAS",
            "destination": "McIntosh Intersection",
            "name": "43-K-BREEZE-19:62:HONDURAS"
        },
        {
            "EAT": 14400,
            "LDT": 18720,
            "cargo_categories": [
                "Non-hazardous"
            ],
            "delay_cost": 0,
            "group_uuid": "0aa5f596-e7ae-402c-8298-917f9eba2732",
            "source": "Berth 32",
            "transportation_methods": [
                "Roadway",
                "Sea",
                "Transloading"
            ],
            "shipper": "FIT",
            "nTEU": 11,
            "origin": "DOMINICAN REPUBLIC",
            "destination": "McIntosh Intersection",
            "name": "43-K-BREEZE-20:83:DOMINICAN REPUBLIC"
        },
        {
            "EAT": 14400,
            "LDT": 18720,
            "cargo_categories": [
                "Non-hazardous"
            ],
            "delay_cost": 0,
            "group_uuid": "0aa5f596-e7ae-402c-8298-917f9eba2732",
            "source": "Berth 32",
            "transportation_methods": [
                "Roadway",
                "Sea",
                "Transloading"
            ],
            "shipper": "FIT",
            "nTEU": 16,
            "origin": "DOMINICAN REPUBLIC",
            "destination": "McIntosh Intersection",
            "name": "43-K-BREEZE-21:90:DOMINICAN REPUBLIC"
        },
        {
            "EAT": 14400,
            "LDT": 18720,
            "cargo_categories": [
                "Non-hazardous"
            ],
            "delay_cost": 0,
            "group_uuid": "0aa5f596-e7ae-402c-8298-917f9eba2732",
            "source": "Berth 32",
            "transportation_methods": [
                "Roadway",
                "Sea",
                "Transloading"
            ],
            "shipper": "FIT",
            "nTEU": 2,
            "origin": "HONDURAS",
            "destination": "McIntosh Intersection",
            "name": "43-K-BREEZE-22:48:HONDURAS"
        },
        {
            "EAT": 14400,
            "LDT": 18720,
            "cargo_categories": [
                "Non-hazardous"
            ],
            "delay_cost": 0,
            "group_uuid": "0aa5f596-e7ae-402c-8298-917f9eba2732",
            "source": "Berth 32",
            "transportation_methods": [
                "Roadway",
                "Sea",
                "Transloading"
            ],
            "shipper": "Crowley",
            "nTEU": 4,
            "origin": "GUATEMALA",
            "destination": "McIntosh Intersection",
            "name": "43-K-BREEZE-23:3:GUATEMALA"
        },
        {
            "EAT": 14400,
            "LDT": 18720,
            "cargo_categories": [
                "Non-hazardous"
            ],
            "delay_cost": 0,
            "group_uuid": "0aa5f596-e7ae-402c-8298-917f9eba2732",
            "source": "Berth 32",
            "transportation_methods": [
                "Roadway",
                "Sea",
                "Transloading"
            ],
            "shipper": "FIT",
            "nTEU": 4,
            "origin": "DOMINICAN REPUBLIC",
            "destination": "McIntosh Intersection",
            "name": "43-K-BREEZE-24:64:DOMINICAN REPUBLIC"
        },
        {
            "EAT": 14400,
            "LDT": 18720,
            "cargo_categories": [
                "Non-hazardous"
            ],
            "delay_cost": 0,
            "group_uuid": "0aa5f596-e7ae-402c-8298-917f9eba2732",
            "source": "Berth 32",
            "transportation_methods": [
                "Roadway",
                "Sea",
                "Transloading"
            ],
            "shipper": "Crowley",
            "nTEU": 5,
            "origin": "COLOMBIA",
            "destination": "McIntosh Intersection",
            "name": "43-K-BREEZE-25:21:COLOMBIA"
        },
        {
            "EAT": 14400,
            "LDT": 18720,
            "cargo_categories": [
                "Non-hazardous"
            ],
            "delay_cost": 0,
            "group_uuid": "0aa5f596-e7ae-402c-8298-917f9eba2732",
            "source": "Berth 32",
            "transportation_methods": [
                "Roadway",
                "Sea",
                "Transloading"
            ],
            "shipper": "Crowley",
            "nTEU": 13,
            "origin": "COLOMBIA",
            "destination": "McIntosh Intersection",
            "name": "43-K-BREEZE-26:7:COLOMBIA"
        },
        {
            "EAT": 14400,
            "LDT": 18720,
            "cargo_categories": [
                "Non-hazardous"
            ],
            "delay_cost": 0,
            "group_uuid": "0aa5f596-e7ae-402c-8298-917f9eba2732",
            "source": "Berth 32",
            "transportation_methods": [
                "Roadway",
                "Sea",
                "Transloading"
            ],
            "shipper": "Crowley",
            "nTEU": 2,
            "origin": "COLOMBIA",
            "destination": "McIntosh Intersection",
            "name": "43-K-BREEZE-27:22:COLOMBIA"
        },
        {
            "EAT": 14400,
            "LDT": 18720,
            "cargo_categories": [
                "Non-hazardous"
            ],
            "delay_cost": 0,
            "group_uuid": "0aa5f596-e7ae-402c-8298-917f9eba2732",
            "source": "Berth 32",
            "transportation_methods": [
                "Roadway",
                "Sea",
                "Transloading"
            ],
            "shipper": "Crowley",
            "nTEU": 2,
            "origin": "COLOMBIA",
            "destination": "McIntosh Intersection",
            "name": "43-K-BREEZE-28:94:COLOMBIA"
        },
        {
            "EAT": 14400,
            "LDT": 18720,
            "cargo_categories": [
                "Non-hazardous"
            ],
            "delay_cost": 0,
            "group_uuid": "0aa5f596-e7ae-402c-8298-917f9eba2732",
            "source": "Berth 32",
            "transportation_methods": [
                "Roadway",
                "Sea",
                "Transloading"
            ],
            "shipper": "FIT",
            "nTEU": 3,
            "origin": "DOMINICAN REPUBLIC",
            "destination": "McIntosh Intersection",
            "name": "43-K-BREEZE-29:46:DOMINICAN REPUBLIC"
        },
        {
            "EAT": 14400,
            "LDT": 18720,
            "cargo_categories": [
                "Non-hazardous"
            ],
            "delay_cost": 0,
            "group_uuid": "0aa5f596-e7ae-402c-8298-917f9eba2732",
            "source": "Berth 32",
            "transportation_methods": [
                "Roadway",
                "Sea",
                "Transloading"
            ],
            "shipper": "Crowley",
            "nTEU": 4,
            "origin": "GUATEMALA",
            "destination": "McIntosh Intersection",
            "name": "43-K-BREEZE-30:6:GUATEMALA"
        },
        {
            "EAT": 14400,
            "LDT": 18720,
            "cargo_categories": [
                "Non-hazardous"
            ],
            "delay_cost": 0,
            "group_uuid": "0aa5f596-e7ae-402c-8298-917f9eba2732",
            "source": "Berth 32",
            "transportation_methods": [
                "Roadway",
                "Sea",
                "Transloading"
            ],
            "shipper": "Crowley",
            "nTEU": 1,
            "origin": "PANAMA",
            "destination": "McIntosh Intersection",
            "name": "43-K-BREEZE-31:28:PANAMA"
        },
        {
            "EAT": 14400,
            "LDT": 18720,
            "cargo_categories": [
                "Non-hazardous"
            ],
            "delay_cost": 0,
            "group_uuid": "0aa5f596-e7ae-402c-8298-917f9eba2732",
            "source": "Berth 32",
            "transportation_methods": [
                "Roadway",
                "Sea",
                "Transloading"
            ],
            "shipper": "Crowley",
            "nTEU": 20,
            "origin": "DOMINICAN REPUBLIC",
            "destination": "McIntosh Intersection",
            "name": "43-K-BREEZE-32:24:DOMINICAN REPUBLIC"
        }
    ]
}