{
    "commodities": [
        {
            "EAT": 8420,
            "LDT": 12740,
            "cargo_categories": [
                "Non-hazardous"
            ],
            "delay_cost": 0,
            "group_uuid": "e3b9cc4b-779e-41da-a0b4-1aa69fd16c3c",
            "source": "Berth 30",
            "transportation_methods": [
                "Roadway",
                "Sea",
                "Transloading"
            ],
            "shipper": "FIT",
            "nTEU": 2,
            "origin": "GUATEMALA",
            "destination": "McIntosh Intersection",
            "name": "28-LION-0:72:GUATEMALA"
        },
        {
            "EAT": 8420,
            "LDT": 12740,
            "cargo_categories": [
                "Non-hazardous"
            ],
            "delay_cost": 0,
            "group_uuid": "e3b9cc4b-779e-41da-a0b4-1aa69fd16c3c",
            "source": "Berth 30",
            "transportation_methods": [
                "Roadway",
                "Sea",
                "Transloading"
            ],
            "shipper": "FIT",
            "nTEU": 0,
            "origin": "GUATEMALA",
            "destination": "McIntosh Intersection",
            "name": "28-LION-1:86:GUATEMALA"
        }
    ]
}