{
    "commodities": [
        {
            "EAT": 2880,
            "LDT": 7200,
            "cargo_categories": [
                "Non-hazardous"
            ],
            "delay_cost": 0,
            "group_uuid": "94beae34-9805-498e-ba3f-69cb7d3ba0da",
            "source": "Berth 31",
            "transportation_methods": [
                "Roadway",
                "Sea",
                "Transloading"
            ],
            "shipper": "King Ocean",
            "nTEU": 2,
            "origin": "BELIZE",
            "destination": "McIntosh Intersection",
            "name": "9-LION-0:87:BELIZE"
        },
        {
            "EAT": 2880,
            "LDT": 7200,
            "cargo_categories": [
                "Non-hazardous"
            ],
            "delay_cost": 0,
            "group_uuid": "94beae34-9805-498e-ba3f-69cb7d3ba0da",
            "source": "Berth 31",
            "transportation_methods": [
                "Roadway",
                "Sea",
                "Transloading"
            ],
            "shipper": "King Ocean",
            "nTEU": 0,
            "origin": "TURKS AND CAICOS IS",
            "destination": "McIntosh Intersection",
            "name": "9-LION-1:86:TURKS AND CAICOS IS"
        }
    ]
}