{
    "commodities": [
        {
            "EAT": 4320,
            "LDT": 8640,
            "cargo_categories": [
                "Non-hazardous"
            ],
            "delay_cost": 0,
            "group_uuid": "d0a34d89-411c-457e-88c0-bfee3bda96c2",
            "source": "Berth 32",
            "transportation_methods": [
                "Roadway",
                "Sea",
                "Transloading"
            ],
            "shipper": "FIT",
            "nTEU": 2,
            "origin": "GERMANY",
            "destination": "McIntosh Intersection",
            "name": "15-MAERSK KENTUCKY-0:95:GERMANY"
        },
        {
            "EAT": 4320,
            "LDT": 8640,
            "cargo_categories": [
                "Non-hazardous"
            ],
            "delay_cost": 0,
            "group_uuid": "d0a34d89-411c-457e-88c0-bfee3bda96c2",
            "source": "Berth 32",
            "transportation_methods": [
                "Roadway",
                "Sea",
                "Transloading"
            ],
            "shipper": "MSC",
            "nTEU": 2,
            "origin": "COLOMBIA",
            "destination": "McIntosh Intersection",
            "name": "15-MAERSK KENTUCKY-1:29:COLOMBIA"
        },
        {
            "EAT": 4320,
            "LDT": 8640,
            "cargo_categories": [
                "Non-hazardous"
            ],
            "delay_cost": 0,
            "group_uuid": "d0a34d89-411c-457e-88c0-bfee3bda96c2",
            "source": "Berth 32",
            "transportation_methods": [
                "Roadway",
                "Sea",
                "Transloading"
            ],
            "shipper": "FIT",
            "nTEU": 11,
            "origin": "PANAMA",
            "destination": "McIntosh Intersection",
            "name": "15-MAERSK KENTUCKY-2:84:PANAMA"
        },
        {
            "EAT": 4320,
            "LDT": 8640,
            "cargo_categories": [
                "Non-hazardous"
            ],
            "delay_cost": 0,
            "group_uuid": "d0a34d89-411c-457e-88c0-bfee3bda96c2",
            "source": "Berth 32",
            "transportation_methods": [
                "Roadway",
                "Sea",
                "Transloading"
            ],
            "shipper": "MSC",
            "nTEU": 8,
            "origin": "HONDURAS",
            "destination": "McIntosh Intersection",
            "name": "15-MAERSK KENTUCKY-3::HONDURAS"
        },
        {
            "EAT": 4320,
            "LDT": 8640,
            "cargo_categories": [
                "Non-hazardous"
            ],
            "delay_cost": 0,
            "group_uuid": "d0a34d89-411c-457e-88c0-bfee3bda96c2",
            "source": "Berth 32",
            "transportation_methods": [
                "Roadway",
                "Sea",
                "Transloading"
            ],
            "shipper": "MSC",
            "nTEU": 1,
            "origin": "BELGIUM",
            "destination": "McIntosh Intersection",
            "name": "15-MAERSK KENTUCKY-4:28:BELGIUM"
        },
        {
            "EAT": 4320,
            "LDT": 8640,
            "cargo_categories": [
                "Non-hazardous"
            ],
            "delay_cost": 0,
            "group_uuid": "d0a34d89-411c-457e-88c0-bfee3bda96c2",
            "source": "Berth 32",
            "transportation_methods": [
                "Roadway",
                "Sea",
                "Transloading"
            ],
            "shipper": "FIT",
            "nTEU": 2,
            "origin": "PORTUGAL",
            "destination": "McIntosh Intersection",
            "name": "15-MAERSK KENTUCKY-5:90:PORTUGAL"
        },
        {
            "EAT": 4320,
            "LDT": 8640,
            "cargo_categories": [
                "Non-hazardous"
            ],
            "delay_cost": 0,
            "group_uuid": "d0a34d89-411c-457e-88c0-bfee3bda96c2",
            "source": "Berth 32",
            "transportation_methods": [
                "Roadway",
                "Sea",
                "Transloading"
            ],
            "shipper": "FIT",
            "nTEU": 6,
            "origin": "BRAZIL",
            "destination": "McIntosh Intersection",
            "name": "15-MAERSK KENTUCKY-6:48:BRAZIL"
        },
        {
            "EAT": 4320,
            "LDT": 8640,
            "cargo_categories": [
                "Non-hazardous"
            ],
            "delay_cost": 0,
            "group_uuid": "d0a34d89-411c-457e-88c0-bfee3bda96c2",
            "source": "Berth 32",
            "transportation_methods": [
                "Roadway",
                "Sea",
                "Transloading"
            ],
            "shipper": "MSC",
            "nTEU": 1,
            "origin": "ITALY",
            "destination": "McIntosh Intersection",
            "name": "15-MAERSK KENTUCKY-7:94:ITALY"
        },
        {
            "EAT": 4320,
            "LDT": 8640,
            "cargo_categories": [
                "Non-hazardous"
            ],
            "delay_cost": 0,
            "group_uuid": "d0a34d89-411c-457e-88c0-bfee3bda96c2",
            "source": "Berth 32",
            "transportation_methods": [
                "Roadway",
                "Sea",
                "Transloading"
            ],
            "shipper": "FIT",
            "nTEU": 2,
            "origin": "GERMANY",
            "destination": "McIntosh Intersection",
            "name": "15-MAERSK KENTUCKY-8:89:GERMANY"
        },
        {
            "EAT": 4320,
            "LDT": 8640,
            "cargo_categories": [
                "Non-hazardous"
            ],
            "delay_cost": 0,
            "group_uuid": "d0a34d89-411c-457e-88c0-bfee3bda96c2",
            "source": "Berth 32",
            "transportation_methods": [
                "Roadway",
                "Sea",
                "Transloading"
            ],
            "shipper": "FIT",
            "nTEU": 4,
            "origin": "PERU",
            "destination": "McIntosh Intersection",
            "name": "15-MAERSK KENTUCKY-9:4:PERU"
        },
        {
            "EAT": 4320,
            "LDT": 8640,
            "cargo_categories": [
                "Non-hazardous"
            ],
            "delay_cost": 0,
            "group_uuid": "d0a34d89-411c-457e-88c0-bfee3bda96c2",
            "source": "Berth 32",
            "transportation_methods": [
                "Roadway",
                "Sea",
                "Transloading"
            ],
            "shipper": "FIT",
            "nTEU": 1,
            "origin": "SPAIN-S",
            "destination": "McIntosh Intersection",
            "name": "15-MAERSK KENTUCKY-10:69:SPAIN-S"
        },
        {
            "EAT": 4320,
            "LDT": 8640,
            "cargo_categories": [
                "Non-hazardous"
            ],
            "delay_cost": 0,
            "group_uuid": "d0a34d89-411c-457e-88c0-bfee3bda96c2",
            "source": "Berth 32",
            "transportation_methods": [
                "Roadway",
                "Sea",
                "Transloading"
            ],
            "shipper": "MSC",
            "nTEU": 2,
            "origin": "COLOMBIA",
            "destination": "McIntosh Intersection",
            "name": "15-MAERSK KENTUCKY-11:33:COLOMBIA"
        },
        {
            "EAT": 4320,
            "LDT": 8640,
            "cargo_categories": [
                "Non-hazardous"
            ],
            "delay_cost": 0,
            "group_uuid": "d0a34d89-411c-457e-88c0-bfee3bda96c2",
            "source": "Berth 32",
            "transportation_methods": [
                "Roadway",
                "Sea",
                "Transloading"
            ],
            "shipper": "MSC",
            "nTEU": 1,
            "origin": "DOMINICAN REPUBLIC",
            "destination": "McIntosh Intersection",
            "name": "15-MAERSK KENTUCKY-12:85:DOMINICAN REPUBLIC"
        },
        {
            "EAT": 4320,
            "LDT": 8640,
            "cargo_categories": [
                "Non-hazardous"
            ],
            "delay_cost": 0,
            "group_uuid": "d0a34d89-411c-457e-88c0-bfee3bda96c2",
            "source": "Berth 32",
            "transportation_methods": [
                "Roadway",
                "Sea",
                "Transloading"
            ],
            "shipper": "MSC",
            "nTEU": 2,
            "origin": "COLOMBIA",
            "destination": "McIntosh Intersection",
            "name": "15-MAERSK KENTUCKY-13:20:COLOMBIA"
        },
        {
            "EAT": 4320,
            "LDT": 8640,
            "cargo_categories": [
                "Non-hazardous"
            ],
            "delay_cost": 0,
            "group_uuid": "d0a34d89-411c-457e-88c0-bfee3bda96c2",
            "source": "Berth 32",
            "transportation_methods": [
                "Roadway",
                "Sea",
                "Transloading"
            ],
            "shipper": "FIT",
            "nTEU": 58,
            "origin": "SPAIN-S",
            "destination": "McIntosh Intersection",
            "name": "15-MAERSK KENTUCKY-14:76:SPAIN-S"
        },
        {
            "EAT": 4320,
            "LDT": 8640,
            "cargo_categories": [
                "Non-hazardous"
            ],
            "delay_cost": 0,
            "group_uuid": "d0a34d89-411c-457e-88c0-bfee3bda96c2",
            "source": "Berth 32",
            "transportation_methods": [
                "Roadway",
                "Sea",
                "Transloading"
            ],
            "shipper": "FIT",
            "nTEU": 6,
            "origin": "GERMANY",
            "destination": "McIntosh Intersection",
            "name": "15-MAERSK KENTUCKY-15:46:GERMANY"
        },
        {
            "EAT": 4320,
            "LDT": 8640,
            "cargo_categories": [
                "Non-hazardous"
            ],
            "delay_cost": 0,
            "group_uuid": "d0a34d89-411c-457e-88c0-bfee3bda96c2",
            "source": "Berth 32",
            "transportation_methods": [
                "Roadway",
                "Sea",
                "Transloading"
            ],
            "shipper": "FIT",
            "nTEU": 4,
            "origin": "DOMINICAN REPUBLIC",
            "destination": "McIntosh Intersection",
            "name": "15-MAERSK KENTUCKY-16:39:DOMINICAN REPUBLIC"
        },
        {
            "EAT": 4320,
            "LDT": 8640,
            "cargo_categories": [
                "Non-hazardous"
            ],
            "delay_cost": 0,
            "group_uuid": "d0a34d89-411c-457e-88c0-bfee3bda96c2",
            "source": "Berth 32",
            "transportation_methods": [
                "Roadway",
                "Sea",
                "Transloading"
            ],
            "shipper": "FIT",
            "nTEU": 2,
            "origin": "GUATEMALA",
            "destination": "McIntosh Intersection",
            "name": "15-MAERSK KENTUCKY-17:2:GUATEMALA"
        },
        {
            "EAT": 4320,
            "LDT": 8640,
            "cargo_categories": [
                "Non-hazardous"
            ],
            "delay_cost": 0,
            "group_uuid": "d0a34d89-411c-457e-88c0-bfee3bda96c2",
            "source": "Berth 32",
            "transportation_methods": [
                "Roadway",
                "Sea",
                "Transloading"
            ],
            "shipper": "MSC",
            "nTEU": 1,
            "origin": "GERMANY",
            "destination": "McIntosh Intersection",
            "name": "15-MAERSK KENTUCKY-18:44:GERMANY"
        },
        {
            "EAT": 4320,
            "LDT": 8640,
            "cargo_categories": [
                "Non-hazardous"
            ],
            "delay_cost": 0,
            "group_uuid": "d0a34d89-411c-457e-88c0-bfee3bda96c2",
            "source": "Berth 32",
            "transportation_methods": [
                "Roadway",
                "Sea",
                "Transloading"
            ],
            "shipper": "FIT",
            "nTEU": 1,
            "origin": "CAYMAN ISLANDS",
            "destination": "McIntosh Intersection",
            "name": "15-MAERSK KENTUCKY-19:72:CAYMAN ISLANDS"
        },
        {
            "EAT": 4320,
            "LDT": 8640,
            "cargo_categories": [
                "Non-hazardous"
            ],
            "delay_cost": 0,
            "group_uuid": "d0a34d89-411c-457e-88c0-bfee3bda96c2",
            "source": "Berth 32",
            "transportation_methods": [
                "Roadway",
                "Sea",
                "Transloading"
            ],
            "shipper": "MSC",
            "nTEU": 138,
            "origin": "SPAIN-S",
            "destination": "McIntosh Intersection",
            "name": "15-MAERSK KENTUCKY-20:22:SPAIN-S"
        },
        {
            "EAT": 4320,
            "LDT": 8640,
            "cargo_categories": [
                "Non-hazardous"
            ],
            "delay_cost": 0,
            "group_uuid": "d0a34d89-411c-457e-88c0-bfee3bda96c2",
            "source": "Berth 32",
            "transportation_methods": [
                "Roadway",
                "Sea",
                "Transloading"
            ],
            "shipper": "MSC",
            "nTEU": 1,
            "origin": "ITALY",
            "destination": "McIntosh Intersection",
            "name": "15-MAERSK KENTUCKY-21:49:ITALY"
        },
        {
            "EAT": 4320,
            "LDT": 8640,
            "cargo_categories": [
                "Non-hazardous"
            ],
            "delay_cost": 0,
            "group_uuid": "d0a34d89-411c-457e-88c0-bfee3bda96c2",
            "source": "Berth 32",
            "transportation_methods": [
                "Roadway",
                "Sea",
                "Transloading"
            ],
            "shipper": "MSC",
            "nTEU": 1,
            "origin": "COLOMBIA",
            "destination": "McIntosh Intersection",
            "name": "15-MAERSK KENTUCKY-22:70:COLOMBIA"
        },
        {
            "EAT": 4320,
            "LDT": 8640,
            "cargo_categories": [
                "Non-hazardous"
            ],
            "delay_cost": 0,
            "group_uuid": "d0a34d89-411c-457e-88c0-bfee3bda96c2",
            "source": "Berth 32",
            "transportation_methods": [
                "Roadway",
                "Sea",
                "Transloading"
            ],
            "shipper": "MSC",
            "nTEU": 2,
            "origin": "COSTA RICA",
            "destination": "McIntosh Intersection",
            "name": "15-MAERSK KENTUCKY-23:9:COSTA RICA"
        },
        {
            "EAT": 4320,
            "LDT": 8640,
            "cargo_categories": [
                "Non-hazardous"
            ],
            "delay_cost": 0,
            "group_uuid": "d0a34d89-411c-457e-88c0-bfee3bda96c2",
            "source": "Berth 32",
            "transportation_methods": [
                "Roadway",
                "Sea",
                "Transloading"
            ],
            "shipper": "FIT",
            "nTEU": 2,
            "origin": "HONDURAS",
            "destination": "McIntosh Intersection",
            "name": "15-MAERSK KENTUCKY-24:40:HONDURAS"
        },
        {
            "EAT": 4320,
            "LDT": 8640,
            "cargo_categories": [
                "Non-hazardous"
            ],
            "delay_cost": 0,
            "group_uuid": "d0a34d89-411c-457e-88c0-bfee3bda96c2",
            "source": "Berth 32",
            "transportation_methods": [
                "Roadway",
                "Sea",
                "Transloading"
            ],
            "shipper": "MSC",
            "nTEU": 1,
            "origin": "DOMINICAN REPUBLIC",
            "destination": "McIntosh Intersection",
            "name": "15-MAERSK KENTUCKY-25:83:DOMINICAN REPUBLIC"
        },
        {
            "EAT": 4320,
            "LDT": 8640,
            "cargo_categories": [
                "Non-hazardous"
            ],
            "delay_cost": 0,
            "group_uuid": "d0a34d89-411c-457e-88c0-bfee3bda96c2",
            "source": "Berth 32",
            "transportation_methods": [
                "Roadway",
                "Sea",
                "Transloading"
            ],
            "shipper": "MSC",
            "nTEU": 1,
            "origin": "BARBADOS",
            "destination": "McIntosh Intersection",
            "name": "15-MAERSK KENTUCKY-26:38:BARBADOS"
        },
        {
            "EAT": 4320,
            "LDT": 8640,
            "cargo_categories": [
                "Non-hazardous"
            ],
            "delay_cost": 0,
            "group_uuid": "d0a34d89-411c-457e-88c0-bfee3bda96c2",
            "source": "Berth 32",
            "transportation_methods": [
                "Roadway",
                "Sea",
                "Transloading"
            ],
            "shipper": "FIT",
            "nTEU": 3,
            "origin": "BAHAMAS",
            "destination": "McIntosh Intersection",
            "name": "15-MAERSK KENTUCKY-27:68:BAHAMAS"
        },
        {
            "EAT": 4320,
            "LDT": 8640,
            "cargo_categories": [
                "Non-hazardous"
            ],
            "delay_cost": 0,
            "group_uuid": "d0a34d89-411c-457e-88c0-bfee3bda96c2",
            "source": "Berth 32",
            "transportation_methods": [
                "Roadway",
                "Sea",
                "Transloading"
            ],
            "shipper": "FIT",
            "nTEU": 2,
            "origin": "HONDURAS",
            "destination": "McIntosh Intersection",
            "name": "15-MAERSK KENTUCKY-28:42:HONDURAS"
        },
        {
            "EAT": 4320,
            "LDT": 8640,
            "cargo_categories": [
                "Non-hazardous"
            ],
            "delay_cost": 0,
            "group_uuid": "d0a34d89-411c-457e-88c0-bfee3bda96c2",
            "source": "Berth 32",
            "transportation_methods": [
                "Roadway",
                "Sea",
                "Transloading"
            ],
            "shipper": "MSC",
            "nTEU": 4,
            "origin": "SPAIN-S",
            "destination": "McIntosh Intersection",
            "name": "15-MAERSK KENTUCKY-29:57:SPAIN-S"
        }
    ]
}