{
    "commodities": [
        {
            "EAT": 14400,
            "LDT": 18720,
            "cargo_categories": [
                "Non-hazardous"
            ],
            "delay_cost": 0,
            "group_uuid": "fcaa0ed8-9138-4270-986c-6b065f764a5e",
            "source": "Berth 31",
            "transportation_methods": [
                "Roadway",
                "Sea",
                "Transloading"
            ],
            "shipper": "FIT",
            "nTEU": 3,
            "origin": "HONDURAS",
            "destination": "McIntosh Intersection",
            "name": "42-MAERSK MONTANA-0:48:HONDURAS"
        },
        {
            "EAT": 14400,
            "LDT": 18720,
            "cargo_categories": [
                "Non-hazardous"
            ],
            "delay_cost": 0,
            "group_uuid": "fcaa0ed8-9138-4270-986c-6b065f764a5e",
            "source": "Berth 31",
            "transportation_methods": [
                "Roadway",
                "Sea",
                "Transloading"
            ],
            "shipper": "MSC",
            "nTEU": 10,
            "origin": "GERMANY",
            "destination": "McIntosh Intersection",
            "name": "42-MAERSK MONTANA-1:89:GERMANY"
        },
        {
            "EAT": 14400,
            "LDT": 18720,
            "cargo_categories": [
                "Non-hazardous"
            ],
            "delay_cost": 0,
            "group_uuid": "fcaa0ed8-9138-4270-986c-6b065f764a5e",
            "source": "Berth 31",
            "transportation_methods": [
                "Roadway",
                "Sea",
                "Transloading"
            ],
            "shipper": "FIT",
            "nTEU": 2,
            "origin": "SPAIN-S",
            "destination": "McIntosh Intersection",
            "name": "42-MAERSK MONTANA-2:34:SPAIN-S"
        },
        {
            "EAT": 14400,
            "LDT": 18720,
            "cargo_categories": [
                "Non-hazardous"
            ],
            "delay_cost": 0,
            "group_uuid": "fcaa0ed8-9138-4270-986c-6b065f764a5e",
            "source": "Berth 31",
            "transportation_methods": [
                "Roadway",
                "Sea",
                "Transloading"
            ],
            "shipper": "MSC",
            "nTEU": 2,
            "origin": "COLOMBIA",
            "destination": "McIntosh Intersection",
            "name": "42-MAERSK MONTANA-3:39:COLOMBIA"
        },
        {
            "EAT": 14400,
            "LDT": 18720,
            "cargo_categories": [
                "Non-hazardous"
            ],
            "delay_cost": 0,
            "group_uuid": "fcaa0ed8-9138-4270-986c-6b065f764a5e",
            "source": "Berth 31",
            "transportation_methods": [
                "Roadway",
                "Sea",
                "Transloading"
            ],
            "shipper": "MSC",
            "nTEU": 1,
            "origin": "GERMANY",
            "destination": "McIntosh Intersection",
            "name": "42-MAERSK MONTANA-4:97:GERMANY"
        },
        {
            "EAT": 14400,
            "LDT": 18720,
            "cargo_categories": [
                "Non-hazardous"
            ],
            "delay_cost": 0,
            "group_uuid": "fcaa0ed8-9138-4270-986c-6b065f764a5e",
            "source": "Berth 31",
            "transportation_methods": [
                "Roadway",
                "Sea",
                "Transloading"
            ],
            "shipper": "MSC",
            "nTEU": 4,
            "origin": "UNITED KINGDOM",
            "destination": "McIntosh Intersection",
            "name": "42-MAERSK MONTANA-5:19:UNITED KINGDOM"
        },
        {
            "EAT": 14400,
            "LDT": 18720,
            "cargo_categories": [
                "Non-hazardous"
            ],
            "delay_cost": 0,
            "group_uuid": "fcaa0ed8-9138-4270-986c-6b065f764a5e",
            "source": "Berth 31",
            "transportation_methods": [
                "Roadway",
                "Sea",
                "Transloading"
            ],
            "shipper": "MSC",
            "nTEU": 26,
            "origin": "PANAMA",
            "destination": "McIntosh Intersection",
            "name": "42-MAERSK MONTANA-6:44:PANAMA"
        },
        {
            "EAT": 14400,
            "LDT": 18720,
            "cargo_categories": [
                "Non-hazardous"
            ],
            "delay_cost": 0,
            "group_uuid": "fcaa0ed8-9138-4270-986c-6b065f764a5e",
            "source": "Berth 31",
            "transportation_methods": [
                "Roadway",
                "Sea",
                "Transloading"
            ],
            "shipper": "MSC",
            "nTEU": 2,
            "origin": "HONDURAS",
            "destination": "McIntosh Intersection",
            "name": "42-MAERSK MONTANA-7:7:HONDURAS"
        },
        {
            "EAT": 14400,
            "LDT": 18720,
            "cargo_categories": [
                "Non-hazardous"
            ],
            "delay_cost": 0,
            "group_uuid": "fcaa0ed8-9138-4270-986c-6b065f764a5e",
            "source": "Berth 31",
            "transportation_methods": [
                "Roadway",
                "Sea",
                "Transloading"
            ],
            "shipper": "MSC",
            "nTEU": 1,
            "origin": "SPAIN-S",
            "destination": "McIntosh Intersection",
            "name": "42-MAERSK MONTANA-8:49:SPAIN-S"
        },
        {
            "EAT": 14400,
            "LDT": 18720,
            "cargo_categories": [
                "Non-hazardous"
            ],
            "delay_cost": 0,
            "group_uuid": "fcaa0ed8-9138-4270-986c-6b065f764a5e",
            "source": "Berth 31",
            "transportation_methods": [
                "Roadway",
                "Sea",
                "Transloading"
            ],
            "shipper": "MSC",
            "nTEU": 33,
            "origin": "ECUADOR",
            "destination": "McIntosh Intersection",
            "name": "42-MAERSK MONTANA-9:69:ECUADOR"
        },
        {
            "EAT": 14400,
            "LDT": 18720,
            "cargo_categories": [
                "Non-hazardous"
            ],
            "delay_cost": 0,
            "group_uuid": "fcaa0ed8-9138-4270-986c-6b065f764a5e",
            "source": "Berth 31",
            "transportation_methods": [
                "Roadway",
                "Sea",
                "Transloading"
            ],
            "shipper": "MSC",
            "nTEU": 12,
            "origin": "COSTA RICA",
            "destination": "McIntosh Intersection",
            "name": "42-MAERSK MONTANA-10:9:COSTA RICA"
        },
        {
            "EAT": 14400,
            "LDT": 18720,
            "cargo_categories": [
                "Non-hazardous"
            ],
            "delay_cost": 0,
            "group_uuid": "fcaa0ed8-9138-4270-986c-6b065f764a5e",
            "source": "Berth 31",
            "transportation_methods": [
                "Roadway",
                "Sea",
                "Transloading"
            ],
            "shipper": "FIT",
            "nTEU": 2,
            "origin": "GERMANY",
            "destination": "McIntosh Intersection",
            "name": "42-MAERSK MONTANA-11:95:GERMANY"
        },
        {
            "EAT": 14400,
            "LDT": 18720,
            "cargo_categories": [
                "Non-hazardous"
            ],
            "delay_cost": 0,
            "group_uuid": "fcaa0ed8-9138-4270-986c-6b065f764a5e",
            "source": "Berth 31",
            "transportation_methods": [
                "Roadway",
                "Sea",
                "Transloading"
            ],
            "shipper": "MSC",
            "nTEU": 3,
            "origin": "GUATEMALA",
            "destination": "McIntosh Intersection",
            "name": "42-MAERSK MONTANA-12:33:GUATEMALA"
        },
        {
            "EAT": 14400,
            "LDT": 18720,
            "cargo_categories": [
                "Non-hazardous"
            ],
            "delay_cost": 0,
            "group_uuid": "fcaa0ed8-9138-4270-986c-6b065f764a5e",
            "source": "Berth 31",
            "transportation_methods": [
                "Roadway",
                "Sea",
                "Transloading"
            ],
            "shipper": "MSC",
            "nTEU": 2,
            "origin": "DOMINICAN REPUBLIC",
            "destination": "McIntosh Intersection",
            "name": "42-MAERSK MONTANA-13:85:DOMINICAN REPUBLIC"
        },
        {
            "EAT": 14400,
            "LDT": 18720,
            "cargo_categories": [
                "Non-hazardous"
            ],
            "delay_cost": 0,
            "group_uuid": "fcaa0ed8-9138-4270-986c-6b065f764a5e",
            "source": "Berth 31",
            "transportation_methods": [
                "Roadway",
                "Sea",
                "Transloading"
            ],
            "shipper": "FIT",
            "nTEU": 6,
            "origin": "ECUADOR",
            "destination": "McIntosh Intersection",
            "name": "42-MAERSK MONTANA-14:20:ECUADOR"
        },
        {
            "EAT": 14400,
            "LDT": 18720,
            "cargo_categories": [
                "Non-hazardous"
            ],
            "delay_cost": 0,
            "group_uuid": "fcaa0ed8-9138-4270-986c-6b065f764a5e",
            "source": "Berth 31",
            "transportation_methods": [
                "Roadway",
                "Sea",
                "Transloading"
            ],
            "shipper": "MSC",
            "nTEU": 1,
            "origin": "BELGIUM",
            "destination": "McIntosh Intersection",
            "name": "42-MAERSK MONTANA-15:4:BELGIUM"
        },
        {
            "EAT": 14400,
            "LDT": 18720,
            "cargo_categories": [
                "Non-hazardous"
            ],
            "delay_cost": 0,
            "group_uuid": "fcaa0ed8-9138-4270-986c-6b065f764a5e",
            "source": "Berth 31",
            "transportation_methods": [
                "Roadway",
                "Sea",
                "Transloading"
            ],
            "shipper": "FIT",
            "nTEU": 5,
            "origin": "VIRGIN ISLAND",
            "destination": "McIntosh Intersection",
            "name": "42-MAERSK MONTANA-16:87:VIRGIN ISLAND"
        },
        {
            "EAT": 14400,
            "LDT": 18720,
            "cargo_categories": [
                "Non-hazardous"
            ],
            "delay_cost": 0,
            "group_uuid": "fcaa0ed8-9138-4270-986c-6b065f764a5e",
            "source": "Berth 31",
            "transportation_methods": [
                "Roadway",
                "Sea",
                "Transloading"
            ],
            "shipper": "FIT",
            "nTEU": 10,
            "origin": "HONDURAS",
            "destination": "McIntosh Intersection",
            "name": "42-MAERSK MONTANA-17::HONDURAS"
        },
        {
            "EAT": 14400,
            "LDT": 18720,
            "cargo_categories": [
                "Non-hazardous"
            ],
            "delay_cost": 0,
            "group_uuid": "fcaa0ed8-9138-4270-986c-6b065f764a5e",
            "source": "Berth 31",
            "transportation_methods": [
                "Roadway",
                "Sea",
                "Transloading"
            ],
            "shipper": "MSC",
            "nTEU": 10,
            "origin": "COLOMBIA",
            "destination": "McIntosh Intersection",
            "name": "42-MAERSK MONTANA-18:2:COLOMBIA"
        },
        {
            "EAT": 14400,
            "LDT": 18720,
            "cargo_categories": [
                "Non-hazardous"
            ],
            "delay_cost": 0,
            "group_uuid": "fcaa0ed8-9138-4270-986c-6b065f764a5e",
            "source": "Berth 31",
            "transportation_methods": [
                "Roadway",
                "Sea",
                "Transloading"
            ],
            "shipper": "MSC",
            "nTEU": 4,
            "origin": "DOMINICAN REPUBLIC",
            "destination": "McIntosh Intersection",
            "name": "42-MAERSK MONTANA-19:90:DOMINICAN REPUBLIC"
        },
        {
            "EAT": 14400,
            "LDT": 18720,
            "cargo_categories": [
                "Non-hazardous"
            ],
            "delay_cost": 0,
            "group_uuid": "fcaa0ed8-9138-4270-986c-6b065f764a5e",
            "source": "Berth 31",
            "transportation_methods": [
                "Roadway",
                "Sea",
                "Transloading"
            ],
            "shipper": "MSC",
            "nTEU": 42,
            "origin": "NETHERLANDS",
            "destination": "McIntosh Intersection",
            "name": "42-MAERSK MONTANA-20:22:NETHERLANDS"
        },
        {
            "EAT": 14400,
            "LDT": 18720,
            "cargo_categories": [
                "Non-hazardous"
            ],
            "delay_cost": 0,
            "group_uuid": "fcaa0ed8-9138-4270-986c-6b065f764a5e",
            "source": "Berth 31",
            "transportation_methods": [
                "Roadway",
                "Sea",
                "Transloading"
            ],
            "shipper": "MSC",
            "nTEU": 1,
            "origin": "BAHAMAS",
            "destination": "McIntosh Intersection",
            "name": "42-MAERSK MONTANA-21:67:BAHAMAS"
        },
        {
            "EAT": 14400,
            "LDT": 18720,
            "cargo_categories": [
                "Non-hazardous"
            ],
            "delay_cost": 0,
            "group_uuid": "fcaa0ed8-9138-4270-986c-6b065f764a5e",
            "source": "Berth 31",
            "transportation_methods": [
                "Roadway",
                "Sea",
                "Transloading"
            ],
            "shipper": "FIT",
            "nTEU": 2,
            "origin": "UNITED KINGDOM",
            "destination": "McIntosh Intersection",
            "name": "42-MAERSK MONTANA-22:84:UNITED KINGDOM"
        },
        {
            "EAT": 14400,
            "LDT": 18720,
            "cargo_categories": [
                "Non-hazardous"
            ],
            "delay_cost": 0,
            "group_uuid": "fcaa0ed8-9138-4270-986c-6b065f764a5e",
            "source": "Berth 31",
            "transportation_methods": [
                "Roadway",
                "Sea",
                "Transloading"
            ],
            "shipper": "MSC",
            "nTEU": 2,
            "origin": "ITALY",
            "destination": "McIntosh Intersection",
            "name": "42-MAERSK MONTANA-23:88:ITALY"
        },
        {
            "EAT": 14400,
            "LDT": 18720,
            "cargo_categories": [
                "Non-hazardous"
            ],
            "delay_cost": 0,
            "group_uuid": "fcaa0ed8-9138-4270-986c-6b065f764a5e",
            "source": "Berth 31",
            "transportation_methods": [
                "Roadway",
                "Sea",
                "Transloading"
            ],
            "shipper": "MSC",
            "nTEU": 0,
            "origin": "PANAMA",
            "destination": "McIntosh Intersection",
            "name": "42-MAERSK MONTANA-24:17:PANAMA"
        },
        {
            "EAT": 14400,
            "LDT": 18720,
            "cargo_categories": [
                "Non-hazardous"
            ],
            "delay_cost": 0,
            "group_uuid": "fcaa0ed8-9138-4270-986c-6b065f764a5e",
            "source": "Berth 31",
            "transportation_methods": [
                "Roadway",
                "Sea",
                "Transloading"
            ],
            "shipper": "MSC",
            "nTEU": 1,
            "origin": "URUGUAY",
            "destination": "McIntosh Intersection",
            "name": "42-MAERSK MONTANA-25:70:URUGUAY"
        },
        {
            "EAT": 14400,
            "LDT": 18720,
            "cargo_categories": [
                "Non-hazardous"
            ],
            "delay_cost": 0,
            "group_uuid": "fcaa0ed8-9138-4270-986c-6b065f764a5e",
            "source": "Berth 31",
            "transportation_methods": [
                "Roadway",
                "Sea",
                "Transloading"
            ],
            "shipper": "FIT",
            "nTEU": 4,
            "origin": "GUATEMALA",
            "destination": "McIntosh Intersection",
            "name": "42-MAERSK MONTANA-26:40:GUATEMALA"
        },
        {
            "EAT": 14400,
            "LDT": 18720,
            "cargo_categories": [
                "Non-hazardous"
            ],
            "delay_cost": 0,
            "group_uuid": "fcaa0ed8-9138-4270-986c-6b065f764a5e",
            "source": "Berth 31",
            "transportation_methods": [
                "Roadway",
                "Sea",
                "Transloading"
            ],
            "shipper": "FIT",
            "nTEU": 2,
            "origin": "ITALY",
            "destination": "McIntosh Intersection",
            "name": "42-MAERSK MONTANA-27:32:ITALY"
        },
        {
            "EAT": 14400,
            "LDT": 18720,
            "cargo_categories": [
                "Non-hazardous"
            ],
            "delay_cost": 0,
            "group_uuid": "fcaa0ed8-9138-4270-986c-6b065f764a5e",
            "source": "Berth 31",
            "transportation_methods": [
                "Roadway",
                "Sea",
                "Transloading"
            ],
            "shipper": "FIT",
            "nTEU": 1,
            "origin": "COLOMBIA",
            "destination": "McIntosh Intersection",
            "name": "42-MAERSK MONTANA-28:68:COLOMBIA"
        },
        {
            "EAT": 14400,
            "LDT": 18720,
            "cargo_categories": [
                "Non-hazardous"
            ],
            "delay_cost": 0,
            "group_uuid": "fcaa0ed8-9138-4270-986c-6b065f764a5e",
            "source": "Berth 31",
            "transportation_methods": [
                "Roadway",
                "Sea",
                "Transloading"
            ],
            "shipper": "FIT",
            "nTEU": 4,
            "origin": "COSTA RICA",
            "destination": "McIntosh Intersection",
            "name": "42-MAERSK MONTANA-29:12:COSTA RICA"
        },
        {
            "EAT": 14400,
            "LDT": 18720,
            "cargo_categories": [
                "Non-hazardous"
            ],
            "delay_cost": 0,
            "group_uuid": "fcaa0ed8-9138-4270-986c-6b065f764a5e",
            "source": "Berth 31",
            "transportation_methods": [
                "Roadway",
                "Sea",
                "Transloading"
            ],
            "shipper": "FIT",
            "nTEU": 2,
            "origin": "COLOMBIA",
            "destination": "McIntosh Intersection",
            "name": "42-MAERSK MONTANA-30:94:COLOMBIA"
        },
        {
            "EAT": 14400,
            "LDT": 18720,
            "cargo_categories": [
                "Non-hazardous"
            ],
            "delay_cost": 0,
            "group_uuid": "fcaa0ed8-9138-4270-986c-6b065f764a5e",
            "source": "Berth 31",
            "transportation_methods": [
                "Roadway",
                "Sea",
                "Transloading"
            ],
            "shipper": "FIT",
            "nTEU": 2,
            "origin": "BELGIUM",
            "destination": "McIntosh Intersection",
            "name": "42-MAERSK MONTANA-31:11:BELGIUM"
        },
        {
            "EAT": 14400,
            "LDT": 18720,
            "cargo_categories": [
                "Non-hazardous"
            ],
            "delay_cost": 0,
            "group_uuid": "fcaa0ed8-9138-4270-986c-6b065f764a5e",
            "source": "Berth 31",
            "transportation_methods": [
                "Roadway",
                "Sea",
                "Transloading"
            ],
            "shipper": "FIT",
            "nTEU": 1,
            "origin": "COLOMBIA",
            "destination": "McIntosh Intersection",
            "name": "42-MAERSK MONTANA-32:29:COLOMBIA"
        },
        {
            "EAT": 14400,
            "LDT": 18720,
            "cargo_categories": [
                "Non-hazardous"
            ],
            "delay_cost": 0,
            "group_uuid": "fcaa0ed8-9138-4270-986c-6b065f764a5e",
            "source": "Berth 31",
            "transportation_methods": [
                "Roadway",
                "Sea",
                "Transloading"
            ],
            "shipper": "MSC",
            "nTEU": 1,
            "origin": "HONDURAS",
            "destination": "McIntosh Intersection",
            "name": "42-MAERSK MONTANA-33:62:HONDURAS"
        },
        {
            "EAT": 14400,
            "LDT": 18720,
            "cargo_categories": [
                "Non-hazardous"
            ],
            "delay_cost": 0,
            "group_uuid": "fcaa0ed8-9138-4270-986c-6b065f764a5e",
            "source": "Berth 31",
            "transportation_methods": [
                "Roadway",
                "Sea",
                "Transloading"
            ],
            "shipper": "MSC",
            "nTEU": 1,
            "origin": "BELGIUM",
            "destination": "McIntosh Intersection",
            "name": "42-MAERSK MONTANA-34:42:BELGIUM"
        },
        {
            "EAT": 14400,
            "LDT": 18720,
            "cargo_categories": [
                "Non-hazardous"
            ],
            "delay_cost": 0,
            "group_uuid": "fcaa0ed8-9138-4270-986c-6b065f764a5e",
            "source": "Berth 31",
            "transportation_methods": [
                "Roadway",
                "Sea",
                "Transloading"
            ],
            "shipper": "MSC",
            "nTEU": 3,
            "origin": "BRAZIL",
            "destination": "McIntosh Intersection",
            "name": "42-MAERSK MONTANA-35:28:BRAZIL"
        }
    ]
}