{
    "commodities": [
        {
            "EAT": 10080,
            "LDT": 14400,
            "cargo_categories": [
                "Non-hazardous"
            ],
            "delay_cost": 0,
            "group_uuid": "b85bf0cf-9211-4858-8131-d6bb48d017ba",
            "source": "Berth 30",
            "transportation_methods": [
                "Roadway",
                "Sea",
                "Transloading"
            ],
            "shipper": "FIT",
            "nTEU": 2,
            "origin": "BRAZIL",
            "destination": "McIntosh Intersection",
            "name": "33-MARGARETE SCHULTE-0:64:BRAZIL"
        },
        {
            "EAT": 10080,
            "LDT": 14400,
            "cargo_categories": [
                "Non-hazardous"
            ],
            "delay_cost": 0,
            "group_uuid": "b85bf0cf-9211-4858-8131-d6bb48d017ba",
            "source": "Berth 30",
            "transportation_methods": [
                "Roadway",
                "Sea",
                "Transloading"
            ],
            "shipper": "FIT",
            "nTEU": 2,
            "origin": "DOMINICAN REPUBLIC",
            "destination": "McIntosh Intersection",
            "name": "33-MARGARETE SCHULTE-1:39:DOMINICAN REPUBLIC"
        },
        {
            "EAT": 10080,
            "LDT": 14400,
            "cargo_categories": [
                "Non-hazardous"
            ],
            "delay_cost": 0,
            "group_uuid": "b85bf0cf-9211-4858-8131-d6bb48d017ba",
            "source": "Berth 30",
            "transportation_methods": [
                "Roadway",
                "Sea",
                "Transloading"
            ],
            "shipper": "FIT",
            "nTEU": 2,
            "origin": "ECUADOR",
            "destination": "McIntosh Intersection",
            "name": "33-MARGARETE SCHULTE-2:8:ECUADOR"
        },
        {
            "EAT": 10080,
            "LDT": 14400,
            "cargo_categories": [
                "Non-hazardous"
            ],
            "delay_cost": 0,
            "group_uuid": "b85bf0cf-9211-4858-8131-d6bb48d017ba",
            "source": "Berth 30",
            "transportation_methods": [
                "Roadway",
                "Sea",
                "Transloading"
            ],
            "shipper": "FIT",
            "nTEU": 10,
            "origin": "PANAMA",
            "destination": "McIntosh Intersection",
            "name": "33-MARGARETE SCHULTE-3:2:PANAMA"
        },
        {
            "EAT": 10080,
            "LDT": 14400,
            "cargo_categories": [
                "Non-hazardous"
            ],
            "delay_cost": 0,
            "group_uuid": "b85bf0cf-9211-4858-8131-d6bb48d017ba",
            "source": "Berth 30",
            "transportation_methods": [
                "Roadway",
                "Sea",
                "Transloading"
            ],
            "shipper": "FIT",
            "nTEU": 6,
            "origin": "DOMINICAN REPUBLIC",
            "destination": "McIntosh Intersection",
            "name": "33-MARGARETE SCHULTE-4:3:DOMINICAN REPUBLIC"
        },
        {
            "EAT": 10080,
            "LDT": 14400,
            "cargo_categories": [
                "Non-hazardous"
            ],
            "delay_cost": 0,
            "group_uuid": "b85bf0cf-9211-4858-8131-d6bb48d017ba",
            "source": "Berth 30",
            "transportation_methods": [
                "Roadway",
                "Sea",
                "Transloading"
            ],
            "shipper": "FIT",
            "nTEU": 4,
            "origin": "COLOMBIA",
            "destination": "McIntosh Intersection",
            "name": "33-MARGARETE SCHULTE-5:30:COLOMBIA"
        },
        {
            "EAT": 10080,
            "LDT": 14400,
            "cargo_categories": [
                "Non-hazardous"
            ],
            "delay_cost": 0,
            "group_uuid": "b85bf0cf-9211-4858-8131-d6bb48d017ba",
            "source": "Berth 30",
            "transportation_methods": [
                "Roadway",
                "Sea",
                "Transloading"
            ],
            "shipper": "FIT",
            "nTEU": 2,
            "origin": "PERU",
            "destination": "McIntosh Intersection",
            "name": "33-MARGARETE SCHULTE-6:7:PERU"
        },
        {
            "EAT": 10080,
            "LDT": 14400,
            "cargo_categories": [
                "Non-hazardous"
            ],
            "delay_cost": 0,
            "group_uuid": "b85bf0cf-9211-4858-8131-d6bb48d017ba",
            "source": "Berth 30",
            "transportation_methods": [
                "Roadway",
                "Sea",
                "Transloading"
            ],
            "shipper": "FIT",
            "nTEU": 40,
            "origin": "BRAZIL",
            "destination": "McIntosh Intersection",
            "name": "33-MARGARETE SCHULTE-7:44:BRAZIL"
        },
        {
            "EAT": 10080,
            "LDT": 14400,
            "cargo_categories": [
                "Non-hazardous"
            ],
            "delay_cost": 0,
            "group_uuid": "b85bf0cf-9211-4858-8131-d6bb48d017ba",
            "source": "Berth 30",
            "transportation_methods": [
                "Roadway",
                "Sea",
                "Transloading"
            ],
            "shipper": "FIT",
            "nTEU": 2,
            "origin": "GERMANY",
            "destination": "McIntosh Intersection",
            "name": "33-MARGARETE SCHULTE-8:22:GERMANY"
        },
        {
            "EAT": 10080,
            "LDT": 14400,
            "cargo_categories": [
                "Non-hazardous"
            ],
            "delay_cost": 0,
            "group_uuid": "b85bf0cf-9211-4858-8131-d6bb48d017ba",
            "source": "Berth 30",
            "transportation_methods": [
                "Roadway",
                "Sea",
                "Transloading"
            ],
            "shipper": "FIT",
            "nTEU": 5,
            "origin": "COLOMBIA",
            "destination": "McIntosh Intersection",
            "name": "33-MARGARETE SCHULTE-9:9:COLOMBIA"
        },
        {
            "EAT": 10080,
            "LDT": 14400,
            "cargo_categories": [
                "Non-hazardous"
            ],
            "delay_cost": 0,
            "group_uuid": "b85bf0cf-9211-4858-8131-d6bb48d017ba",
            "source": "Berth 30",
            "transportation_methods": [
                "Roadway",
                "Sea",
                "Transloading"
            ],
            "shipper": "FIT",
            "nTEU": 1,
            "origin": "ITALY",
            "destination": "McIntosh Intersection",
            "name": "33-MARGARETE SCHULTE-10:11:ITALY"
        }
    ]
}