{
    "commodities": [
        {
            "EAT": 15840,
            "LDT": 20160,
            "cargo_categories": [
                "Non-hazardous"
            ],
            "delay_cost": 0,
            "group_uuid": "c3c45abb-86d6-44c3-a0d5-8bb5fe007608",
            "source": "Berth 32",
            "transportation_methods": [
                "Roadway",
                "Sea",
                "Transloading"
            ],
            "shipper": "FIT",
            "nTEU": 2,
            "origin": "COLOMBIA",
            "destination": "McIntosh Intersection",
            "name": "52-MSC STELLA-0:2:COLOMBIA"
        },
        {
            "EAT": 15840,
            "LDT": 20160,
            "cargo_categories": [
                "Non-hazardous"
            ],
            "delay_cost": 0,
            "group_uuid": "c3c45abb-86d6-44c3-a0d5-8bb5fe007608",
            "source": "Berth 32",
            "transportation_methods": [
                "Roadway",
                "Sea",
                "Transloading"
            ],
            "shipper": "MSC",
            "nTEU": 11,
            "origin": "HONDURAS",
            "destination": "McIntosh Intersection",
            "name": "52-MSC STELLA-1:85:HONDURAS"
        },
        {
            "EAT": 15840,
            "LDT": 20160,
            "cargo_categories": [
                "Non-hazardous"
            ],
            "delay_cost": 0,
            "group_uuid": "c3c45abb-86d6-44c3-a0d5-8bb5fe007608",
            "source": "Berth 32",
            "transportation_methods": [
                "Roadway",
                "Sea",
                "Transloading"
            ],
            "shipper": "FIT",
            "nTEU": 1,
            "origin": "COLOMBIA",
            "destination": "McIntosh Intersection",
            "name": "52-MSC STELLA-2:95:COLOMBIA"
        },
        {
            "EAT": 15840,
            "LDT": 20160,
            "cargo_categories": [
                "Non-hazardous"
            ],
            "delay_cost": 0,
            "group_uuid": "c3c45abb-86d6-44c3-a0d5-8bb5fe007608",
            "source": "Berth 32",
            "transportation_methods": [
                "Roadway",
                "Sea",
                "Transloading"
            ],
            "shipper": "MSC",
            "nTEU": 9,
            "origin": "SPAIN-S",
            "destination": "McIntosh Intersection",
            "name": "52-MSC STELLA-3:15:SPAIN-S"
        },
        {
            "EAT": 15840,
            "LDT": 20160,
            "cargo_categories": [
                "Non-hazardous"
            ],
            "delay_cost": 0,
            "group_uuid": "c3c45abb-86d6-44c3-a0d5-8bb5fe007608",
            "source": "Berth 32",
            "transportation_methods": [
                "Roadway",
                "Sea",
                "Transloading"
            ],
            "shipper": "MSC",
            "nTEU": 109,
            "origin": "ITALY",
            "destination": "McIntosh Intersection",
            "name": "52-MSC STELLA-4:22:ITALY"
        },
        {
            "EAT": 15840,
            "LDT": 20160,
            "cargo_categories": [
                "Non-hazardous"
            ],
            "delay_cost": 0,
            "group_uuid": "c3c45abb-86d6-44c3-a0d5-8bb5fe007608",
            "source": "Berth 32",
            "transportation_methods": [
                "Roadway",
                "Sea",
                "Transloading"
            ],
            "shipper": "FIT",
            "nTEU": 10,
            "origin": "BRAZIL",
            "destination": "McIntosh Intersection",
            "name": "52-MSC STELLA-5:84:BRAZIL"
        },
        {
            "EAT": 15840,
            "LDT": 20160,
            "cargo_categories": [
                "Non-hazardous"
            ],
            "delay_cost": 0,
            "group_uuid": "c3c45abb-86d6-44c3-a0d5-8bb5fe007608",
            "source": "Berth 32",
            "transportation_methods": [
                "Roadway",
                "Sea",
                "Transloading"
            ],
            "shipper": "FIT",
            "nTEU": 3,
            "origin": "ITALY",
            "destination": "McIntosh Intersection",
            "name": "52-MSC STELLA-6:88:ITALY"
        },
        {
            "EAT": 15840,
            "LDT": 20160,
            "cargo_categories": [
                "Non-hazardous"
            ],
            "delay_cost": 0,
            "group_uuid": "c3c45abb-86d6-44c3-a0d5-8bb5fe007608",
            "source": "Berth 32",
            "transportation_methods": [
                "Roadway",
                "Sea",
                "Transloading"
            ],
            "shipper": "MSC",
            "nTEU": 32,
            "origin": "ITALY",
            "destination": "McIntosh Intersection",
            "name": "52-MSC STELLA-7:94:ITALY"
        },
        {
            "EAT": 15840,
            "LDT": 20160,
            "cargo_categories": [
                "Non-hazardous"
            ],
            "delay_cost": 0,
            "group_uuid": "c3c45abb-86d6-44c3-a0d5-8bb5fe007608",
            "source": "Berth 32",
            "transportation_methods": [
                "Roadway",
                "Sea",
                "Transloading"
            ],
            "shipper": "FIT",
            "nTEU": 9,
            "origin": "DOMINICAN REPUBLIC",
            "destination": "McIntosh Intersection",
            "name": "52-MSC STELLA-8:39:DOMINICAN REPUBLIC"
        },
        {
            "EAT": 15840,
            "LDT": 20160,
            "cargo_categories": [
                "Non-hazardous"
            ],
            "delay_cost": 0,
            "group_uuid": "c3c45abb-86d6-44c3-a0d5-8bb5fe007608",
            "source": "Berth 32",
            "transportation_methods": [
                "Roadway",
                "Sea",
                "Transloading"
            ],
            "shipper": "FIT",
            "nTEU": 2,
            "origin": "ITALY",
            "destination": "McIntosh Intersection",
            "name": "52-MSC STELLA-9:87:ITALY"
        },
        {
            "EAT": 15840,
            "LDT": 20160,
            "cargo_categories": [
                "Non-hazardous"
            ],
            "delay_cost": 0,
            "group_uuid": "c3c45abb-86d6-44c3-a0d5-8bb5fe007608",
            "source": "Berth 32",
            "transportation_methods": [
                "Roadway",
                "Sea",
                "Transloading"
            ],
            "shipper": "MSC",
            "nTEU": 50,
            "origin": "ITALY",
            "destination": "McIntosh Intersection",
            "name": "52-MSC STELLA-10:25:ITALY"
        },
        {
            "EAT": 15840,
            "LDT": 20160,
            "cargo_categories": [
                "Non-hazardous"
            ],
            "delay_cost": 0,
            "group_uuid": "c3c45abb-86d6-44c3-a0d5-8bb5fe007608",
            "source": "Berth 32",
            "transportation_methods": [
                "Roadway",
                "Sea",
                "Transloading"
            ],
            "shipper": "FIT",
            "nTEU": 1,
            "origin": "BRAZIL",
            "destination": "McIntosh Intersection",
            "name": "52-MSC STELLA-11:44:BRAZIL"
        },
        {
            "EAT": 15840,
            "LDT": 20160,
            "cargo_categories": [
                "Non-hazardous"
            ],
            "delay_cost": 0,
            "group_uuid": "c3c45abb-86d6-44c3-a0d5-8bb5fe007608",
            "source": "Berth 32",
            "transportation_methods": [
                "Roadway",
                "Sea",
                "Transloading"
            ],
            "shipper": "MSC",
            "nTEU": 15,
            "origin": "UNITED KINGDOM",
            "destination": "McIntosh Intersection",
            "name": "52-MSC STELLA-12:89:UNITED KINGDOM"
        },
        {
            "EAT": 15840,
            "LDT": 20160,
            "cargo_categories": [
                "Non-hazardous"
            ],
            "delay_cost": 0,
            "group_uuid": "c3c45abb-86d6-44c3-a0d5-8bb5fe007608",
            "source": "Berth 32",
            "transportation_methods": [
                "Roadway",
                "Sea",
                "Transloading"
            ],
            "shipper": "MSC",
            "nTEU": 1,
            "origin": "DOMINICAN REPUBLIC",
            "destination": "McIntosh Intersection",
            "name": "52-MSC STELLA-13:8:DOMINICAN REPUBLIC"
        },
        {
            "EAT": 15840,
            "LDT": 20160,
            "cargo_categories": [
                "Non-hazardous"
            ],
            "delay_cost": 0,
            "group_uuid": "c3c45abb-86d6-44c3-a0d5-8bb5fe007608",
            "source": "Berth 32",
            "transportation_methods": [
                "Roadway",
                "Sea",
                "Transloading"
            ],
            "shipper": "FIT",
            "nTEU": 1,
            "origin": "ECUADOR",
            "destination": "McIntosh Intersection",
            "name": "52-MSC STELLA-14:34:ECUADOR"
        },
        {
            "EAT": 15840,
            "LDT": 20160,
            "cargo_categories": [
                "Non-hazardous"
            ],
            "delay_cost": 0,
            "group_uuid": "c3c45abb-86d6-44c3-a0d5-8bb5fe007608",
            "source": "Berth 32",
            "transportation_methods": [
                "Roadway",
                "Sea",
                "Transloading"
            ],
            "shipper": "FIT",
            "nTEU": 2,
            "origin": "HONDURAS",
            "destination": "McIntosh Intersection",
            "name": "52-MSC STELLA-15:62:HONDURAS"
        },
        {
            "EAT": 15840,
            "LDT": 20160,
            "cargo_categories": [
                "Non-hazardous"
            ],
            "delay_cost": 0,
            "group_uuid": "c3c45abb-86d6-44c3-a0d5-8bb5fe007608",
            "source": "Berth 32",
            "transportation_methods": [
                "Roadway",
                "Sea",
                "Transloading"
            ],
            "shipper": "FIT",
            "nTEU": 2,
            "origin": "HONDURAS",
            "destination": "McIntosh Intersection",
            "name": "52-MSC STELLA-16:52:HONDURAS"
        },
        {
            "EAT": 15840,
            "LDT": 20160,
            "cargo_categories": [
                "Non-hazardous"
            ],
            "delay_cost": 0,
            "group_uuid": "c3c45abb-86d6-44c3-a0d5-8bb5fe007608",
            "source": "Berth 32",
            "transportation_methods": [
                "Roadway",
                "Sea",
                "Transloading"
            ],
            "shipper": "MSC",
            "nTEU": 30,
            "origin": "BRAZIL",
            "destination": "McIntosh Intersection",
            "name": "52-MSC STELLA-17:19:BRAZIL"
        },
        {
            "EAT": 15840,
            "LDT": 20160,
            "cargo_categories": [
                "Non-hazardous"
            ],
            "delay_cost": 0,
            "group_uuid": "c3c45abb-86d6-44c3-a0d5-8bb5fe007608",
            "source": "Berth 32",
            "transportation_methods": [
                "Roadway",
                "Sea",
                "Transloading"
            ],
            "shipper": "MSC",
            "nTEU": 32,
            "origin": "PERU",
            "destination": "McIntosh Intersection",
            "name": "52-MSC STELLA-18:7:PERU"
        },
        {
            "EAT": 15840,
            "LDT": 20160,
            "cargo_categories": [
                "Non-hazardous"
            ],
            "delay_cost": 0,
            "group_uuid": "c3c45abb-86d6-44c3-a0d5-8bb5fe007608",
            "source": "Berth 32",
            "transportation_methods": [
                "Roadway",
                "Sea",
                "Transloading"
            ],
            "shipper": "FIT",
            "nTEU": 1,
            "origin": "BRAZIL",
            "destination": "McIntosh Intersection",
            "name": "52-MSC STELLA-19:48:BRAZIL"
        },
        {
            "EAT": 15840,
            "LDT": 20160,
            "cargo_categories": [
                "Non-hazardous"
            ],
            "delay_cost": 0,
            "group_uuid": "c3c45abb-86d6-44c3-a0d5-8bb5fe007608",
            "source": "Berth 32",
            "transportation_methods": [
                "Roadway",
                "Sea",
                "Transloading"
            ],
            "shipper": "MSC",
            "nTEU": 3,
            "origin": "COLOMBIA",
            "destination": "McIntosh Intersection",
            "name": "52-MSC STELLA-20:49:COLOMBIA"
        },
        {
            "EAT": 15840,
            "LDT": 20160,
            "cargo_categories": [
                "Non-hazardous"
            ],
            "delay_cost": 0,
            "group_uuid": "c3c45abb-86d6-44c3-a0d5-8bb5fe007608",
            "source": "Berth 32",
            "transportation_methods": [
                "Roadway",
                "Sea",
                "Transloading"
            ],
            "shipper": "FIT",
            "nTEU": 2,
            "origin": "DOMINICAN REPUBLIC",
            "destination": "McIntosh Intersection",
            "name": "52-MSC STELLA-21:90:DOMINICAN REPUBLIC"
        },
        {
            "EAT": 15840,
            "LDT": 20160,
            "cargo_categories": [
                "Non-hazardous"
            ],
            "delay_cost": 0,
            "group_uuid": "c3c45abb-86d6-44c3-a0d5-8bb5fe007608",
            "source": "Berth 32",
            "transportation_methods": [
                "Roadway",
                "Sea",
                "Transloading"
            ],
            "shipper": "FIT",
            "nTEU": 2,
            "origin": "DOMINICAN REPUBLIC",
            "destination": "McIntosh Intersection",
            "name": "52-MSC STELLA-22:24:DOMINICAN REPUBLIC"
        },
        {
            "EAT": 15840,
            "LDT": 20160,
            "cargo_categories": [
                "Non-hazardous"
            ],
            "delay_cost": 0,
            "group_uuid": "c3c45abb-86d6-44c3-a0d5-8bb5fe007608",
            "source": "Berth 32",
            "transportation_methods": [
                "Roadway",
                "Sea",
                "Transloading"
            ],
            "shipper": "MSC",
            "nTEU": 2,
            "origin": "HONDURAS",
            "destination": "McIntosh Intersection",
            "name": "52-MSC STELLA-23:3:HONDURAS"
        },
        {
            "EAT": 15840,
            "LDT": 20160,
            "cargo_categories": [
                "Non-hazardous"
            ],
            "delay_cost": 0,
            "group_uuid": "c3c45abb-86d6-44c3-a0d5-8bb5fe007608",
            "source": "Berth 32",
            "transportation_methods": [
                "Roadway",
                "Sea",
                "Transloading"
            ],
            "shipper": "MSC",
            "nTEU": 55,
            "origin": "PERU",
            "destination": "McIntosh Intersection",
            "name": "52-MSC STELLA-24:69:PERU"
        },
        {
            "EAT": 15840,
            "LDT": 20160,
            "cargo_categories": [
                "Non-hazardous"
            ],
            "delay_cost": 0,
            "group_uuid": "c3c45abb-86d6-44c3-a0d5-8bb5fe007608",
            "source": "Berth 32",
            "transportation_methods": [
                "Roadway",
                "Sea",
                "Transloading"
            ],
            "shipper": "MSC",
            "nTEU": 5,
            "origin": "SPAIN-S",
            "destination": "McIntosh Intersection",
            "name": "52-MSC STELLA-25:21:SPAIN-S"
        },
        {
            "EAT": 15840,
            "LDT": 20160,
            "cargo_categories": [
                "Non-hazardous"
            ],
            "delay_cost": 0,
            "group_uuid": "c3c45abb-86d6-44c3-a0d5-8bb5fe007608",
            "source": "Berth 32",
            "transportation_methods": [
                "Roadway",
                "Sea",
                "Transloading"
            ],
            "shipper": "MSC",
            "nTEU": 2,
            "origin": "COSTA RICA",
            "destination": "McIntosh Intersection",
            "name": "52-MSC STELLA-26:40:COSTA RICA"
        },
        {
            "EAT": 15840,
            "LDT": 20160,
            "cargo_categories": [
                "Non-hazardous"
            ],
            "delay_cost": 0,
            "group_uuid": "c3c45abb-86d6-44c3-a0d5-8bb5fe007608",
            "source": "Berth 32",
            "transportation_methods": [
                "Roadway",
                "Sea",
                "Transloading"
            ],
            "shipper": "FIT",
            "nTEU": 1,
            "origin": "COLOMBIA",
            "destination": "McIntosh Intersection",
            "name": "52-MSC STELLA-27:70:COLOMBIA"
        },
        {
            "EAT": 15840,
            "LDT": 20160,
            "cargo_categories": [
                "Non-hazardous"
            ],
            "delay_cost": 0,
            "group_uuid": "c3c45abb-86d6-44c3-a0d5-8bb5fe007608",
            "source": "Berth 32",
            "transportation_methods": [
                "Roadway",
                "Sea",
                "Transloading"
            ],
            "shipper": "MSC",
            "nTEU": 1,
            "origin": "BAHAMAS",
            "destination": "McIntosh Intersection",
            "name": "52-MSC STELLA-28:76:BAHAMAS"
        },
        {
            "EAT": 15840,
            "LDT": 20160,
            "cargo_categories": [
                "Non-hazardous"
            ],
            "delay_cost": 0,
            "group_uuid": "c3c45abb-86d6-44c3-a0d5-8bb5fe007608",
            "source": "Berth 32",
            "transportation_methods": [
                "Roadway",
                "Sea",
                "Transloading"
            ],
            "shipper": "MSC",
            "nTEU": 5,
            "origin": "BRAZIL",
            "destination": "McIntosh Intersection",
            "name": "52-MSC STELLA-29:11:BRAZIL"
        },
        {
            "EAT": 15840,
            "LDT": 20160,
            "cargo_categories": [
                "Non-hazardous"
            ],
            "delay_cost": 0,
            "group_uuid": "c3c45abb-86d6-44c3-a0d5-8bb5fe007608",
            "source": "Berth 32",
            "transportation_methods": [
                "Roadway",
                "Sea",
                "Transloading"
            ],
            "shipper": "MSC",
            "nTEU": 7,
            "origin": "SPAIN-S",
            "destination": "McIntosh Intersection",
            "name": "52-MSC STELLA-30:72:SPAIN-S"
        },
        {
            "EAT": 15840,
            "LDT": 20160,
            "cargo_categories": [
                "Non-hazardous"
            ],
            "delay_cost": 0,
            "group_uuid": "c3c45abb-86d6-44c3-a0d5-8bb5fe007608",
            "source": "Berth 32",
            "transportation_methods": [
                "Roadway",
                "Sea",
                "Transloading"
            ],
            "shipper": "FIT",
            "nTEU": 1,
            "origin": "COLOMBIA",
            "destination": "McIntosh Intersection",
            "name": "52-MSC STELLA-31:80:COLOMBIA"
        },
        {
            "EAT": 15840,
            "LDT": 20160,
            "cargo_categories": [
                "Non-hazardous"
            ],
            "delay_cost": 0,
            "group_uuid": "c3c45abb-86d6-44c3-a0d5-8bb5fe007608",
            "source": "Berth 32",
            "transportation_methods": [
                "Roadway",
                "Sea",
                "Transloading"
            ],
            "shipper": "MSC",
            "nTEU": 16,
            "origin": "DOMINICAN REPUBLIC",
            "destination": "McIntosh Intersection",
            "name": "52-MSC STELLA-32::DOMINICAN REPUBLIC"
        },
        {
            "EAT": 15840,
            "LDT": 20160,
            "cargo_categories": [
                "Non-hazardous"
            ],
            "delay_cost": 0,
            "group_uuid": "c3c45abb-86d6-44c3-a0d5-8bb5fe007608",
            "source": "Berth 32",
            "transportation_methods": [
                "Roadway",
                "Sea",
                "Transloading"
            ],
            "shipper": "FIT",
            "nTEU": 2,
            "origin": "UNITED KINGDOM",
            "destination": "McIntosh Intersection",
            "name": "52-MSC STELLA-33:42:UNITED KINGDOM"
        },
        {
            "EAT": 15840,
            "LDT": 20160,
            "cargo_categories": [
                "Non-hazardous"
            ],
            "delay_cost": 0,
            "group_uuid": "c3c45abb-86d6-44c3-a0d5-8bb5fe007608",
            "source": "Berth 32",
            "transportation_methods": [
                "Roadway",
                "Sea",
                "Transloading"
            ],
            "shipper": "FIT",
            "nTEU": 1,
            "origin": "SPAIN-S",
            "destination": "McIntosh Intersection",
            "name": "52-MSC STELLA-34:71:SPAIN-S"
        },
        {
            "EAT": 15840,
            "LDT": 20160,
            "cargo_categories": [
                "Non-hazardous"
            ],
            "delay_cost": 0,
            "group_uuid": "c3c45abb-86d6-44c3-a0d5-8bb5fe007608",
            "source": "Berth 32",
            "transportation_methods": [
                "Roadway",
                "Sea",
                "Transloading"
            ],
            "shipper": "MSC",
            "nTEU": 25,
            "origin": "COLOMBIA",
            "destination": "McIntosh Intersection",
            "name": "52-MSC STELLA-35:73:COLOMBIA"
        },
        {
            "EAT": 15840,
            "LDT": 20160,
            "cargo_categories": [
                "Non-hazardous"
            ],
            "delay_cost": 0,
            "group_uuid": "c3c45abb-86d6-44c3-a0d5-8bb5fe007608",
            "source": "Berth 32",
            "transportation_methods": [
                "Roadway",
                "Sea",
                "Transloading"
            ],
            "shipper": "FIT",
            "nTEU": 2,
            "origin": "ITALY",
            "destination": "McIntosh Intersection",
            "name": "52-MSC STELLA-36:23:ITALY"
        },
        {
            "EAT": 15840,
            "LDT": 20160,
            "cargo_categories": [
                "Non-hazardous"
            ],
            "delay_cost": 0,
            "group_uuid": "c3c45abb-86d6-44c3-a0d5-8bb5fe007608",
            "source": "Berth 32",
            "transportation_methods": [
                "Roadway",
                "Sea",
                "Transloading"
            ],
            "shipper": "FIT",
            "nTEU": 3,
            "origin": "COLOMBIA",
            "destination": "McIntosh Intersection",
            "name": "52-MSC STELLA-37:33:COLOMBIA"
        },
        {
            "EAT": 15840,
            "LDT": 20160,
            "cargo_categories": [
                "Non-hazardous"
            ],
            "delay_cost": 0,
            "group_uuid": "c3c45abb-86d6-44c3-a0d5-8bb5fe007608",
            "source": "Berth 32",
            "transportation_methods": [
                "Roadway",
                "Sea",
                "Transloading"
            ],
            "shipper": "MSC",
            "nTEU": 6,
            "origin": "ITALY",
            "destination": "McIntosh Intersection",
            "name": "52-MSC STELLA-38:68:ITALY"
        },
        {
            "EAT": 15840,
            "LDT": 20160,
            "cargo_categories": [
                "Non-hazardous"
            ],
            "delay_cost": 0,
            "group_uuid": "c3c45abb-86d6-44c3-a0d5-8bb5fe007608",
            "source": "Berth 32",
            "transportation_methods": [
                "Roadway",
                "Sea",
                "Transloading"
            ],
            "shipper": "MSC",
            "nTEU": 15,
            "origin": "SPAIN-S",
            "destination": "McIntosh Intersection",
            "name": "52-MSC STELLA-39:20:SPAIN-S"
        },
        {
            "EAT": 15840,
            "LDT": 20160,
            "cargo_categories": [
                "Non-hazardous"
            ],
            "delay_cost": 0,
            "group_uuid": "c3c45abb-86d6-44c3-a0d5-8bb5fe007608",
            "source": "Berth 32",
            "transportation_methods": [
                "Roadway",
                "Sea",
                "Transloading"
            ],
            "shipper": "MSC",
            "nTEU": 2,
            "origin": "NETHERLANDS ANTILLES",
            "destination": "McIntosh Intersection",
            "name": "52-MSC STELLA-40:12:NETHERLANDS ANTILLES"
        },
        {
            "EAT": 15840,
            "LDT": 20160,
            "cargo_categories": [
                "Non-hazardous"
            ],
            "delay_cost": 0,
            "group_uuid": "c3c45abb-86d6-44c3-a0d5-8bb5fe007608",
            "source": "Berth 32",
            "transportation_methods": [
                "Roadway",
                "Sea",
                "Transloading"
            ],
            "shipper": "MSC",
            "nTEU": 1,
            "origin": "GUATEMALA",
            "destination": "McIntosh Intersection",
            "name": "52-MSC STELLA-41:35:GUATEMALA"
        },
        {
            "EAT": 15840,
            "LDT": 20160,
            "cargo_categories": [
                "Non-hazardous"
            ],
            "delay_cost": 0,
            "group_uuid": "c3c45abb-86d6-44c3-a0d5-8bb5fe007608",
            "source": "Berth 32",
            "transportation_methods": [
                "Roadway",
                "Sea",
                "Transloading"
            ],
            "shipper": "MSC",
            "nTEU": 2,
            "origin": "BAHAMAS",
            "destination": "McIntosh Intersection",
            "name": "52-MSC STELLA-42:57:BAHAMAS"
        },
        {
            "EAT": 15840,
            "LDT": 20160,
            "cargo_categories": [
                "Non-hazardous"
            ],
            "delay_cost": 0,
            "group_uuid": "c3c45abb-86d6-44c3-a0d5-8bb5fe007608",
            "source": "Berth 32",
            "transportation_methods": [
                "Roadway",
                "Sea",
                "Transloading"
            ],
            "shipper": "MSC",
            "nTEU": 3,
            "origin": "BRAZIL",
            "destination": "McIntosh Intersection",
            "name": "52-MSC STELLA-43:10:BRAZIL"
        },
        {
            "EAT": 15840,
            "LDT": 20160,
            "cargo_categories": [
                "Non-hazardous"
            ],
            "delay_cost": 0,
            "group_uuid": "c3c45abb-86d6-44c3-a0d5-8bb5fe007608",
            "source": "Berth 32",
            "transportation_methods": [
                "Roadway",
                "Sea",
                "Transloading"
            ],
            "shipper": "MSC",
            "nTEU": 8,
            "origin": "BELGIUM",
            "destination": "McIntosh Intersection",
            "name": "52-MSC STELLA-44:28:BELGIUM"
        },
        {
            "EAT": 15840,
            "LDT": 20160,
            "cargo_categories": [
                "Non-hazardous"
            ],
            "delay_cost": 0,
            "group_uuid": "c3c45abb-86d6-44c3-a0d5-8bb5fe007608",
            "source": "Berth 32",
            "transportation_methods": [
                "Roadway",
                "Sea",
                "Transloading"
            ],
            "shipper": "MSC",
            "nTEU": 7,
            "origin": "BAHAMAS",
            "destination": "McIntosh Intersection",
            "name": "52-MSC STELLA-45:82:BAHAMAS"
        },
        {
            "EAT": 15840,
            "LDT": 20160,
            "cargo_categories": [
                "Non-hazardous"
            ],
            "delay_cost": 0,
            "group_uuid": "c3c45abb-86d6-44c3-a0d5-8bb5fe007608",
            "source": "Berth 32",
            "transportation_methods": [
                "Roadway",
                "Sea",
                "Transloading"
            ],
            "shipper": "FIT",
            "nTEU": 2,
            "origin": "SPAIN-S",
            "destination": "McIntosh Intersection",
            "name": "52-MSC STELLA-46:56:SPAIN-S"
        },
        {
            "EAT": 15840,
            "LDT": 20160,
            "cargo_categories": [
                "Non-hazardous"
            ],
            "delay_cost": 0,
            "group_uuid": "c3c45abb-86d6-44c3-a0d5-8bb5fe007608",
            "source": "Berth 32",
            "transportation_methods": [
                "Roadway",
                "Sea",
                "Transloading"
            ],
            "shipper": "MSC",
            "nTEU": 2,
            "origin": "HONDURAS",
            "destination": "McIntosh Intersection",
            "name": "52-MSC STELLA-47:74:HONDURAS"
        },
        {
            "EAT": 15840,
            "LDT": 20160,
            "cargo_categories": [
                "Non-hazardous"
            ],
            "delay_cost": 0,
            "group_uuid": "c3c45abb-86d6-44c3-a0d5-8bb5fe007608",
            "source": "Berth 32",
            "transportation_methods": [
                "Roadway",
                "Sea",
                "Transloading"
            ],
            "shipper": "MSC",
            "nTEU": 1,
            "origin": "DOMINICAN REPUBLIC",
            "destination": "McIntosh Intersection",
            "name": "52-MSC STELLA-48:31:DOMINICAN REPUBLIC"
        },
        {
            "EAT": 15840,
            "LDT": 20160,
            "cargo_categories": [
                "Non-hazardous"
            ],
            "delay_cost": 0,
            "group_uuid": "c3c45abb-86d6-44c3-a0d5-8bb5fe007608",
            "source": "Berth 32",
            "transportation_methods": [
                "Roadway",
                "Sea",
                "Transloading"
            ],
            "shipper": "MSC",
            "nTEU": 2,
            "origin": "ITALY",
            "destination": "McIntosh Intersection",
            "name": "52-MSC STELLA-49:32:ITALY"
        },
        {
            "EAT": 15840,
            "LDT": 20160,
            "cargo_categories": [
                "Non-hazardous"
            ],
            "delay_cost": 0,
            "group_uuid": "c3c45abb-86d6-44c3-a0d5-8bb5fe007608",
            "source": "Berth 32",
            "transportation_methods": [
                "Roadway",
                "Sea",
                "Transloading"
            ],
            "shipper": "MSC",
            "nTEU": 7,
            "origin": "ITALY",
            "destination": "McIntosh Intersection",
            "name": "52-MSC STELLA-50:64:ITALY"
        },
        {
            "EAT": 15840,
            "LDT": 20160,
            "cargo_categories": [
                "Non-hazardous"
            ],
            "delay_cost": 0,
            "group_uuid": "c3c45abb-86d6-44c3-a0d5-8bb5fe007608",
            "source": "Berth 32",
            "transportation_methods": [
                "Roadway",
                "Sea",
                "Transloading"
            ],
            "shipper": "MSC",
            "nTEU": 1,
            "origin": "HONDURAS",
            "destination": "McIntosh Intersection",
            "name": "52-MSC STELLA-51:54:HONDURAS"
        }
    ]
}