{
    "commodities": [
        {
            "EAT": 11520,
            "LDT": 15840,
            "cargo_categories": [
                "Non-hazardous"
            ],
            "delay_cost": 0,
            "group_uuid": "0185fc08-59e7-4dc4-9386-5bb0e3b0644e",
            "source": "Berth 32",
            "transportation_methods": [
                "Roadway",
                "Sea",
                "Transloading"
            ],
            "shipper": "Crowley",
            "nTEU": 3,
            "origin": "COSTA RICA",
            "destination": "McIntosh Intersection",
            "name": "36-PAVO J-0:39:COSTA RICA"
        },
        {
            "EAT": 11520,
            "LDT": 15840,
            "cargo_categories": [
                "Non-hazardous"
            ],
            "delay_cost": 0,
            "group_uuid": "0185fc08-59e7-4dc4-9386-5bb0e3b0644e",
            "source": "Berth 32",
            "transportation_methods": [
                "Roadway",
                "Sea",
                "Transloading"
            ],
            "shipper": "Crowley",
            "nTEU": 6,
            "origin": "HONDURAS",
            "destination": "McIntosh Intersection",
            "name": "36-PAVO J-1:52:HONDURAS"
        },
        {
            "EAT": 11520,
            "LDT": 15840,
            "cargo_categories": [
                "Non-hazardous"
            ],
            "delay_cost": 0,
            "group_uuid": "0185fc08-59e7-4dc4-9386-5bb0e3b0644e",
            "source": "Berth 32",
            "transportation_methods": [
                "Roadway",
                "Sea",
                "Transloading"
            ],
            "shipper": "Crowley",
            "nTEU": 5,
            "origin": "HONDURAS",
            "destination": "McIntosh Intersection",
            "name": "36-PAVO J-2:7:HONDURAS"
        },
        {
            "EAT": 11520,
            "LDT": 15840,
            "cargo_categories": [
                "Non-hazardous"
            ],
            "delay_cost": 0,
            "group_uuid": "0185fc08-59e7-4dc4-9386-5bb0e3b0644e",
            "source": "Berth 32",
            "transportation_methods": [
                "Roadway",
                "Sea",
                "Transloading"
            ],
            "shipper": "Crowley",
            "nTEU": 2,
            "origin": "CHILE",
            "destination": "McIntosh Intersection",
            "name": "36-PAVO J-3:22:CHILE"
        },
        {
            "EAT": 11520,
            "LDT": 15840,
            "cargo_categories": [
                "Non-hazardous"
            ],
            "delay_cost": 0,
            "group_uuid": "0185fc08-59e7-4dc4-9386-5bb0e3b0644e",
            "source": "Berth 32",
            "transportation_methods": [
                "Roadway",
                "Sea",
                "Transloading"
            ],
            "shipper": "Crowley",
            "nTEU": 1,
            "origin": "ITALY",
            "destination": "McIntosh Intersection",
            "name": "36-PAVO J-4:94:ITALY"
        },
        {
            "EAT": 11520,
            "LDT": 15840,
            "cargo_categories": [
                "Non-hazardous"
            ],
            "delay_cost": 0,
            "group_uuid": "0185fc08-59e7-4dc4-9386-5bb0e3b0644e",
            "source": "Berth 32",
            "transportation_methods": [
                "Roadway",
                "Sea",
                "Transloading"
            ],
            "shipper": "Crowley",
            "nTEU": 1,
            "origin": "DOMINICAN REPUBLIC",
            "destination": "McIntosh Intersection",
            "name": "36-PAVO J-5:46:DOMINICAN REPUBLIC"
        },
        {
            "EAT": 11520,
            "LDT": 15840,
            "cargo_categories": [
                "Non-hazardous"
            ],
            "delay_cost": 0,
            "group_uuid": "0185fc08-59e7-4dc4-9386-5bb0e3b0644e",
            "source": "Berth 32",
            "transportation_methods": [
                "Roadway",
                "Sea",
                "Transloading"
            ],
            "shipper": "Crowley",
            "nTEU": 1,
            "origin": "UNITED KINGDOM",
            "destination": "McIntosh Intersection",
            "name": "36-PAVO J-6:19:UNITED KINGDOM"
        },
        {
            "EAT": 11520,
            "LDT": 15840,
            "cargo_categories": [
                "Non-hazardous"
            ],
            "delay_cost": 0,
            "group_uuid": "0185fc08-59e7-4dc4-9386-5bb0e3b0644e",
            "source": "Berth 32",
            "transportation_methods": [
                "Roadway",
                "Sea",
                "Transloading"
            ],
            "shipper": "Crowley",
            "nTEU": 7,
            "origin": "BELGIUM",
            "destination": "McIntosh Intersection",
            "name": "36-PAVO J-7:28:BELGIUM"
        },
        {
            "EAT": 11520,
            "LDT": 15840,
            "cargo_categories": [
                "Non-hazardous"
            ],
            "delay_cost": 0,
            "group_uuid": "0185fc08-59e7-4dc4-9386-5bb0e3b0644e",
            "source": "Berth 32",
            "transportation_methods": [
                "Roadway",
                "Sea",
                "Transloading"
            ],
            "shipper": "Crowley",
            "nTEU": 1,
            "origin": "DOMINICAN REPUBLIC",
            "destination": "McIntosh Intersection",
            "name": "36-PAVO J-8:6:DOMINICAN REPUBLIC"
        },
        {
            "EAT": 11520,
            "LDT": 15840,
            "cargo_categories": [
                "Non-hazardous"
            ],
            "delay_cost": 0,
            "group_uuid": "0185fc08-59e7-4dc4-9386-5bb0e3b0644e",
            "source": "Berth 32",
            "transportation_methods": [
                "Roadway",
                "Sea",
                "Transloading"
            ],
            "shipper": "Crowley",
            "nTEU": 14,
            "origin": "DOMINICAN REPUBLIC",
            "destination": "McIntosh Intersection",
            "name": "36-PAVO J-9:24:DOMINICAN REPUBLIC"
        },
        {
            "EAT": 11520,
            "LDT": 15840,
            "cargo_categories": [
                "Non-hazardous"
            ],
            "delay_cost": 0,
            "group_uuid": "0185fc08-59e7-4dc4-9386-5bb0e3b0644e",
            "source": "Berth 32",
            "transportation_methods": [
                "Roadway",
                "Sea",
                "Transloading"
            ],
            "shipper": "Crowley",
            "nTEU": 6,
            "origin": "COLOMBIA",
            "destination": "McIntosh Intersection",
            "name": "36-PAVO J-10:68:COLOMBIA"
        },
        {
            "EAT": 11520,
            "LDT": 15840,
            "cargo_categories": [
                "Non-hazardous"
            ],
            "delay_cost": 0,
            "group_uuid": "0185fc08-59e7-4dc4-9386-5bb0e3b0644e",
            "source": "Berth 32",
            "transportation_methods": [
                "Roadway",
                "Sea",
                "Transloading"
            ],
            "shipper": "Crowley",
            "nTEU": 1,
            "origin": "PERU",
            "destination": "McIntosh Intersection",
            "name": "36-PAVO J-11:9:PERU"
        },
        {
            "EAT": 11520,
            "LDT": 15840,
            "cargo_categories": [
                "Non-hazardous"
            ],
            "delay_cost": 0,
            "group_uuid": "0185fc08-59e7-4dc4-9386-5bb0e3b0644e",
            "source": "Berth 32",
            "transportation_methods": [
                "Roadway",
                "Sea",
                "Transloading"
            ],
            "shipper": "Crowley",
            "nTEU": 8,
            "origin": "GUATEMALA",
            "destination": "McIntosh Intersection",
            "name": "36-PAVO J-12::GUATEMALA"
        },
        {
            "EAT": 11520,
            "LDT": 15840,
            "cargo_categories": [
                "Non-hazardous"
            ],
            "delay_cost": 0,
            "group_uuid": "0185fc08-59e7-4dc4-9386-5bb0e3b0644e",
            "source": "Berth 32",
            "transportation_methods": [
                "Roadway",
                "Sea",
                "Transloading"
            ],
            "shipper": "Crowley",
            "nTEU": 12,
            "origin": "GUATEMALA",
            "destination": "McIntosh Intersection",
            "name": "36-PAVO J-13:61:GUATEMALA"
        },
        {
            "EAT": 11520,
            "LDT": 15840,
            "cargo_categories": [
                "Non-hazardous"
            ],
            "delay_cost": 0,
            "group_uuid": "0185fc08-59e7-4dc4-9386-5bb0e3b0644e",
            "source": "Berth 32",
            "transportation_methods": [
                "Roadway",
                "Sea",
                "Transloading"
            ],
            "shipper": "Crowley",
            "nTEU": 0,
            "origin": "TURKS AND CAICOS IS",
            "destination": "McIntosh Intersection",
            "name": "36-PAVO J-14:86:TURKS AND CAICOS IS"
        },
        {
            "EAT": 11520,
            "LDT": 15840,
            "cargo_categories": [
                "Non-hazardous"
            ],
            "delay_cost": 0,
            "group_uuid": "0185fc08-59e7-4dc4-9386-5bb0e3b0644e",
            "source": "Berth 32",
            "transportation_methods": [
                "Roadway",
                "Sea",
                "Transloading"
            ],
            "shipper": "Crowley",
            "nTEU": 1,
            "origin": "BRAZIL",
            "destination": "McIntosh Intersection",
            "name": "36-PAVO J-15:95:BRAZIL"
        },
        {
            "EAT": 11520,
            "LDT": 15840,
            "cargo_categories": [
                "Non-hazardous"
            ],
            "delay_cost": 0,
            "group_uuid": "0185fc08-59e7-4dc4-9386-5bb0e3b0644e",
            "source": "Berth 32",
            "transportation_methods": [
                "Roadway",
                "Sea",
                "Transloading"
            ],
            "shipper": "Crowley",
            "nTEU": 21,
            "origin": "DOMINICAN REPUBLIC",
            "destination": "McIntosh Intersection",
            "name": "36-PAVO J-16:64:DOMINICAN REPUBLIC"
        },
        {
            "EAT": 11520,
            "LDT": 15840,
            "cargo_categories": [
                "Non-hazardous"
            ],
            "delay_cost": 0,
            "group_uuid": "0185fc08-59e7-4dc4-9386-5bb0e3b0644e",
            "source": "Berth 32",
            "transportation_methods": [
                "Roadway",
                "Sea",
                "Transloading"
            ],
            "shipper": "Crowley",
            "nTEU": 7,
            "origin": "ITALY",
            "destination": "McIntosh Intersection",
            "name": "36-PAVO J-17:87:ITALY"
        },
        {
            "EAT": 11520,
            "LDT": 15840,
            "cargo_categories": [
                "Non-hazardous"
            ],
            "delay_cost": 0,
            "group_uuid": "0185fc08-59e7-4dc4-9386-5bb0e3b0644e",
            "source": "Berth 32",
            "transportation_methods": [
                "Roadway",
                "Sea",
                "Transloading"
            ],
            "shipper": "Crowley",
            "nTEU": 10,
            "origin": "GUATEMALA",
            "destination": "McIntosh Intersection",
            "name": "36-PAVO J-18:8:GUATEMALA"
        },
        {
            "EAT": 11520,
            "LDT": 15840,
            "cargo_categories": [
                "Non-hazardous"
            ],
            "delay_cost": 0,
            "group_uuid": "0185fc08-59e7-4dc4-9386-5bb0e3b0644e",
            "source": "Berth 32",
            "transportation_methods": [
                "Roadway",
                "Sea",
                "Transloading"
            ],
            "shipper": "Crowley",
            "nTEU": 128,
            "origin": "HAITI",
            "destination": "McIntosh Intersection",
            "name": "36-PAVO J-19:62:HAITI"
        },
        {
            "EAT": 11520,
            "LDT": 15840,
            "cargo_categories": [
                "Non-hazardous"
            ],
            "delay_cost": 0,
            "group_uuid": "0185fc08-59e7-4dc4-9386-5bb0e3b0644e",
            "source": "Berth 32",
            "transportation_methods": [
                "Roadway",
                "Sea",
                "Transloading"
            ],
            "shipper": "Crowley",
            "nTEU": 2,
            "origin": "COLOMBIA",
            "destination": "McIntosh Intersection",
            "name": "36-PAVO J-20:42:COLOMBIA"
        },
        {
            "EAT": 11520,
            "LDT": 15840,
            "cargo_categories": [
                "Non-hazardous"
            ],
            "delay_cost": 0,
            "group_uuid": "0185fc08-59e7-4dc4-9386-5bb0e3b0644e",
            "source": "Berth 32",
            "transportation_methods": [
                "Roadway",
                "Sea",
                "Transloading"
            ],
            "shipper": "Crowley",
            "nTEU": 41,
            "origin": "DOMINICAN REPUBLIC",
            "destination": "McIntosh Intersection",
            "name": "36-PAVO J-21:90:DOMINICAN REPUBLIC"
        },
        {
            "EAT": 11520,
            "LDT": 15840,
            "cargo_categories": [
                "Non-hazardous"
            ],
            "delay_cost": 0,
            "group_uuid": "0185fc08-59e7-4dc4-9386-5bb0e3b0644e",
            "source": "Berth 32",
            "transportation_methods": [
                "Roadway",
                "Sea",
                "Transloading"
            ],
            "shipper": "Crowley",
            "nTEU": 5,
            "origin": "DOMINICAN REPUBLIC",
            "destination": "McIntosh Intersection",
            "name": "36-PAVO J-22:96:DOMINICAN REPUBLIC"
        },
        {
            "EAT": 11520,
            "LDT": 15840,
            "cargo_categories": [
                "Non-hazardous"
            ],
            "delay_cost": 0,
            "group_uuid": "0185fc08-59e7-4dc4-9386-5bb0e3b0644e",
            "source": "Berth 32",
            "transportation_methods": [
                "Roadway",
                "Sea",
                "Transloading"
            ],
            "shipper": "Crowley",
            "nTEU": 3,
            "origin": "GERMANY",
            "destination": "McIntosh Intersection",
            "name": "36-PAVO J-23:85:GERMANY"
        },
        {
            "EAT": 11520,
            "LDT": 15840,
            "cargo_categories": [
                "Non-hazardous"
            ],
            "delay_cost": 0,
            "group_uuid": "0185fc08-59e7-4dc4-9386-5bb0e3b0644e",
            "source": "Berth 32",
            "transportation_methods": [
                "Roadway",
                "Sea",
                "Transloading"
            ],
            "shipper": "Crowley",
            "nTEU": 5,
            "origin": "DOMINICAN REPUBLIC",
            "destination": "McIntosh Intersection",
            "name": "36-PAVO J-24:21:DOMINICAN REPUBLIC"
        }
    ]
}