{
    "commodities": [
        {
            "EAT": 18720,
            "LDT": 23040,
            "cargo_categories": [
                "Non-hazardous"
            ],
            "delay_cost": 0,
            "group_uuid": "0d91759b-c969-462e-917f-d0a6ba550429",
            "source": "Berth 33",
            "transportation_methods": [
                "Roadway",
                "Sea",
                "Transloading"
            ],
            "shipper": "Crowley",
            "nTEU": 0,
            "origin": "DOMINICAN REPUBLIC",
            "destination": "McIntosh Intersection",
            "name": "60-PEGASUS J-0:86:DOMINICAN REPUBLIC"
        },
        {
            "EAT": 18720,
            "LDT": 23040,
            "cargo_categories": [
                "Non-hazardous"
            ],
            "delay_cost": 0,
            "group_uuid": "0d91759b-c969-462e-917f-d0a6ba550429",
            "source": "Berth 33",
            "transportation_methods": [
                "Roadway",
                "Sea",
                "Transloading"
            ],
            "shipper": "King Ocean",
            "nTEU": 3,
            "origin": "GUATEMALA",
            "destination": "McIntosh Intersection",
            "name": "60-PEGASUS J-1:20:GUATEMALA"
        },
        {
            "EAT": 18720,
            "LDT": 23040,
            "cargo_categories": [
                "Non-hazardous"
            ],
            "delay_cost": 0,
            "group_uuid": "0d91759b-c969-462e-917f-d0a6ba550429",
            "source": "Berth 33",
            "transportation_methods": [
                "Roadway",
                "Sea",
                "Transloading"
            ],
            "shipper": "King Ocean",
            "nTEU": 3,
            "origin": "PANAMA",
            "destination": "McIntosh Intersection",
            "name": "60-PEGASUS J-2::PANAMA"
        },
        {
            "EAT": 18720,
            "LDT": 23040,
            "cargo_categories": [
                "Non-hazardous"
            ],
            "delay_cost": 0,
            "group_uuid": "0d91759b-c969-462e-917f-d0a6ba550429",
            "source": "Berth 33",
            "transportation_methods": [
                "Roadway",
                "Sea",
                "Transloading"
            ],
            "shipper": "Crowley",
            "nTEU": 3,
            "origin": "ECUADOR",
            "destination": "McIntosh Intersection",
            "name": "60-PEGASUS J-3:8:ECUADOR"
        },
        {
            "EAT": 18720,
            "LDT": 23040,
            "cargo_categories": [
                "Non-hazardous"
            ],
            "delay_cost": 0,
            "group_uuid": "0d91759b-c969-462e-917f-d0a6ba550429",
            "source": "Berth 33",
            "transportation_methods": [
                "Roadway",
                "Sea",
                "Transloading"
            ],
            "shipper": "Crowley",
            "nTEU": 3,
            "origin": "DOMINICAN REPUBLIC",
            "destination": "McIntosh Intersection",
            "name": "60-PEGASUS J-4:24:DOMINICAN REPUBLIC"
        },
        {
            "EAT": 18720,
            "LDT": 23040,
            "cargo_categories": [
                "Non-hazardous"
            ],
            "delay_cost": 0,
            "group_uuid": "0d91759b-c969-462e-917f-d0a6ba550429",
            "source": "Berth 33",
            "transportation_methods": [
                "Roadway",
                "Sea",
                "Transloading"
            ],
            "shipper": "Crowley",
            "nTEU": 73,
            "origin": "DOMINICAN REPUBLIC",
            "destination": "McIntosh Intersection",
            "name": "60-PEGASUS J-5:62:DOMINICAN REPUBLIC"
        },
        {
            "EAT": 18720,
            "LDT": 23040,
            "cargo_categories": [
                "Non-hazardous"
            ],
            "delay_cost": 0,
            "group_uuid": "0d91759b-c969-462e-917f-d0a6ba550429",
            "source": "Berth 33",
            "transportation_methods": [
                "Roadway",
                "Sea",
                "Transloading"
            ],
            "shipper": "Crowley",
            "nTEU": 3,
            "origin": "UNITED KINGDOM",
            "destination": "McIntosh Intersection",
            "name": "60-PEGASUS J-6:84:UNITED KINGDOM"
        },
        {
            "EAT": 18720,
            "LDT": 23040,
            "cargo_categories": [
                "Non-hazardous"
            ],
            "delay_cost": 0,
            "group_uuid": "0d91759b-c969-462e-917f-d0a6ba550429",
            "source": "Berth 33",
            "transportation_methods": [
                "Roadway",
                "Sea",
                "Transloading"
            ],
            "shipper": "Crowley",
            "nTEU": 2,
            "origin": "CHILE",
            "destination": "McIntosh Intersection",
            "name": "60-PEGASUS J-7:3:CHILE"
        },
        {
            "EAT": 18720,
            "LDT": 23040,
            "cargo_categories": [
                "Non-hazardous"
            ],
            "delay_cost": 0,
            "group_uuid": "0d91759b-c969-462e-917f-d0a6ba550429",
            "source": "Berth 33",
            "transportation_methods": [
                "Roadway",
                "Sea",
                "Transloading"
            ],
            "shipper": "Crowley",
            "nTEU": 8,
            "origin": "GUATEMALA",
            "destination": "McIntosh Intersection",
            "name": "60-PEGASUS J-8:61:GUATEMALA"
        },
        {
            "EAT": 18720,
            "LDT": 23040,
            "cargo_categories": [
                "Non-hazardous"
            ],
            "delay_cost": 0,
            "group_uuid": "0d91759b-c969-462e-917f-d0a6ba550429",
            "source": "Berth 33",
            "transportation_methods": [
                "Roadway",
                "Sea",
                "Transloading"
            ],
            "shipper": "King Ocean",
            "nTEU": 4,
            "origin": "HONDURAS",
            "destination": "McIntosh Intersection",
            "name": "60-PEGASUS J-9:55:HONDURAS"
        },
        {
            "EAT": 18720,
            "LDT": 23040,
            "cargo_categories": [
                "Non-hazardous"
            ],
            "delay_cost": 0,
            "group_uuid": "0d91759b-c969-462e-917f-d0a6ba550429",
            "source": "Berth 33",
            "transportation_methods": [
                "Roadway",
                "Sea",
                "Transloading"
            ],
            "shipper": "Crowley",
            "nTEU": 30,
            "origin": "HONDURAS",
            "destination": "McIntosh Intersection",
            "name": "60-PEGASUS J-10:7:HONDURAS"
        },
        {
            "EAT": 18720,
            "LDT": 23040,
            "cargo_categories": [
                "Non-hazardous"
            ],
            "delay_cost": 0,
            "group_uuid": "0d91759b-c969-462e-917f-d0a6ba550429",
            "source": "Berth 33",
            "transportation_methods": [
                "Roadway",
                "Sea",
                "Transloading"
            ],
            "shipper": "Crowley",
            "nTEU": 4,
            "origin": "GUATEMALA",
            "destination": "McIntosh Intersection",
            "name": "60-PEGASUS J-11:60:GUATEMALA"
        },
        {
            "EAT": 18720,
            "LDT": 23040,
            "cargo_categories": [
                "Non-hazardous"
            ],
            "delay_cost": 0,
            "group_uuid": "0d91759b-c969-462e-917f-d0a6ba550429",
            "source": "Berth 33",
            "transportation_methods": [
                "Roadway",
                "Sea",
                "Transloading"
            ],
            "shipper": "Crowley",
            "nTEU": 8,
            "origin": "PANAMA",
            "destination": "McIntosh Intersection",
            "name": "60-PEGASUS J-12:39:PANAMA"
        },
        {
            "EAT": 18720,
            "LDT": 23040,
            "cargo_categories": [
                "Non-hazardous"
            ],
            "delay_cost": 0,
            "group_uuid": "0d91759b-c969-462e-917f-d0a6ba550429",
            "source": "Berth 33",
            "transportation_methods": [
                "Roadway",
                "Sea",
                "Transloading"
            ],
            "shipper": "Crowley",
            "nTEU": 4,
            "origin": "BRAZIL",
            "destination": "McIntosh Intersection",
            "name": "60-PEGASUS J-13:44:BRAZIL"
        },
        {
            "EAT": 18720,
            "LDT": 23040,
            "cargo_categories": [
                "Non-hazardous"
            ],
            "delay_cost": 0,
            "group_uuid": "0d91759b-c969-462e-917f-d0a6ba550429",
            "source": "Berth 33",
            "transportation_methods": [
                "Roadway",
                "Sea",
                "Transloading"
            ],
            "shipper": "Crowley",
            "nTEU": 3,
            "origin": "HONDURAS",
            "destination": "McIntosh Intersection",
            "name": "60-PEGASUS J-14:85:HONDURAS"
        }
    ]
}