{
    "commodities": [
        {
            "EAT": 8640,
            "LDT": 12960,
            "cargo_categories": [
                "Non-hazardous"
            ],
            "delay_cost": 0,
            "group_uuid": "cc68b89f-5671-47cc-92f6-8adbff7182a1",
            "source": "Berth 33",
            "transportation_methods": [
                "Roadway",
                "Sea",
                "Transloading"
            ],
            "shipper": "Crowley",
            "nTEU": 6,
            "origin": "ECUADOR",
            "destination": "McIntosh Intersection",
            "name": "29-PEGASUS J-0:44:ECUADOR"
        },
        {
            "EAT": 8640,
            "LDT": 12960,
            "cargo_categories": [
                "Non-hazardous"
            ],
            "delay_cost": 0,
            "group_uuid": "cc68b89f-5671-47cc-92f6-8adbff7182a1",
            "source": "Berth 33",
            "transportation_methods": [
                "Roadway",
                "Sea",
                "Transloading"
            ],
            "shipper": "Crowley",
            "nTEU": 1,
            "origin": "UNITED KINGDOM",
            "destination": "McIntosh Intersection",
            "name": "29-PEGASUS J-1:84:UNITED KINGDOM"
        },
        {
            "EAT": 8640,
            "LDT": 12960,
            "cargo_categories": [
                "Non-hazardous"
            ],
            "delay_cost": 0,
            "group_uuid": "cc68b89f-5671-47cc-92f6-8adbff7182a1",
            "source": "Berth 33",
            "transportation_methods": [
                "Roadway",
                "Sea",
                "Transloading"
            ],
            "shipper": "Crowley",
            "nTEU": 43,
            "origin": "SPAIN-S",
            "destination": "McIntosh Intersection",
            "name": "29-PEGASUS J-2:39:SPAIN-S"
        },
        {
            "EAT": 8640,
            "LDT": 12960,
            "cargo_categories": [
                "Non-hazardous"
            ],
            "delay_cost": 0,
            "group_uuid": "cc68b89f-5671-47cc-92f6-8adbff7182a1",
            "source": "Berth 33",
            "transportation_methods": [
                "Roadway",
                "Sea",
                "Transloading"
            ],
            "shipper": "King Ocean",
            "nTEU": 5,
            "origin": "GUATEMALA",
            "destination": "McIntosh Intersection",
            "name": "29-PEGASUS J-3:61:GUATEMALA"
        },
        {
            "EAT": 8640,
            "LDT": 12960,
            "cargo_categories": [
                "Non-hazardous"
            ],
            "delay_cost": 0,
            "group_uuid": "cc68b89f-5671-47cc-92f6-8adbff7182a1",
            "source": "Berth 33",
            "transportation_methods": [
                "Roadway",
                "Sea",
                "Transloading"
            ],
            "shipper": "King Ocean",
            "nTEU": 0,
            "origin": "GUATEMALA",
            "destination": "McIntosh Intersection",
            "name": "29-PEGASUS J-4:86:GUATEMALA"
        },
        {
            "EAT": 8640,
            "LDT": 12960,
            "cargo_categories": [
                "Non-hazardous"
            ],
            "delay_cost": 0,
            "group_uuid": "cc68b89f-5671-47cc-92f6-8adbff7182a1",
            "source": "Berth 33",
            "transportation_methods": [
                "Roadway",
                "Sea",
                "Transloading"
            ],
            "shipper": "King Ocean",
            "nTEU": 1,
            "origin": "COLOMBIA",
            "destination": "McIntosh Intersection",
            "name": "29-PEGASUS J-5:87:COLOMBIA"
        },
        {
            "EAT": 8640,
            "LDT": 12960,
            "cargo_categories": [
                "Non-hazardous"
            ],
            "delay_cost": 0,
            "group_uuid": "cc68b89f-5671-47cc-92f6-8adbff7182a1",
            "source": "Berth 33",
            "transportation_methods": [
                "Roadway",
                "Sea",
                "Transloading"
            ],
            "shipper": "King Ocean",
            "nTEU": 1,
            "origin": "GUATEMALA",
            "destination": "McIntosh Intersection",
            "name": "29-PEGASUS J-6:8:GUATEMALA"
        },
        {
            "EAT": 8640,
            "LDT": 12960,
            "cargo_categories": [
                "Non-hazardous"
            ],
            "delay_cost": 0,
            "group_uuid": "cc68b89f-5671-47cc-92f6-8adbff7182a1",
            "source": "Berth 33",
            "transportation_methods": [
                "Roadway",
                "Sea",
                "Transloading"
            ],
            "shipper": "King Ocean",
            "nTEU": 4,
            "origin": "HAITI",
            "destination": "McIntosh Intersection",
            "name": "29-PEGASUS J-7:62:HAITI"
        },
        {
            "EAT": 8640,
            "LDT": 12960,
            "cargo_categories": [
                "Non-hazardous"
            ],
            "delay_cost": 0,
            "group_uuid": "cc68b89f-5671-47cc-92f6-8adbff7182a1",
            "source": "Berth 33",
            "transportation_methods": [
                "Roadway",
                "Sea",
                "Transloading"
            ],
            "shipper": "Crowley",
            "nTEU": 3,
            "origin": "COLOMBIA",
            "destination": "McIntosh Intersection",
            "name": "29-PEGASUS J-8:59:COLOMBIA"
        },
        {
            "EAT": 8640,
            "LDT": 12960,
            "cargo_categories": [
                "Non-hazardous"
            ],
            "delay_cost": 0,
            "group_uuid": "cc68b89f-5671-47cc-92f6-8adbff7182a1",
            "source": "Berth 33",
            "transportation_methods": [
                "Roadway",
                "Sea",
                "Transloading"
            ],
            "shipper": "King Ocean",
            "nTEU": 1,
            "origin": "BRAZIL",
            "destination": "McIntosh Intersection",
            "name": "29-PEGASUS J-9:19:BRAZIL"
        },
        {
            "EAT": 8640,
            "LDT": 12960,
            "cargo_categories": [
                "Non-hazardous"
            ],
            "delay_cost": 0,
            "group_uuid": "cc68b89f-5671-47cc-92f6-8adbff7182a1",
            "source": "Berth 33",
            "transportation_methods": [
                "Roadway",
                "Sea",
                "Transloading"
            ],
            "shipper": "Crowley",
            "nTEU": 3,
            "origin": "BRAZIL",
            "destination": "McIntosh Intersection",
            "name": "29-PEGASUS J-10:48:BRAZIL"
        },
        {
            "EAT": 8640,
            "LDT": 12960,
            "cargo_categories": [
                "Non-hazardous"
            ],
            "delay_cost": 0,
            "group_uuid": "cc68b89f-5671-47cc-92f6-8adbff7182a1",
            "source": "Berth 33",
            "transportation_methods": [
                "Roadway",
                "Sea",
                "Transloading"
            ],
            "shipper": "King Ocean",
            "nTEU": 1,
            "origin": "COLOMBIA",
            "destination": "McIntosh Intersection",
            "name": "29-PEGASUS J-11:52:COLOMBIA"
        },
        {
            "EAT": 8640,
            "LDT": 12960,
            "cargo_categories": [
                "Non-hazardous"
            ],
            "delay_cost": 0,
            "group_uuid": "cc68b89f-5671-47cc-92f6-8adbff7182a1",
            "source": "Berth 33",
            "transportation_methods": [
                "Roadway",
                "Sea",
                "Transloading"
            ],
            "shipper": "Crowley",
            "nTEU": 31,
            "origin": "HONDURAS",
            "destination": "McIntosh Intersection",
            "name": "29-PEGASUS J-12:7:HONDURAS"
        },
        {
            "EAT": 8640,
            "LDT": 12960,
            "cargo_categories": [
                "Non-hazardous"
            ],
            "delay_cost": 0,
            "group_uuid": "cc68b89f-5671-47cc-92f6-8adbff7182a1",
            "source": "Berth 33",
            "transportation_methods": [
                "Roadway",
                "Sea",
                "Transloading"
            ],
            "shipper": "Crowley",
            "nTEU": 2,
            "origin": "HONDURAS",
            "destination": "McIntosh Intersection",
            "name": "29-PEGASUS J-13:60:HONDURAS"
        },
        {
            "EAT": 8640,
            "LDT": 12960,
            "cargo_categories": [
                "Non-hazardous"
            ],
            "delay_cost": 0,
            "group_uuid": "cc68b89f-5671-47cc-92f6-8adbff7182a1",
            "source": "Berth 33",
            "transportation_methods": [
                "Roadway",
                "Sea",
                "Transloading"
            ],
            "shipper": "King Ocean",
            "nTEU": 2,
            "origin": "COLOMBIA",
            "destination": "McIntosh Intersection",
            "name": "29-PEGASUS J-14:21:COLOMBIA"
        },
        {
            "EAT": 8640,
            "LDT": 12960,
            "cargo_categories": [
                "Non-hazardous"
            ],
            "delay_cost": 0,
            "group_uuid": "cc68b89f-5671-47cc-92f6-8adbff7182a1",
            "source": "Berth 33",
            "transportation_methods": [
                "Roadway",
                "Sea",
                "Transloading"
            ],
            "shipper": "Crowley",
            "nTEU": 2,
            "origin": "COLOMBIA",
            "destination": "McIntosh Intersection",
            "name": "29-PEGASUS J-15:70:COLOMBIA"
        },
        {
            "EAT": 8640,
            "LDT": 12960,
            "cargo_categories": [
                "Non-hazardous"
            ],
            "delay_cost": 0,
            "group_uuid": "cc68b89f-5671-47cc-92f6-8adbff7182a1",
            "source": "Berth 33",
            "transportation_methods": [
                "Roadway",
                "Sea",
                "Transloading"
            ],
            "shipper": "King Ocean",
            "nTEU": 0,
            "origin": "ITALY",
            "destination": "McIntosh Intersection",
            "name": "29-PEGASUS J-16:12:ITALY"
        },
        {
            "EAT": 8640,
            "LDT": 12960,
            "cargo_categories": [
                "Non-hazardous"
            ],
            "delay_cost": 0,
            "group_uuid": "cc68b89f-5671-47cc-92f6-8adbff7182a1",
            "source": "Berth 33",
            "transportation_methods": [
                "Roadway",
                "Sea",
                "Transloading"
            ],
            "shipper": "Crowley",
            "nTEU": 3,
            "origin": "GUATEMALA",
            "destination": "McIntosh Intersection",
            "name": "29-PEGASUS J-17:42:GUATEMALA"
        },
        {
            "EAT": 8640,
            "LDT": 12960,
            "cargo_categories": [
                "Non-hazardous"
            ],
            "delay_cost": 0,
            "group_uuid": "cc68b89f-5671-47cc-92f6-8adbff7182a1",
            "source": "Berth 33",
            "transportation_methods": [
                "Roadway",
                "Sea",
                "Transloading"
            ],
            "shipper": "Crowley",
            "nTEU": 4,
            "origin": "BARBADOS",
            "destination": "McIntosh Intersection",
            "name": "29-PEGASUS J-18:38:BARBADOS"
        },
        {
            "EAT": 8640,
            "LDT": 12960,
            "cargo_categories": [
                "Non-hazardous"
            ],
            "delay_cost": 0,
            "group_uuid": "cc68b89f-5671-47cc-92f6-8adbff7182a1",
            "source": "Berth 33",
            "transportation_methods": [
                "Roadway",
                "Sea",
                "Transloading"
            ],
            "shipper": "King Ocean",
            "nTEU": 1,
            "origin": "COSTA RICA",
            "destination": "McIntosh Intersection",
            "name": "29-PEGASUS J-19:95:COSTA RICA"
        },
        {
            "EAT": 8640,
            "LDT": 12960,
            "cargo_categories": [
                "Non-hazardous"
            ],
            "delay_cost": 0,
            "group_uuid": "cc68b89f-5671-47cc-92f6-8adbff7182a1",
            "source": "Berth 33",
            "transportation_methods": [
                "Roadway",
                "Sea",
                "Transloading"
            ],
            "shipper": "Crowley",
            "nTEU": 47,
            "origin": "HONDURAS",
            "destination": "McIntosh Intersection",
            "name": "29-PEGASUS J-20::HONDURAS"
        },
        {
            "EAT": 8640,
            "LDT": 12960,
            "cargo_categories": [
                "Non-hazardous"
            ],
            "delay_cost": 0,
            "group_uuid": "cc68b89f-5671-47cc-92f6-8adbff7182a1",
            "source": "Berth 33",
            "transportation_methods": [
                "Roadway",
                "Sea",
                "Transloading"
            ],
            "shipper": "Crowley",
            "nTEU": 1,
            "origin": "DOMINICAN REPUBLIC",
            "destination": "McIntosh Intersection",
            "name": "29-PEGASUS J-21:33:DOMINICAN REPUBLIC"
        },
        {
            "EAT": 8640,
            "LDT": 12960,
            "cargo_categories": [
                "Non-hazardous"
            ],
            "delay_cost": 0,
            "group_uuid": "cc68b89f-5671-47cc-92f6-8adbff7182a1",
            "source": "Berth 33",
            "transportation_methods": [
                "Roadway",
                "Sea",
                "Transloading"
            ],
            "shipper": "King Ocean",
            "nTEU": 2,
            "origin": "BAHAMAS",
            "destination": "McIntosh Intersection",
            "name": "29-PEGASUS J-22:72:BAHAMAS"
        },
        {
            "EAT": 8640,
            "LDT": 12960,
            "cargo_categories": [
                "Non-hazardous"
            ],
            "delay_cost": 0,
            "group_uuid": "cc68b89f-5671-47cc-92f6-8adbff7182a1",
            "source": "Berth 33",
            "transportation_methods": [
                "Roadway",
                "Sea",
                "Transloading"
            ],
            "shipper": "Crowley",
            "nTEU": 7,
            "origin": "DOMINICAN REPUBLIC",
            "destination": "McIntosh Intersection",
            "name": "29-PEGASUS J-23:85:DOMINICAN REPUBLIC"
        },
        {
            "EAT": 8640,
            "LDT": 12960,
            "cargo_categories": [
                "Non-hazardous"
            ],
            "delay_cost": 0,
            "group_uuid": "cc68b89f-5671-47cc-92f6-8adbff7182a1",
            "source": "Berth 33",
            "transportation_methods": [
                "Roadway",
                "Sea",
                "Transloading"
            ],
            "shipper": "King Ocean",
            "nTEU": 3,
            "origin": "DOMINICAN REPUBLIC",
            "destination": "McIntosh Intersection",
            "name": "29-PEGASUS J-24:24:DOMINICAN REPUBLIC"
        },
        {
            "EAT": 8640,
            "LDT": 12960,
            "cargo_categories": [
                "Non-hazardous"
            ],
            "delay_cost": 0,
            "group_uuid": "cc68b89f-5671-47cc-92f6-8adbff7182a1",
            "source": "Berth 33",
            "transportation_methods": [
                "Roadway",
                "Sea",
                "Transloading"
            ],
            "shipper": "Crowley",
            "nTEU": 2,
            "origin": "BAHAMAS",
            "destination": "McIntosh Intersection",
            "name": "29-PEGASUS J-25:76:BAHAMAS"
        },
        {
            "EAT": 8640,
            "LDT": 12960,
            "cargo_categories": [
                "Non-hazardous"
            ],
            "delay_cost": 0,
            "group_uuid": "cc68b89f-5671-47cc-92f6-8adbff7182a1",
            "source": "Berth 33",
            "transportation_methods": [
                "Roadway",
                "Sea",
                "Transloading"
            ],
            "shipper": "King Ocean",
            "nTEU": 1,
            "origin": "DOMINICAN REPUBLIC",
            "destination": "McIntosh Intersection",
            "name": "29-PEGASUS J-26:96:DOMINICAN REPUBLIC"
        },
        {
            "EAT": 8640,
            "LDT": 12960,
            "cargo_categories": [
                "Non-hazardous"
            ],
            "delay_cost": 0,
            "group_uuid": "cc68b89f-5671-47cc-92f6-8adbff7182a1",
            "source": "Berth 33",
            "transportation_methods": [
                "Roadway",
                "Sea",
                "Transloading"
            ],
            "shipper": "King Ocean",
            "nTEU": 6,
            "origin": "PANAMA",
            "destination": "McIntosh Intersection",
            "name": "29-PEGASUS J-27:3:PANAMA"
        }
    ]
}