{
    "commodities": [
        {
            "EAT": 20160,
            "LDT": 24480,
            "cargo_categories": [
                "Non-hazardous"
            ],
            "delay_cost": 0,
            "group_uuid": "0cd099e5-2fed-4a32-aa8a-a80a530931d6",
            "source": "Berth 30",
            "transportation_methods": [
                "Roadway",
                "Sea",
                "Transloading"
            ],
            "shipper": "FIT",
            "nTEU": 1,
            "origin": "BELGIUM",
            "destination": "McIntosh Intersection",
            "name": "64-SAINT NIKOLAOS-0:32:BELGIUM"
        },
        {
            "EAT": 20160,
            "LDT": 24480,
            "cargo_categories": [
                "Non-hazardous"
            ],
            "delay_cost": 0,
            "group_uuid": "0cd099e5-2fed-4a32-aa8a-a80a530931d6",
            "source": "Berth 30",
            "transportation_methods": [
                "Roadway",
                "Sea",
                "Transloading"
            ],
            "shipper": "FIT",
            "nTEU": 1,
            "origin": "HONDURAS",
            "destination": "McIntosh Intersection",
            "name": "64-SAINT NIKOLAOS-1::HONDURAS"
        },
        {
            "EAT": 20160,
            "LDT": 24480,
            "cargo_categories": [
                "Non-hazardous"
            ],
            "delay_cost": 0,
            "group_uuid": "0cd099e5-2fed-4a32-aa8a-a80a530931d6",
            "source": "Berth 30",
            "transportation_methods": [
                "Roadway",
                "Sea",
                "Transloading"
            ],
            "shipper": "FIT",
            "nTEU": 2,
            "origin": "PANAMA",
            "destination": "McIntosh Intersection",
            "name": "64-SAINT NIKOLAOS-2:84:PANAMA"
        },
        {
            "EAT": 20160,
            "LDT": 24480,
            "cargo_categories": [
                "Non-hazardous"
            ],
            "delay_cost": 0,
            "group_uuid": "0cd099e5-2fed-4a32-aa8a-a80a530931d6",
            "source": "Berth 30",
            "transportation_methods": [
                "Roadway",
                "Sea",
                "Transloading"
            ],
            "shipper": "FIT",
            "nTEU": 36,
            "origin": "BAHAMAS",
            "destination": "McIntosh Intersection",
            "name": "64-SAINT NIKOLAOS-3:44:BAHAMAS"
        },
        {
            "EAT": 20160,
            "LDT": 24480,
            "cargo_categories": [
                "Non-hazardous"
            ],
            "delay_cost": 0,
            "group_uuid": "0cd099e5-2fed-4a32-aa8a-a80a530931d6",
            "source": "Berth 30",
            "transportation_methods": [
                "Roadway",
                "Sea",
                "Transloading"
            ],
            "shipper": "FIT",
            "nTEU": 2,
            "origin": "PANAMA",
            "destination": "McIntosh Intersection",
            "name": "64-SAINT NIKOLAOS-4:30:PANAMA"
        },
        {
            "EAT": 20160,
            "LDT": 24480,
            "cargo_categories": [
                "Non-hazardous"
            ],
            "delay_cost": 0,
            "group_uuid": "0cd099e5-2fed-4a32-aa8a-a80a530931d6",
            "source": "Berth 30",
            "transportation_methods": [
                "Roadway",
                "Sea",
                "Transloading"
            ],
            "shipper": "FIT",
            "nTEU": 8,
            "origin": "JAMAICA",
            "destination": "McIntosh Intersection",
            "name": "64-SAINT NIKOLAOS-5:3:JAMAICA"
        },
        {
            "EAT": 20160,
            "LDT": 24480,
            "cargo_categories": [
                "Non-hazardous"
            ],
            "delay_cost": 0,
            "group_uuid": "0cd099e5-2fed-4a32-aa8a-a80a530931d6",
            "source": "Berth 30",
            "transportation_methods": [
                "Roadway",
                "Sea",
                "Transloading"
            ],
            "shipper": "FIT",
            "nTEU": 2,
            "origin": "DOMINICAN REPUBLIC",
            "destination": "McIntosh Intersection",
            "name": "64-SAINT NIKOLAOS-6:62:DOMINICAN REPUBLIC"
        },
        {
            "EAT": 20160,
            "LDT": 24480,
            "cargo_categories": [
                "Non-hazardous"
            ],
            "delay_cost": 0,
            "group_uuid": "0cd099e5-2fed-4a32-aa8a-a80a530931d6",
            "source": "Berth 30",
            "transportation_methods": [
                "Roadway",
                "Sea",
                "Transloading"
            ],
            "shipper": "FIT",
            "nTEU": 1,
            "origin": "VIRGIN ISLAND",
            "destination": "McIntosh Intersection",
            "name": "64-SAINT NIKOLAOS-7:87:VIRGIN ISLAND"
        },
        {
            "EAT": 20160,
            "LDT": 24480,
            "cargo_categories": [
                "Non-hazardous"
            ],
            "delay_cost": 0,
            "group_uuid": "0cd099e5-2fed-4a32-aa8a-a80a530931d6",
            "source": "Berth 30",
            "transportation_methods": [
                "Roadway",
                "Sea",
                "Transloading"
            ],
            "shipper": "FIT",
            "nTEU": 2,
            "origin": "GUATEMALA",
            "destination": "McIntosh Intersection",
            "name": "64-SAINT NIKOLAOS-8:8:GUATEMALA"
        },
        {
            "EAT": 20160,
            "LDT": 24480,
            "cargo_categories": [
                "Non-hazardous"
            ],
            "delay_cost": 0,
            "group_uuid": "0cd099e5-2fed-4a32-aa8a-a80a530931d6",
            "source": "Berth 30",
            "transportation_methods": [
                "Roadway",
                "Sea",
                "Transloading"
            ],
            "shipper": "FIT",
            "nTEU": 1,
            "origin": "VIRGIN ISLAND",
            "destination": "McIntosh Intersection",
            "name": "64-SAINT NIKOLAOS-9:22:VIRGIN ISLAND"
        }
    ]
}