{
    "commodities": [
        {
            "EAT": 5565,
            "LDT": 9885,
            "cargo_categories": [
                "Non-hazardous"
            ],
            "delay_cost": 0,
            "group_uuid": "437f8b0d-5d11-4bef-a132-9cf00d4a03c4",
            "source": "Berth 30",
            "transportation_methods": [
                "Roadway",
                "Sea",
                "Transloading"
            ],
            "shipper": "King Ocean",
            "nTEU": 2,
            "origin": "PANAMA",
            "destination": "McIntosh Intersection",
            "name": "19-VEGA LUNA-0:30:PANAMA"
        },
        {
            "EAT": 5565,
            "LDT": 9885,
            "cargo_categories": [
                "Non-hazardous"
            ],
            "delay_cost": 0,
            "group_uuid": "437f8b0d-5d11-4bef-a132-9cf00d4a03c4",
            "source": "Berth 30",
            "transportation_methods": [
                "Roadway",
                "Sea",
                "Transloading"
            ],
            "shipper": "King Ocean",
            "nTEU": 8,
            "origin": "ITALY",
            "destination": "McIntosh Intersection",
            "name": "19-VEGA LUNA-1:20:ITALY"
        },
        {
            "EAT": 5565,
            "LDT": 9885,
            "cargo_categories": [
                "Non-hazardous"
            ],
            "delay_cost": 0,
            "group_uuid": "437f8b0d-5d11-4bef-a132-9cf00d4a03c4",
            "source": "Berth 30",
            "transportation_methods": [
                "Roadway",
                "Sea",
                "Transloading"
            ],
            "shipper": "King Ocean",
            "nTEU": 1,
            "origin": "COLOMBIA",
            "destination": "McIntosh Intersection",
            "name": "19-VEGA LUNA-2:21:COLOMBIA"
        },
        {
            "EAT": 5565,
            "LDT": 9885,
            "cargo_categories": [
                "Non-hazardous"
            ],
            "delay_cost": 0,
            "group_uuid": "437f8b0d-5d11-4bef-a132-9cf00d4a03c4",
            "source": "Berth 30",
            "transportation_methods": [
                "Roadway",
                "Sea",
                "Transloading"
            ],
            "shipper": "King Ocean",
            "nTEU": 4,
            "origin": "HONDURAS",
            "destination": "McIntosh Intersection",
            "name": "19-VEGA LUNA-3:52:HONDURAS"
        },
        {
            "EAT": 5565,
            "LDT": 9885,
            "cargo_categories": [
                "Non-hazardous"
            ],
            "delay_cost": 0,
            "group_uuid": "437f8b0d-5d11-4bef-a132-9cf00d4a03c4",
            "source": "Berth 30",
            "transportation_methods": [
                "Roadway",
                "Sea",
                "Transloading"
            ],
            "shipper": "King Ocean",
            "nTEU": 3,
            "origin": "PERU",
            "destination": "McIntosh Intersection",
            "name": "19-VEGA LUNA-4:7:PERU"
        },
        {
            "EAT": 5565,
            "LDT": 9885,
            "cargo_categories": [
                "Non-hazardous"
            ],
            "delay_cost": 0,
            "group_uuid": "437f8b0d-5d11-4bef-a132-9cf00d4a03c4",
            "source": "Berth 30",
            "transportation_methods": [
                "Roadway",
                "Sea",
                "Transloading"
            ],
            "shipper": "King Ocean",
            "nTEU": 8,
            "origin": "COSTA RICA",
            "destination": "McIntosh Intersection",
            "name": "19-VEGA LUNA-5:19:COSTA RICA"
        },
        {
            "EAT": 5565,
            "LDT": 9885,
            "cargo_categories": [
                "Non-hazardous"
            ],
            "delay_cost": 0,
            "group_uuid": "437f8b0d-5d11-4bef-a132-9cf00d4a03c4",
            "source": "Berth 30",
            "transportation_methods": [
                "Roadway",
                "Sea",
                "Transloading"
            ],
            "shipper": "King Ocean",
            "nTEU": 6,
            "origin": "ECUADOR",
            "destination": "McIntosh Intersection",
            "name": "19-VEGA LUNA-6:44:ECUADOR"
        },
        {
            "EAT": 5565,
            "LDT": 9885,
            "cargo_categories": [
                "Non-hazardous"
            ],
            "delay_cost": 0,
            "group_uuid": "437f8b0d-5d11-4bef-a132-9cf00d4a03c4",
            "source": "Berth 30",
            "transportation_methods": [
                "Roadway",
                "Sea",
                "Transloading"
            ],
            "shipper": "King Ocean",
            "nTEU": 4,
            "origin": "ITALY",
            "destination": "McIntosh Intersection",
            "name": "19-VEGA LUNA-7:22:ITALY"
        },
        {
            "EAT": 5565,
            "LDT": 9885,
            "cargo_categories": [
                "Non-hazardous"
            ],
            "delay_cost": 0,
            "group_uuid": "437f8b0d-5d11-4bef-a132-9cf00d4a03c4",
            "source": "Berth 30",
            "transportation_methods": [
                "Roadway",
                "Sea",
                "Transloading"
            ],
            "shipper": "King Ocean",
            "nTEU": 15,
            "origin": "BAHAMAS",
            "destination": "McIntosh Intersection",
            "name": "19-VEGA LUNA-8:69:BAHAMAS"
        },
        {
            "EAT": 5565,
            "LDT": 9885,
            "cargo_categories": [
                "Non-hazardous"
            ],
            "delay_cost": 0,
            "group_uuid": "437f8b0d-5d11-4bef-a132-9cf00d4a03c4",
            "source": "Berth 30",
            "transportation_methods": [
                "Roadway",
                "Sea",
                "Transloading"
            ],
            "shipper": "King Ocean",
            "nTEU": 9,
            "origin": "BRAZIL",
            "destination": "McIntosh Intersection",
            "name": "19-VEGA LUNA-9:94:BRAZIL"
        },
        {
            "EAT": 5565,
            "LDT": 9885,
            "cargo_categories": [
                "Non-hazardous"
            ],
            "delay_cost": 0,
            "group_uuid": "437f8b0d-5d11-4bef-a132-9cf00d4a03c4",
            "source": "Berth 30",
            "transportation_methods": [
                "Roadway",
                "Sea",
                "Transloading"
            ],
            "shipper": "King Ocean",
            "nTEU": 27,
            "origin": "SPAIN-S",
            "destination": "McIntosh Intersection",
            "name": "19-VEGA LUNA-10:76:SPAIN-S"
        },
        {
            "EAT": 5565,
            "LDT": 9885,
            "cargo_categories": [
                "Non-hazardous"
            ],
            "delay_cost": 0,
            "group_uuid": "437f8b0d-5d11-4bef-a132-9cf00d4a03c4",
            "source": "Berth 30",
            "transportation_methods": [
                "Roadway",
                "Sea",
                "Transloading"
            ],
            "shipper": "King Ocean",
            "nTEU": 14,
            "origin": "SPAIN-S",
            "destination": "McIntosh Intersection",
            "name": "19-VEGA LUNA-11:73:SPAIN-S"
        },
        {
            "EAT": 5565,
            "LDT": 9885,
            "cargo_categories": [
                "Non-hazardous"
            ],
            "delay_cost": 0,
            "group_uuid": "437f8b0d-5d11-4bef-a132-9cf00d4a03c4",
            "source": "Berth 30",
            "transportation_methods": [
                "Roadway",
                "Sea",
                "Transloading"
            ],
            "shipper": "King Ocean",
            "nTEU": 1,
            "origin": "BRAZIL",
            "destination": "McIntosh Intersection",
            "name": "19-VEGA LUNA-12:68:BRAZIL"
        },
        {
            "EAT": 5565,
            "LDT": 9885,
            "cargo_categories": [
                "Non-hazardous"
            ],
            "delay_cost": 0,
            "group_uuid": "437f8b0d-5d11-4bef-a132-9cf00d4a03c4",
            "source": "Berth 30",
            "transportation_methods": [
                "Roadway",
                "Sea",
                "Transloading"
            ],
            "shipper": "King Ocean",
            "nTEU": 17,
            "origin": "ITALY",
            "destination": "McIntosh Intersection",
            "name": "19-VEGA LUNA-13:95:ITALY"
        },
        {
            "EAT": 5565,
            "LDT": 9885,
            "cargo_categories": [
                "Non-hazardous"
            ],
            "delay_cost": 0,
            "group_uuid": "437f8b0d-5d11-4bef-a132-9cf00d4a03c4",
            "source": "Berth 30",
            "transportation_methods": [
                "Roadway",
                "Sea",
                "Transloading"
            ],
            "shipper": "King Ocean",
            "nTEU": 1,
            "origin": "BELGIUM",
            "destination": "McIntosh Intersection",
            "name": "19-VEGA LUNA-14:29:BELGIUM"
        },
        {
            "EAT": 5565,
            "LDT": 9885,
            "cargo_categories": [
                "Non-hazardous"
            ],
            "delay_cost": 0,
            "group_uuid": "437f8b0d-5d11-4bef-a132-9cf00d4a03c4",
            "source": "Berth 30",
            "transportation_methods": [
                "Roadway",
                "Sea",
                "Transloading"
            ],
            "shipper": "King Ocean",
            "nTEU": 0,
            "origin": "TURKS AND CAICOS IS",
            "destination": "McIntosh Intersection",
            "name": "19-VEGA LUNA-15:86:TURKS AND CAICOS IS"
        },
        {
            "EAT": 5565,
            "LDT": 9885,
            "cargo_categories": [
                "Non-hazardous"
            ],
            "delay_cost": 0,
            "group_uuid": "437f8b0d-5d11-4bef-a132-9cf00d4a03c4",
            "source": "Berth 30",
            "transportation_methods": [
                "Roadway",
                "Sea",
                "Transloading"
            ],
            "shipper": "King Ocean",
            "nTEU": 15,
            "origin": "JAMAICA",
            "destination": "McIntosh Intersection",
            "name": "19-VEGA LUNA-16::JAMAICA"
        },
        {
            "EAT": 5565,
            "LDT": 9885,
            "cargo_categories": [
                "Non-hazardous"
            ],
            "delay_cost": 0,
            "group_uuid": "437f8b0d-5d11-4bef-a132-9cf00d4a03c4",
            "source": "Berth 30",
            "transportation_methods": [
                "Roadway",
                "Sea",
                "Transloading"
            ],
            "shipper": "King Ocean",
            "nTEU": 16,
            "origin": "DOMINICAN REPUBLIC",
            "destination": "McIntosh Intersection",
            "name": "19-VEGA LUNA-17:8:DOMINICAN REPUBLIC"
        },
        {
            "EAT": 5565,
            "LDT": 9885,
            "cargo_categories": [
                "Non-hazardous"
            ],
            "delay_cost": 0,
            "group_uuid": "437f8b0d-5d11-4bef-a132-9cf00d4a03c4",
            "source": "Berth 30",
            "transportation_methods": [
                "Roadway",
                "Sea",
                "Transloading"
            ],
            "shipper": "King Ocean",
            "nTEU": 3,
            "origin": "DOMINICAN REPUBLIC",
            "destination": "McIntosh Intersection",
            "name": "19-VEGA LUNA-18:96:DOMINICAN REPUBLIC"
        },
        {
            "EAT": 5565,
            "LDT": 9885,
            "cargo_categories": [
                "Non-hazardous"
            ],
            "delay_cost": 0,
            "group_uuid": "437f8b0d-5d11-4bef-a132-9cf00d4a03c4",
            "source": "Berth 30",
            "transportation_methods": [
                "Roadway",
                "Sea",
                "Transloading"
            ],
            "shipper": "King Ocean",
            "nTEU": 1,
            "origin": "UNITED KINGDOM",
            "destination": "McIntosh Intersection",
            "name": "19-VEGA LUNA-19:32:UNITED KINGDOM"
        },
        {
            "EAT": 5565,
            "LDT": 9885,
            "cargo_categories": [
                "Non-hazardous"
            ],
            "delay_cost": 0,
            "group_uuid": "437f8b0d-5d11-4bef-a132-9cf00d4a03c4",
            "source": "Berth 30",
            "transportation_methods": [
                "Roadway",
                "Sea",
                "Transloading"
            ],
            "shipper": "King Ocean",
            "nTEU": 4,
            "origin": "CHILE",
            "destination": "McIntosh Intersection",
            "name": "19-VEGA LUNA-20:3:CHILE"
        },
        {
            "EAT": 5565,
            "LDT": 9885,
            "cargo_categories": [
                "Non-hazardous"
            ],
            "delay_cost": 0,
            "group_uuid": "437f8b0d-5d11-4bef-a132-9cf00d4a03c4",
            "source": "Berth 30",
            "transportation_methods": [
                "Roadway",
                "Sea",
                "Transloading"
            ],
            "shipper": "King Ocean",
            "nTEU": 44,
            "origin": "COLOMBIA",
            "destination": "McIntosh Intersection",
            "name": "19-VEGA LUNA-21:70:COLOMBIA"
        },
        {
            "EAT": 5565,
            "LDT": 9885,
            "cargo_categories": [
                "Non-hazardous"
            ],
            "delay_cost": 0,
            "group_uuid": "437f8b0d-5d11-4bef-a132-9cf00d4a03c4",
            "source": "Berth 30",
            "transportation_methods": [
                "Roadway",
                "Sea",
                "Transloading"
            ],
            "shipper": "King Ocean",
            "nTEU": 14,
            "origin": "COSTA RICA",
            "destination": "McIntosh Intersection",
            "name": "19-VEGA LUNA-22:39:COSTA RICA"
        },
        {
            "EAT": 5565,
            "LDT": 9885,
            "cargo_categories": [
                "Non-hazardous"
            ],
            "delay_cost": 0,
            "group_uuid": "437f8b0d-5d11-4bef-a132-9cf00d4a03c4",
            "source": "Berth 30",
            "transportation_methods": [
                "Roadway",
                "Sea",
                "Transloading"
            ],
            "shipper": "King Ocean",
            "nTEU": 3,
            "origin": "BRAZIL",
            "destination": "McIntosh Intersection",
            "name": "19-VEGA LUNA-23:84:BRAZIL"
        },
        {
            "EAT": 5565,
            "LDT": 9885,
            "cargo_categories": [
                "Non-hazardous"
            ],
            "delay_cost": 0,
            "group_uuid": "437f8b0d-5d11-4bef-a132-9cf00d4a03c4",
            "source": "Berth 30",
            "transportation_methods": [
                "Roadway",
                "Sea",
                "Transloading"
            ],
            "shipper": "King Ocean",
            "nTEU": 10,
            "origin": "ITALY",
            "destination": "McIntosh Intersection",
            "name": "19-VEGA LUNA-24:87:ITALY"
        },
        {
            "EAT": 5565,
            "LDT": 9885,
            "cargo_categories": [
                "Non-hazardous"
            ],
            "delay_cost": 0,
            "group_uuid": "437f8b0d-5d11-4bef-a132-9cf00d4a03c4",
            "source": "Berth 30",
            "transportation_methods": [
                "Roadway",
                "Sea",
                "Transloading"
            ],
            "shipper": "King Ocean",
            "nTEU": 6,
            "origin": "COLOMBIA",
            "destination": "McIntosh Intersection",
            "name": "19-VEGA LUNA-25:59:COLOMBIA"
        }
    ]
}