{
    "commodities": [
        {
            "EAT": 12960,
            "LDT": 17280,
            "cargo_categories": [
                "Non-hazardous"
            ],
            "delay_cost": 0,
            "group_uuid": "02a26473-12ad-451f-8650-36650df319bf",
            "source": "Berth 33",
            "transportation_methods": [
                "Roadway",
                "Sea",
                "Transloading"
            ],
            "shipper": "King Ocean",
            "nTEU": 4,
            "origin": "COSTA RICA",
            "destination": "McIntosh Intersection",
            "name": "41-WEISSHORN-0:6:COSTA RICA"
        },
        {
            "EAT": 12960,
            "LDT": 17280,
            "cargo_categories": [
                "Non-hazardous"
            ],
            "delay_cost": 0,
            "group_uuid": "02a26473-12ad-451f-8650-36650df319bf",
            "source": "Berth 33",
            "transportation_methods": [
                "Roadway",
                "Sea",
                "Transloading"
            ],
            "shipper": "Crowley",
            "nTEU": 11,
            "origin": "HONDURAS",
            "destination": "McIntosh Intersection",
            "name": "41-WEISSHORN-1:48:HONDURAS"
        },
        {
            "EAT": 12960,
            "LDT": 17280,
            "cargo_categories": [
                "Non-hazardous"
            ],
            "delay_cost": 0,
            "group_uuid": "02a26473-12ad-451f-8650-36650df319bf",
            "source": "Berth 33",
            "transportation_methods": [
                "Roadway",
                "Sea",
                "Transloading"
            ],
            "shipper": "Crowley",
            "nTEU": 0,
            "origin": "GUATEMALA",
            "destination": "McIntosh Intersection",
            "name": "41-WEISSHORN-2:86:GUATEMALA"
        },
        {
            "EAT": 12960,
            "LDT": 17280,
            "cargo_categories": [
                "Non-hazardous"
            ],
            "delay_cost": 0,
            "group_uuid": "02a26473-12ad-451f-8650-36650df319bf",
            "source": "Berth 33",
            "transportation_methods": [
                "Roadway",
                "Sea",
                "Transloading"
            ],
            "shipper": "King Ocean",
            "nTEU": 1,
            "origin": "BARBADOS",
            "destination": "McIntosh Intersection",
            "name": "41-WEISSHORN-3:38:BARBADOS"
        },
        {
            "EAT": 12960,
            "LDT": 17280,
            "cargo_categories": [
                "Non-hazardous"
            ],
            "delay_cost": 0,
            "group_uuid": "02a26473-12ad-451f-8650-36650df319bf",
            "source": "Berth 33",
            "transportation_methods": [
                "Roadway",
                "Sea",
                "Transloading"
            ],
            "shipper": "Crowley",
            "nTEU": 11,
            "origin": "COSTA RICA",
            "destination": "McIntosh Intersection",
            "name": "41-WEISSHORN-4:8:COSTA RICA"
        },
        {
            "EAT": 12960,
            "LDT": 17280,
            "cargo_categories": [
                "Non-hazardous"
            ],
            "delay_cost": 0,
            "group_uuid": "02a26473-12ad-451f-8650-36650df319bf",
            "source": "Berth 33",
            "transportation_methods": [
                "Roadway",
                "Sea",
                "Transloading"
            ],
            "shipper": "King Ocean",
            "nTEU": 1,
            "origin": "BRAZIL",
            "destination": "McIntosh Intersection",
            "name": "41-WEISSHORN-5:9:BRAZIL"
        },
        {
            "EAT": 12960,
            "LDT": 17280,
            "cargo_categories": [
                "Non-hazardous"
            ],
            "delay_cost": 0,
            "group_uuid": "02a26473-12ad-451f-8650-36650df319bf",
            "source": "Berth 33",
            "transportation_methods": [
                "Roadway",
                "Sea",
                "Transloading"
            ],
            "shipper": "Crowley",
            "nTEU": 17,
            "origin": "DOMINICAN REPUBLIC",
            "destination": "McIntosh Intersection",
            "name": "41-WEISSHORN-6:90:DOMINICAN REPUBLIC"
        },
        {
            "EAT": 12960,
            "LDT": 17280,
            "cargo_categories": [
                "Non-hazardous"
            ],
            "delay_cost": 0,
            "group_uuid": "02a26473-12ad-451f-8650-36650df319bf",
            "source": "Berth 33",
            "transportation_methods": [
                "Roadway",
                "Sea",
                "Transloading"
            ],
            "shipper": "Crowley",
            "nTEU": 21,
            "origin": "GERMANY",
            "destination": "McIntosh Intersection",
            "name": "41-WEISSHORN-7:84:GERMANY"
        },
        {
            "EAT": 12960,
            "LDT": 17280,
            "cargo_categories": [
                "Non-hazardous"
            ],
            "delay_cost": 0,
            "group_uuid": "02a26473-12ad-451f-8650-36650df319bf",
            "source": "Berth 33",
            "transportation_methods": [
                "Roadway",
                "Sea",
                "Transloading"
            ],
            "shipper": "King Ocean",
            "nTEU": 2,
            "origin": "HONDURAS",
            "destination": "McIntosh Intersection",
            "name": "41-WEISSHORN-8:3:HONDURAS"
        },
        {
            "EAT": 12960,
            "LDT": 17280,
            "cargo_categories": [
                "Non-hazardous"
            ],
            "delay_cost": 0,
            "group_uuid": "02a26473-12ad-451f-8650-36650df319bf",
            "source": "Berth 33",
            "transportation_methods": [
                "Roadway",
                "Sea",
                "Transloading"
            ],
            "shipper": "King Ocean",
            "nTEU": 2,
            "origin": "NETHERLANDS",
            "destination": "McIntosh Intersection",
            "name": "41-WEISSHORN-9:22:NETHERLANDS"
        },
        {
            "EAT": 12960,
            "LDT": 17280,
            "cargo_categories": [
                "Non-hazardous"
            ],
            "delay_cost": 0,
            "group_uuid": "02a26473-12ad-451f-8650-36650df319bf",
            "source": "Berth 33",
            "transportation_methods": [
                "Roadway",
                "Sea",
                "Transloading"
            ],
            "shipper": "Crowley",
            "nTEU": 10,
            "origin": "GUATEMALA",
            "destination": "McIntosh Intersection",
            "name": "41-WEISSHORN-10:7:GUATEMALA"
        },
        {
            "EAT": 12960,
            "LDT": 17280,
            "cargo_categories": [
                "Non-hazardous"
            ],
            "delay_cost": 0,
            "group_uuid": "02a26473-12ad-451f-8650-36650df319bf",
            "source": "Berth 33",
            "transportation_methods": [
                "Roadway",
                "Sea",
                "Transloading"
            ],
            "shipper": "Crowley",
            "nTEU": 1,
            "origin": "BELGIUM",
            "destination": "McIntosh Intersection",
            "name": "41-WEISSHORN-11:67:BELGIUM"
        },
        {
            "EAT": 12960,
            "LDT": 17280,
            "cargo_categories": [
                "Non-hazardous"
            ],
            "delay_cost": 0,
            "group_uuid": "02a26473-12ad-451f-8650-36650df319bf",
            "source": "Berth 33",
            "transportation_methods": [
                "Roadway",
                "Sea",
                "Transloading"
            ],
            "shipper": "King Ocean",
            "nTEU": 2,
            "origin": "PORTUGAL",
            "destination": "McIntosh Intersection",
            "name": "41-WEISSHORN-12:95:PORTUGAL"
        },
        {
            "EAT": 12960,
            "LDT": 17280,
            "cargo_categories": [
                "Non-hazardous"
            ],
            "delay_cost": 0,
            "group_uuid": "02a26473-12ad-451f-8650-36650df319bf",
            "source": "Berth 33",
            "transportation_methods": [
                "Roadway",
                "Sea",
                "Transloading"
            ],
            "shipper": "Crowley",
            "nTEU": 3,
            "origin": "PANAMA",
            "destination": "McIntosh Intersection",
            "name": "41-WEISSHORN-13:85:PANAMA"
        },
        {
            "EAT": 12960,
            "LDT": 17280,
            "cargo_categories": [
                "Non-hazardous"
            ],
            "delay_cost": 0,
            "group_uuid": "02a26473-12ad-451f-8650-36650df319bf",
            "source": "Berth 33",
            "transportation_methods": [
                "Roadway",
                "Sea",
                "Transloading"
            ],
            "shipper": "Crowley",
            "nTEU": 2,
            "origin": "PANAMA",
            "destination": "McIntosh Intersection",
            "name": "41-WEISSHORN-14:15:PANAMA"
        },
        {
            "EAT": 12960,
            "LDT": 17280,
            "cargo_categories": [
                "Non-hazardous"
            ],
            "delay_cost": 0,
            "group_uuid": "02a26473-12ad-451f-8650-36650df319bf",
            "source": "Berth 33",
            "transportation_methods": [
                "Roadway",
                "Sea",
                "Transloading"
            ],
            "shipper": "King Ocean",
            "nTEU": 2,
            "origin": "COLOMBIA",
            "destination": "McIntosh Intersection",
            "name": "41-WEISSHORN-15:76:COLOMBIA"
        },
        {
            "EAT": 12960,
            "LDT": 17280,
            "cargo_categories": [
                "Non-hazardous"
            ],
            "delay_cost": 0,
            "group_uuid": "02a26473-12ad-451f-8650-36650df319bf",
            "source": "Berth 33",
            "transportation_methods": [
                "Roadway",
                "Sea",
                "Transloading"
            ],
            "shipper": "Crowley",
            "nTEU": 2,
            "origin": "GERMANY",
            "destination": "McIntosh Intersection",
            "name": "41-WEISSHORN-16:44:GERMANY"
        },
        {
            "EAT": 12960,
            "LDT": 17280,
            "cargo_categories": [
                "Non-hazardous"
            ],
            "delay_cost": 0,
            "group_uuid": "02a26473-12ad-451f-8650-36650df319bf",
            "source": "Berth 33",
            "transportation_methods": [
                "Roadway",
                "Sea",
                "Transloading"
            ],
            "shipper": "Crowley",
            "nTEU": 1,
            "origin": "HONDURAS",
            "destination": "McIntosh Intersection",
            "name": "41-WEISSHORN-17:62:HONDURAS"
        },
        {
            "EAT": 12960,
            "LDT": 17280,
            "cargo_categories": [
                "Non-hazardous"
            ],
            "delay_cost": 0,
            "group_uuid": "02a26473-12ad-451f-8650-36650df319bf",
            "source": "Berth 33",
            "transportation_methods": [
                "Roadway",
                "Sea",
                "Transloading"
            ],
            "shipper": "King Ocean",
            "nTEU": 1,
            "origin": "VENEZUELA",
            "destination": "McIntosh Intersection",
            "name": "41-WEISSHORN-18:34:VENEZUELA"
        },
        {
            "EAT": 12960,
            "LDT": 17280,
            "cargo_categories": [
                "Non-hazardous"
            ],
            "delay_cost": 0,
            "group_uuid": "02a26473-12ad-451f-8650-36650df319bf",
            "source": "Berth 33",
            "transportation_methods": [
                "Roadway",
                "Sea",
                "Transloading"
            ],
            "shipper": "Crowley",
            "nTEU": 10,
            "origin": "GUATEMALA",
            "destination": "McIntosh Intersection",
            "name": "41-WEISSHORN-19:21:GUATEMALA"
        },
        {
            "EAT": 12960,
            "LDT": 17280,
            "cargo_categories": [
                "Non-hazardous"
            ],
            "delay_cost": 0,
            "group_uuid": "02a26473-12ad-451f-8650-36650df319bf",
            "source": "Berth 33",
            "transportation_methods": [
                "Roadway",
                "Sea",
                "Transloading"
            ],
            "shipper": "King Ocean",
            "nTEU": 7,
            "origin": "HONDURAS",
            "destination": "McIntosh Intersection",
            "name": "41-WEISSHORN-20::HONDURAS"
        },
        {
            "EAT": 12960,
            "LDT": 17280,
            "cargo_categories": [
                "Non-hazardous"
            ],
            "delay_cost": 0,
            "group_uuid": "02a26473-12ad-451f-8650-36650df319bf",
            "source": "Berth 33",
            "transportation_methods": [
                "Roadway",
                "Sea",
                "Transloading"
            ],
            "shipper": "Crowley",
            "nTEU": 1,
            "origin": "BRAZIL",
            "destination": "McIntosh Intersection",
            "name": "41-WEISSHORN-21:42:BRAZIL"
        },
        {
            "EAT": 12960,
            "LDT": 17280,
            "cargo_categories": [
                "Non-hazardous"
            ],
            "delay_cost": 0,
            "group_uuid": "02a26473-12ad-451f-8650-36650df319bf",
            "source": "Berth 33",
            "transportation_methods": [
                "Roadway",
                "Sea",
                "Transloading"
            ],
            "shipper": "King Ocean",
            "nTEU": 10,
            "origin": "COSTA RICA",
            "destination": "McIntosh Intersection",
            "name": "41-WEISSHORN-22:39:COSTA RICA"
        },
        {
            "EAT": 12960,
            "LDT": 17280,
            "cargo_categories": [
                "Non-hazardous"
            ],
            "delay_cost": 0,
            "group_uuid": "02a26473-12ad-451f-8650-36650df319bf",
            "source": "Berth 33",
            "transportation_methods": [
                "Roadway",
                "Sea",
                "Transloading"
            ],
            "shipper": "King Ocean",
            "nTEU": 1,
            "origin": "DOMINICAN REPUBLIC",
            "destination": "McIntosh Intersection",
            "name": "41-WEISSHORN-23:30:DOMINICAN REPUBLIC"
        },
        {
            "EAT": 12960,
            "LDT": 17280,
            "cargo_categories": [
                "Non-hazardous"
            ],
            "delay_cost": 0,
            "group_uuid": "02a26473-12ad-451f-8650-36650df319bf",
            "source": "Berth 33",
            "transportation_methods": [
                "Roadway",
                "Sea",
                "Transloading"
            ],
            "shipper": "King Ocean",
            "nTEU": 2,
            "origin": "GUATEMALA",
            "destination": "McIntosh Intersection",
            "name": "41-WEISSHORN-24:20:GUATEMALA"
        },
        {
            "EAT": 12960,
            "LDT": 17280,
            "cargo_categories": [
                "Non-hazardous"
            ],
            "delay_cost": 0,
            "group_uuid": "02a26473-12ad-451f-8650-36650df319bf",
            "source": "Berth 33",
            "transportation_methods": [
                "Roadway",
                "Sea",
                "Transloading"
            ],
            "shipper": "Crowley",
            "nTEU": 3,
            "origin": "UNITED KINGDOM",
            "destination": "McIntosh Intersection",
            "name": "41-WEISSHORN-25:94:UNITED KINGDOM"
        },
        {
            "EAT": 12960,
            "LDT": 17280,
            "cargo_categories": [
                "Non-hazardous"
            ],
            "delay_cost": 0,
            "group_uuid": "02a26473-12ad-451f-8650-36650df319bf",
            "source": "Berth 33",
            "transportation_methods": [
                "Roadway",
                "Sea",
                "Transloading"
            ],
            "shipper": "Crowley",
            "nTEU": 8,
            "origin": "PERU",
            "destination": "McIntosh Intersection",
            "name": "41-WEISSHORN-26:40:PERU"
        }
    ]
}