{
    "shipments": [
        {
            "arrival_node": "PEV",
            "departure_node": "PEV",
            "destination_node": "Berth 33",
            "shipment_file": "shipments/K-BREEZE-2018-04-30 23:00:00-04:00-2018-05-01 00:00:00-04:00.filtered.json",
            "shipment_uuid": "47af3f9f-4aa8-4f85-82c1-101bed3f4299",
            "shipper": "Crowley",
            "time": 0
        },
        {
            "arrival_node": "PEV",
            "departure_node": "PEV",
            "destination_node": "Berth 32",
            "shipment_file": "shipments/MSC MAUREEN-2018-05-01 00:00:00-04:00-2018-05-01 00:00:00-04:00.filtered.json",
            "shipment_uuid": "4174f684-e2fd-4365-85d7-35e26f3c771f",
            "shipper": "MSC",
            "time": 0
        },
        {
            "arrival_node": "PEV",
            "departure_node": "PEV",
            "destination_node": "Berth 33",
            "shipment_file": "shipments/K-STORM-2018-05-01 00:00:00-04:00-2018-05-01 00:00:00-04:00.filtered.json",
            "shipment_uuid": "f4a5caaa-7040-4946-84db-8c4657294b83",
            "shipper": "Crowley",
            "time": 0
        },
        {
            "arrival_node": "PEV",
            "departure_node": "PEV",
            "destination_node": "Berth 30",
            "shipment_file": "shipments/AGENA-2018-05-01 00:00:00-04:00-2018-05-01 00:00:00-04:00.filtered.json",
            "shipment_uuid": "8f31d0d2-e13e-4178-b0a5-8ac1df370844",
            "shipper": "King Ocean",
            "time": 0
        },
        {
            "arrival_node": "PEV",
            "departure_node": "PEV",
            "destination_node": "Berth 30",
            "shipment_file": "shipments/ROTHORN-2018-05-01 00:00:00-04:00-2018-05-01 00:00:00-04:00.filtered.json",
            "shipment_uuid": "2116d500-a7ca-479e-8eae-cd2aaeac9a13",
            "shipper": "King Ocean",
            "time": 0
        },
        {
            "arrival_node": "PEV",
            "departure_node": "PEV",
            "destination_node": "Berth 32",
            "shipment_file": "shipments/AS FIORELLA-2018-05-01 20:25:00-04:00-2018-05-03 00:00:00-04:00.filtered.json",
            "shipment_uuid": "dbf4373d-25f8-43f8-9a94-a69041918cf5",
            "shipper": "Crowley",
            "time": 1225
        },
        {
            "arrival_node": "PEV",
            "departure_node": "PEV",
            "destination_node": "Berth 33",
            "shipment_file": "shipments/DENEB J-2018-05-02 00:00:00-04:00-2018-05-02 00:00:00-04:00.filtered.json",
            "shipment_uuid": "1c990723-86b3-47e1-9e8a-9ac371638bc2",
            "shipper": "Crowley",
            "time": 1440
        },
        {
            "arrival_node": "PEV",
            "departure_node": "PEV",
            "destination_node": "Berth 33",
            "shipment_file": "shipments/CAPE MAIL-2018-05-02 00:00:00-04:00-2018-05-02 00:00:00-04:00.filtered.json",
            "shipment_uuid": "145b9a24-c17d-4c6c-9971-aa4d0b10f58f",
            "shipper": "FIT",
            "time": 1440
        },
        {
            "arrival_node": "PEV",
            "departure_node": "PEV",
            "destination_node": "Berth 32",
            "shipment_file": "shipments/VEGA SACHSEN-2018-05-02 00:00:00-04:00-2018-05-02 00:00:00-04:00.filtered.json",
            "shipment_uuid": "34145659-b58a-4528-946a-8d5da667791e",
            "shipper": "Crowley",
            "time": 1440
        },
        {
            "arrival_node": "PEV",
            "departure_node": "PEV",
            "destination_node": "Berth 33",
            "shipment_file": "shipments/FLORIDA EXPRESS-2018-05-01 00:00:00-04:00-2018-05-02 22:05:00-04:00.filtered.json",
            "shipment_uuid": "c70e0c9f-0d1f-4cc5-ae19-b25f4e13843e",
            "shipper": "FIT",
            "time": 0
        },
        {
            "arrival_node": "PEV",
            "departure_node": "PEV",
            "destination_node": "Berth 30",
            "shipment_file": "shipments/VEGA LUNA-2018-05-03 00:00:00-04:00-2018-05-03 00:00:00-04:00.filtered.json",
            "shipment_uuid": "8ee804a7-5a0d-459a-aa00-f4223633aa8d",
            "shipper": "King Ocean",
            "time": 2880
        },
        {
            "arrival_node": "PEV",
            "departure_node": "PEV",
            "destination_node": "Berth 31",
            "shipment_file": "shipments/CAP ANDREAS-2018-05-03 00:00:00-04:00-2018-05-03 00:00:00-04:00.filtered.json",
            "shipment_uuid": "90710285-bfc6-4b1b-b3fd-667784ea3ba1",
            "shipper": "FIT",
            "time": 2880
        },
        {
            "arrival_node": "PEV",
            "departure_node": "PEV",
            "destination_node": "Berth 31",
            "shipment_file": "shipments/CHARLOTTE-2018-05-03 20:45:00-04:00-2018-05-04 00:00:00-04:00.filtered.json",
            "shipment_uuid": "4ba76fc8-a352-48fd-bfc4-3e4519fceb8e",
            "shipper": "King Ocean",
            "time": 4125
        },
        {
            "arrival_node": "PEV",
            "departure_node": "PEV",
            "destination_node": "Berth 30",
            "shipment_file": "shipments/CHIQUITA EXPRESS-2018-05-04 00:00:00-04:00-2018-05-04 00:00:00-04:00.filtered.json",
            "shipment_uuid": "08a1088c-91ae-4eba-aba9-2a08cb317e5f",
            "shipper": "FIT",
            "time": 4320
        },
        {
            "arrival_node": "PEV",
            "departure_node": "PEV",
            "destination_node": "Berth 32",
            "shipment_file": "shipments/PEGASUS J-2018-05-04 00:00:00-04:00-2018-05-04 00:00:00-04:00.filtered.json",
            "shipment_uuid": "5e549409-f279-46c6-b9a3-13b5dd7dff48",
            "shipper": "Crowley",
            "time": 4320
        },
        {
            "arrival_node": "PEV",
            "departure_node": "PEV",
            "destination_node": "Berth 32",
            "shipment_file": "shipments/REGULA-2018-05-04 00:00:00-04:00-2018-05-04 00:00:00-04:00.filtered.json",
            "shipment_uuid": "aeab04ce-341c-4afe-b0fb-99f5cec75e38",
            "shipper": "Crowley",
            "time": 4320
        },
        {
            "arrival_node": "PEV",
            "departure_node": "PEV",
            "destination_node": "Berth 30",
            "shipment_file": "shipments/MAERSK WEYMOUTH-2018-05-04 19:10:00-04:00-2018-05-05 00:00:00-04:00.filtered.json",
            "shipment_uuid": "4c9e124e-a0d1-4de6-90ef-664bf49f8526",
            "shipper": "FIT",
            "time": 5470
        },
        {
            "arrival_node": "PEV",
            "departure_node": "PEV",
            "destination_node": "Berth 31",
            "shipment_file": "shipments/MSC VITTORIA-2018-05-04 22:30:00-04:00-2018-05-05 00:00:00-04:00.filtered.json",
            "shipment_uuid": "2c1afab3-d20d-409a-95f6-70693eec5481",
            "shipper": "MSC",
            "time": 5670
        },
        {
            "arrival_node": "PEV",
            "departure_node": "PEV",
            "destination_node": "Berth 33",
            "shipment_file": "shipments/K-BREEZE-2018-05-05 00:00:00-04:00-2018-05-05 00:00:00-04:00.filtered.json",
            "shipment_uuid": "5a141e58-22d7-42f2-b65b-8e19d425bebc",
            "shipper": "Crowley",
            "time": 5760
        },
        {
            "arrival_node": "PEV",
            "departure_node": "PEV",
            "destination_node": "Berth 32",
            "shipment_file": "shipments/ALLEGRO-2018-05-05 00:00:00-04:00-2018-05-05 00:00:00-04:00.filtered.json",
            "shipment_uuid": "43548580-5122-4f01-a3bd-04b59f4b932d",
            "shipper": "MSC",
            "time": 5760
        },
        {
            "arrival_node": "PEV",
            "departure_node": "PEV",
            "destination_node": "Berth 33",
            "shipment_file": "shipments/PARADERO-2018-05-05 23:05:00-04:00-2018-05-06 00:00:00-04:00.filtered.json",
            "shipment_uuid": "5e462a82-2d24-4800-8c8a-2f6e53eadffb",
            "shipper": "Crowley",
            "time": 7145
        },
        {
            "arrival_node": "PEV",
            "departure_node": "PEV",
            "destination_node": "Berth 32",
            "shipment_file": "shipments/MAERSK IDAHO-2018-05-06 00:00:00-04:00-2018-05-06 00:00:00-04:00.filtered.json",
            "shipment_uuid": "5733d7ce-aa3b-444a-9715-727287418057",
            "shipper": "FIT",
            "time": 7200
        },
        {
            "arrival_node": "PEV",
            "departure_node": "PEV",
            "destination_node": "Berth 33",
            "shipment_file": "shipments/TUCANA J-2018-05-06 00:00:00-04:00-2018-05-06 00:00:00-04:00.filtered.json",
            "shipment_uuid": "638b777e-395d-4ea9-82dd-6e75149dc132",
            "shipper": "Crowley",
            "time": 7200
        },
        {
            "arrival_node": "PEV",
            "departure_node": "PEV",
            "destination_node": "Berth 32",
            "shipment_file": "shipments/JACOB-2018-05-06 00:00:00-04:00-2018-05-06 00:00:00-04:00.filtered.json",
            "shipment_uuid": "199c8633-691e-413a-8d39-bf4c782f4426",
            "shipper": "MSC",
            "time": 7200
        },
        {
            "arrival_node": "PEV",
            "departure_node": "PEV",
            "destination_node": "Berth 33",
            "shipment_file": "shipments/VEGA SACHSEN-2018-05-07 00:00:00-04:00-2018-05-07 00:00:00-04:00.filtered.json",
            "shipment_uuid": "911eb04d-5345-4f2f-9e04-00726fddac5f",
            "shipper": "Crowley",
            "time": 8640
        },
        {
            "arrival_node": "PEV",
            "departure_node": "PEV",
            "destination_node": "Berth 30",
            "shipment_file": "shipments/JPO CAPRICORNUS-2018-05-07 00:00:00-04:00-2018-05-07 00:00:00-04:00.filtered.json",
            "shipment_uuid": "0ce111b9-8acb-49d0-9b86-f2df9f1ae396",
            "shipper": "FIT",
            "time": 8640
        },
        {
            "arrival_node": "PEV",
            "departure_node": "PEV",
            "destination_node": "Berth 32",
            "shipment_file": "shipments/MSC KRYSTAL-2018-05-07 00:00:00-04:00-2018-05-07 00:00:00-04:00.filtered.json",
            "shipment_uuid": "35cdfc9a-4ba2-4556-abfb-0bbe7fc52e6f",
            "shipper": "MSC",
            "time": 8640
        },
        {
            "arrival_node": "PEV",
            "departure_node": "PEV",
            "destination_node": "Berth 32",
            "shipment_file": "shipments/ALLEGRO-2018-05-07 00:00:00-04:00-2018-05-07 00:00:00-04:00.filtered.json",
            "shipment_uuid": "d86d8d3d-f623-4c42-93cf-e6ca25a93fca",
            "shipper": "MSC",
            "time": 8640
        },
        {
            "arrival_node": "PEV",
            "departure_node": "PEV",
            "destination_node": "Berth 33",
            "shipment_file": "shipments/K-STORM-2018-05-07 21:50:00-04:00-2018-05-08 00:00:00-04:00.filtered.json",
            "shipment_uuid": "90b788c4-76db-480f-9c0b-50591c70d6cc",
            "shipper": "Crowley",
            "time": 9950
        },
        {
            "arrival_node": "PEV",
            "departure_node": "PEV",
            "destination_node": "Berth 30",
            "shipment_file": "shipments/CAP ROCA-2018-05-08 00:00:00-04:00-2018-05-08 00:00:00-04:00.filtered.json",
            "shipment_uuid": "5b6909b1-7bdd-4e93-9f24-b71c86be8381",
            "shipper": "FIT",
            "time": 10080
        },
        {
            "arrival_node": "PEV",
            "departure_node": "PEV",
            "destination_node": "Berth 31",
            "shipment_file": "shipments/AGENA-2018-05-08 00:00:00-04:00-2018-05-08 00:00:00-04:00.filtered.json",
            "shipment_uuid": "a866d360-7b53-49ff-a58a-01f29c27a620",
            "shipper": "King Ocean",
            "time": 10080
        }
    ],
    "disruptions": [],
    "network": "../networks/transportation.gnsi",
    "start_time": "2018-05-01 00:00:00-0400",
    "workday_end": "08:00",
    "workday_start": "17:00"
}