{
    "commodities": [
        {
            "EAT": 8640,
            "LDT": 11520,
            "cargo_categories": [
                "Non-hazardous"
            ],
            "delay_cost": 0,
            "group_uuid": "8f7a0e1f-c5c3-423e-bce4-039164ae1df8",
            "source": "Berth 32",
            "transportation_methods": [
                "Roadway",
                "Sea",
                "Transloading"
            ],
            "shipper": "MSC",
            "nTEU": 15,
            "origin": "CHILE",
            "destination": "McIntosh Intersection",
            "name": "31-HAMMONIA PALATIUM-0:20:CHILE"
        },
        {
            "EAT": 8640,
            "LDT": 11520,
            "cargo_categories": [
                "Non-hazardous"
            ],
            "delay_cost": 0,
            "group_uuid": "8f7a0e1f-c5c3-423e-bce4-039164ae1df8",
            "source": "Berth 32",
            "transportation_methods": [
                "Roadway",
                "Sea",
                "Transloading"
            ],
            "shipper": "MSC",
            "nTEU": 1,
            "origin": "BELGIUM",
            "destination": "McIntosh Intersection",
            "name": "31-HAMMONIA PALATIUM-1:68:BELGIUM"
        },
        {
            "EAT": 8640,
            "LDT": 11520,
            "cargo_categories": [
                "Non-hazardous"
            ],
            "delay_cost": 0,
            "group_uuid": "8f7a0e1f-c5c3-423e-bce4-039164ae1df8",
            "source": "Berth 32",
            "transportation_methods": [
                "Roadway",
                "Sea",
                "Transloading"
            ],
            "shipper": "MSC",
            "nTEU": 10,
            "origin": "COLOMBIA",
            "destination": "McIntosh Intersection",
            "name": "31-HAMMONIA PALATIUM-2:3:COLOMBIA"
        },
        {
            "EAT": 8640,
            "LDT": 11520,
            "cargo_categories": [
                "Non-hazardous"
            ],
            "delay_cost": 0,
            "group_uuid": "8f7a0e1f-c5c3-423e-bce4-039164ae1df8",
            "source": "Berth 32",
            "transportation_methods": [
                "Roadway",
                "Sea",
                "Transloading"
            ],
            "shipper": "MSC",
            "nTEU": 58,
            "origin": "HONDURAS",
            "destination": "McIntosh Intersection",
            "name": "31-HAMMONIA PALATIUM-3:44:HONDURAS"
        },
        {
            "EAT": 8640,
            "LDT": 11520,
            "cargo_categories": [
                "Non-hazardous"
            ],
            "delay_cost": 0,
            "group_uuid": "8f7a0e1f-c5c3-423e-bce4-039164ae1df8",
            "source": "Berth 32",
            "transportation_methods": [
                "Roadway",
                "Sea",
                "Transloading"
            ],
            "shipper": "MSC",
            "nTEU": 1,
            "origin": "CAYMAN ISLANDS",
            "destination": "McIntosh Intersection",
            "name": "31-HAMMONIA PALATIUM-4:72:CAYMAN ISLANDS"
        },
        {
            "EAT": 8640,
            "LDT": 11520,
            "cargo_categories": [
                "Non-hazardous"
            ],
            "delay_cost": 0,
            "group_uuid": "8f7a0e1f-c5c3-423e-bce4-039164ae1df8",
            "source": "Berth 32",
            "transportation_methods": [
                "Roadway",
                "Sea",
                "Transloading"
            ],
            "shipper": "MSC",
            "nTEU": 6,
            "origin": "HONDURAS",
            "destination": "McIntosh Intersection",
            "name": "31-HAMMONIA PALATIUM-5:8:HONDURAS"
        },
        {
            "EAT": 8640,
            "LDT": 11520,
            "cargo_categories": [
                "Non-hazardous"
            ],
            "delay_cost": 0,
            "group_uuid": "8f7a0e1f-c5c3-423e-bce4-039164ae1df8",
            "source": "Berth 32",
            "transportation_methods": [
                "Roadway",
                "Sea",
                "Transloading"
            ],
            "shipper": "MSC",
            "nTEU": 1,
            "origin": "SPAIN-S",
            "destination": "McIntosh Intersection",
            "name": "31-HAMMONIA PALATIUM-6:10:SPAIN-S"
        },
        {
            "EAT": 8640,
            "LDT": 11520,
            "cargo_categories": [
                "Non-hazardous"
            ],
            "delay_cost": 0,
            "group_uuid": "8f7a0e1f-c5c3-423e-bce4-039164ae1df8",
            "source": "Berth 32",
            "transportation_methods": [
                "Roadway",
                "Sea",
                "Transloading"
            ],
            "shipper": "MSC",
            "nTEU": 2,
            "origin": "PERU",
            "destination": "McIntosh Intersection",
            "name": "31-HAMMONIA PALATIUM-7:4:PERU"
        },
        {
            "EAT": 8640,
            "LDT": 11520,
            "cargo_categories": [
                "Non-hazardous"
            ],
            "delay_cost": 0,
            "group_uuid": "8f7a0e1f-c5c3-423e-bce4-039164ae1df8",
            "source": "Berth 32",
            "transportation_methods": [
                "Roadway",
                "Sea",
                "Transloading"
            ],
            "shipper": "MSC",
            "nTEU": 13,
            "origin": "PORTUGAL",
            "destination": "McIntosh Intersection",
            "name": "31-HAMMONIA PALATIUM-8:22:PORTUGAL"
        },
        {
            "EAT": 8640,
            "LDT": 11520,
            "cargo_categories": [
                "Non-hazardous"
            ],
            "delay_cost": 0,
            "group_uuid": "8f7a0e1f-c5c3-423e-bce4-039164ae1df8",
            "source": "Berth 32",
            "transportation_methods": [
                "Roadway",
                "Sea",
                "Transloading"
            ],
            "shipper": "MSC",
            "nTEU": 1,
            "origin": "SPAIN-S",
            "destination": "McIntosh Intersection",
            "name": "31-HAMMONIA PALATIUM-9:15:SPAIN-S"
        },
        {
            "EAT": 8640,
            "LDT": 11520,
            "cargo_categories": [
                "Non-hazardous"
            ],
            "delay_cost": 0,
            "group_uuid": "8f7a0e1f-c5c3-423e-bce4-039164ae1df8",
            "source": "Berth 32",
            "transportation_methods": [
                "Roadway",
                "Sea",
                "Transloading"
            ],
            "shipper": "MSC",
            "nTEU": 2,
            "origin": "PORTUGAL",
            "destination": "McIntosh Intersection",
            "name": "31-HAMMONIA PALATIUM-10:19:PORTUGAL"
        },
        {
            "EAT": 8640,
            "LDT": 11520,
            "cargo_categories": [
                "Non-hazardous"
            ],
            "delay_cost": 0,
            "group_uuid": "8f7a0e1f-c5c3-423e-bce4-039164ae1df8",
            "source": "Berth 32",
            "transportation_methods": [
                "Roadway",
                "Sea",
                "Transloading"
            ],
            "shipper": "MSC",
            "nTEU": 2,
            "origin": "DOMINICAN REPUBLIC",
            "destination": "McIntosh Intersection",
            "name": "31-HAMMONIA PALATIUM-11:64:DOMINICAN REPUBLIC"
        },
        {
            "EAT": 8640,
            "LDT": 11520,
            "cargo_categories": [
                "Non-hazardous"
            ],
            "delay_cost": 0,
            "group_uuid": "8f7a0e1f-c5c3-423e-bce4-039164ae1df8",
            "source": "Berth 32",
            "transportation_methods": [
                "Roadway",
                "Sea",
                "Transloading"
            ],
            "shipper": "MSC",
            "nTEU": 3,
            "origin": "NICARAGUA",
            "destination": "McIntosh Intersection",
            "name": "31-HAMMONIA PALATIUM-12::NICARAGUA"
        }
    ]
}