{
    "commodities": [
        {
            "EAT": 4320,
            "LDT": 7200,
            "cargo_categories": [
                "Non-hazardous"
            ],
            "delay_cost": 0,
            "group_uuid": "42bff64e-1f33-4f01-9de5-22951272897c",
            "source": "Berth 33",
            "transportation_methods": [
                "Roadway",
                "Sea",
                "Transloading"
            ],
            "shipper": "Crowley",
            "nTEU": 11,
            "origin": "ITALY",
            "destination": "McIntosh Intersection",
            "name": "16-K-BREEZE-0:85:ITALY"
        },
        {
            "EAT": 4320,
            "LDT": 7200,
            "cargo_categories": [
                "Non-hazardous"
            ],
            "delay_cost": 0,
            "group_uuid": "42bff64e-1f33-4f01-9de5-22951272897c",
            "source": "Berth 33",
            "transportation_methods": [
                "Roadway",
                "Sea",
                "Transloading"
            ],
            "shipper": "Crowley",
            "nTEU": 2,
            "origin": "GUATEMALA",
            "destination": "McIntosh Intersection",
            "name": "16-K-BREEZE-1:86:GUATEMALA"
        },
        {
            "EAT": 4320,
            "LDT": 7200,
            "cargo_categories": [
                "Non-hazardous"
            ],
            "delay_cost": 0,
            "group_uuid": "42bff64e-1f33-4f01-9de5-22951272897c",
            "source": "Berth 33",
            "transportation_methods": [
                "Roadway",
                "Sea",
                "Transloading"
            ],
            "shipper": "FIT",
            "nTEU": 3,
            "origin": "ITALY",
            "destination": "McIntosh Intersection",
            "name": "16-K-BREEZE-2:87:ITALY"
        },
        {
            "EAT": 4320,
            "LDT": 7200,
            "cargo_categories": [
                "Non-hazardous"
            ],
            "delay_cost": 0,
            "group_uuid": "42bff64e-1f33-4f01-9de5-22951272897c",
            "source": "Berth 33",
            "transportation_methods": [
                "Roadway",
                "Sea",
                "Transloading"
            ],
            "shipper": "FIT",
            "nTEU": 22,
            "origin": "GERMANY",
            "destination": "McIntosh Intersection",
            "name": "16-K-BREEZE-3::GERMANY"
        },
        {
            "EAT": 4320,
            "LDT": 7200,
            "cargo_categories": [
                "Non-hazardous"
            ],
            "delay_cost": 0,
            "group_uuid": "42bff64e-1f33-4f01-9de5-22951272897c",
            "source": "Berth 33",
            "transportation_methods": [
                "Roadway",
                "Sea",
                "Transloading"
            ],
            "shipper": "FIT",
            "nTEU": 9,
            "origin": "SPAIN-S",
            "destination": "McIntosh Intersection",
            "name": "16-K-BREEZE-4:25:SPAIN-S"
        },
        {
            "EAT": 4320,
            "LDT": 7200,
            "cargo_categories": [
                "Non-hazardous"
            ],
            "delay_cost": 0,
            "group_uuid": "42bff64e-1f33-4f01-9de5-22951272897c",
            "source": "Berth 33",
            "transportation_methods": [
                "Roadway",
                "Sea",
                "Transloading"
            ],
            "shipper": "FIT",
            "nTEU": 14,
            "origin": "DOMINICAN REPUBLIC",
            "destination": "McIntosh Intersection",
            "name": "16-K-BREEZE-5:83:DOMINICAN REPUBLIC"
        },
        {
            "EAT": 4320,
            "LDT": 7200,
            "cargo_categories": [
                "Non-hazardous"
            ],
            "delay_cost": 0,
            "group_uuid": "42bff64e-1f33-4f01-9de5-22951272897c",
            "source": "Berth 33",
            "transportation_methods": [
                "Roadway",
                "Sea",
                "Transloading"
            ],
            "shipper": "Crowley",
            "nTEU": 6,
            "origin": "COLOMBIA",
            "destination": "McIntosh Intersection",
            "name": "16-K-BREEZE-6:6:COLOMBIA"
        },
        {
            "EAT": 4320,
            "LDT": 7200,
            "cargo_categories": [
                "Non-hazardous"
            ],
            "delay_cost": 0,
            "group_uuid": "42bff64e-1f33-4f01-9de5-22951272897c",
            "source": "Berth 33",
            "transportation_methods": [
                "Roadway",
                "Sea",
                "Transloading"
            ],
            "shipper": "FIT",
            "nTEU": 2,
            "origin": "BAHAMAS",
            "destination": "McIntosh Intersection",
            "name": "16-K-BREEZE-7:46:BAHAMAS"
        },
        {
            "EAT": 4320,
            "LDT": 7200,
            "cargo_categories": [
                "Non-hazardous"
            ],
            "delay_cost": 0,
            "group_uuid": "42bff64e-1f33-4f01-9de5-22951272897c",
            "source": "Berth 33",
            "transportation_methods": [
                "Roadway",
                "Sea",
                "Transloading"
            ],
            "shipper": "FIT",
            "nTEU": 32,
            "origin": "COSTA RICA",
            "destination": "McIntosh Intersection",
            "name": "16-K-BREEZE-8:90:COSTA RICA"
        },
        {
            "EAT": 4320,
            "LDT": 7200,
            "cargo_categories": [
                "Non-hazardous"
            ],
            "delay_cost": 0,
            "group_uuid": "42bff64e-1f33-4f01-9de5-22951272897c",
            "source": "Berth 33",
            "transportation_methods": [
                "Roadway",
                "Sea",
                "Transloading"
            ],
            "shipper": "Crowley",
            "nTEU": 1,
            "origin": "GUATEMALA",
            "destination": "McIntosh Intersection",
            "name": "16-K-BREEZE-9:19:GUATEMALA"
        },
        {
            "EAT": 4320,
            "LDT": 7200,
            "cargo_categories": [
                "Non-hazardous"
            ],
            "delay_cost": 0,
            "group_uuid": "42bff64e-1f33-4f01-9de5-22951272897c",
            "source": "Berth 33",
            "transportation_methods": [
                "Roadway",
                "Sea",
                "Transloading"
            ],
            "shipper": "FIT",
            "nTEU": 4,
            "origin": "DOMINICAN REPUBLIC",
            "destination": "McIntosh Intersection",
            "name": "16-K-BREEZE-10:64:DOMINICAN REPUBLIC"
        },
        {
            "EAT": 4320,
            "LDT": 7200,
            "cargo_categories": [
                "Non-hazardous"
            ],
            "delay_cost": 0,
            "group_uuid": "42bff64e-1f33-4f01-9de5-22951272897c",
            "source": "Berth 33",
            "transportation_methods": [
                "Roadway",
                "Sea",
                "Transloading"
            ],
            "shipper": "Crowley",
            "nTEU": 14,
            "origin": "DOMINICAN REPUBLIC",
            "destination": "McIntosh Intersection",
            "name": "16-K-BREEZE-11:24:DOMINICAN REPUBLIC"
        },
        {
            "EAT": 4320,
            "LDT": 7200,
            "cargo_categories": [
                "Non-hazardous"
            ],
            "delay_cost": 0,
            "group_uuid": "42bff64e-1f33-4f01-9de5-22951272897c",
            "source": "Berth 33",
            "transportation_methods": [
                "Roadway",
                "Sea",
                "Transloading"
            ],
            "shipper": "FIT",
            "nTEU": 2,
            "origin": "ECUADOR",
            "destination": "McIntosh Intersection",
            "name": "16-K-BREEZE-12:21:ECUADOR"
        },
        {
            "EAT": 4320,
            "LDT": 7200,
            "cargo_categories": [
                "Non-hazardous"
            ],
            "delay_cost": 0,
            "group_uuid": "42bff64e-1f33-4f01-9de5-22951272897c",
            "source": "Berth 33",
            "transportation_methods": [
                "Roadway",
                "Sea",
                "Transloading"
            ],
            "shipper": "FIT",
            "nTEU": 2,
            "origin": "SPAIN-S",
            "destination": "McIntosh Intersection",
            "name": "16-K-BREEZE-13:69:SPAIN-S"
        },
        {
            "EAT": 4320,
            "LDT": 7200,
            "cargo_categories": [
                "Non-hazardous"
            ],
            "delay_cost": 0,
            "group_uuid": "42bff64e-1f33-4f01-9de5-22951272897c",
            "source": "Berth 33",
            "transportation_methods": [
                "Roadway",
                "Sea",
                "Transloading"
            ],
            "shipper": "Crowley",
            "nTEU": 1,
            "origin": "PANAMA",
            "destination": "McIntosh Intersection",
            "name": "16-K-BREEZE-14:84:PANAMA"
        },
        {
            "EAT": 4320,
            "LDT": 7200,
            "cargo_categories": [
                "Non-hazardous"
            ],
            "delay_cost": 0,
            "group_uuid": "42bff64e-1f33-4f01-9de5-22951272897c",
            "source": "Berth 33",
            "transportation_methods": [
                "Roadway",
                "Sea",
                "Transloading"
            ],
            "shipper": "FIT",
            "nTEU": 7,
            "origin": "HONDURAS",
            "destination": "McIntosh Intersection",
            "name": "16-K-BREEZE-15:8:HONDURAS"
        },
        {
            "EAT": 4320,
            "LDT": 7200,
            "cargo_categories": [
                "Non-hazardous"
            ],
            "delay_cost": 0,
            "group_uuid": "42bff64e-1f33-4f01-9de5-22951272897c",
            "source": "Berth 33",
            "transportation_methods": [
                "Roadway",
                "Sea",
                "Transloading"
            ],
            "shipper": "FIT",
            "nTEU": 7,
            "origin": "ITALY",
            "destination": "McIntosh Intersection",
            "name": "16-K-BREEZE-16:95:ITALY"
        },
        {
            "EAT": 4320,
            "LDT": 7200,
            "cargo_categories": [
                "Non-hazardous"
            ],
            "delay_cost": 0,
            "group_uuid": "42bff64e-1f33-4f01-9de5-22951272897c",
            "source": "Berth 33",
            "transportation_methods": [
                "Roadway",
                "Sea",
                "Transloading"
            ],
            "shipper": "FIT",
            "nTEU": 39,
            "origin": "GUATEMALA",
            "destination": "McIntosh Intersection",
            "name": "16-K-BREEZE-17:39:GUATEMALA"
        },
        {
            "EAT": 4320,
            "LDT": 7200,
            "cargo_categories": [
                "Non-hazardous"
            ],
            "delay_cost": 0,
            "group_uuid": "42bff64e-1f33-4f01-9de5-22951272897c",
            "source": "Berth 33",
            "transportation_methods": [
                "Roadway",
                "Sea",
                "Transloading"
            ],
            "shipper": "Crowley",
            "nTEU": 34,
            "origin": "HONDURAS",
            "destination": "McIntosh Intersection",
            "name": "16-K-BREEZE-18:52:HONDURAS"
        },
        {
            "EAT": 4320,
            "LDT": 7200,
            "cargo_categories": [
                "Non-hazardous"
            ],
            "delay_cost": 0,
            "group_uuid": "42bff64e-1f33-4f01-9de5-22951272897c",
            "source": "Berth 33",
            "transportation_methods": [
                "Roadway",
                "Sea",
                "Transloading"
            ],
            "shipper": "Crowley",
            "nTEU": 9,
            "origin": "COSTA RICA",
            "destination": "McIntosh Intersection",
            "name": "16-K-BREEZE-19:7:COSTA RICA"
        },
        {
            "EAT": 4320,
            "LDT": 7200,
            "cargo_categories": [
                "Non-hazardous"
            ],
            "delay_cost": 0,
            "group_uuid": "42bff64e-1f33-4f01-9de5-22951272897c",
            "source": "Berth 33",
            "transportation_methods": [
                "Roadway",
                "Sea",
                "Transloading"
            ],
            "shipper": "Crowley",
            "nTEU": 2,
            "origin": "ITALY",
            "destination": "McIntosh Intersection",
            "name": "16-K-BREEZE-20:22:ITALY"
        },
        {
            "EAT": 4320,
            "LDT": 7200,
            "cargo_categories": [
                "Non-hazardous"
            ],
            "delay_cost": 0,
            "group_uuid": "42bff64e-1f33-4f01-9de5-22951272897c",
            "source": "Berth 33",
            "transportation_methods": [
                "Roadway",
                "Sea",
                "Transloading"
            ],
            "shipper": "FIT",
            "nTEU": 4,
            "origin": "PANAMA",
            "destination": "McIntosh Intersection",
            "name": "16-K-BREEZE-21:44:PANAMA"
        },
        {
            "EAT": 4320,
            "LDT": 7200,
            "cargo_categories": [
                "Non-hazardous"
            ],
            "delay_cost": 0,
            "group_uuid": "42bff64e-1f33-4f01-9de5-22951272897c",
            "source": "Berth 33",
            "transportation_methods": [
                "Roadway",
                "Sea",
                "Transloading"
            ],
            "shipper": "Crowley",
            "nTEU": 1,
            "origin": "GERMANY",
            "destination": "McIntosh Intersection",
            "name": "16-K-BREEZE-22:73:GERMANY"
        },
        {
            "EAT": 4320,
            "LDT": 7200,
            "cargo_categories": [
                "Non-hazardous"
            ],
            "delay_cost": 0,
            "group_uuid": "42bff64e-1f33-4f01-9de5-22951272897c",
            "source": "Berth 33",
            "transportation_methods": [
                "Roadway",
                "Sea",
                "Transloading"
            ],
            "shipper": "FIT",
            "nTEU": 2,
            "origin": "GUATEMALA",
            "destination": "McIntosh Intersection",
            "name": "16-K-BREEZE-23:20:GUATEMALA"
        },
        {
            "EAT": 4320,
            "LDT": 7200,
            "cargo_categories": [
                "Non-hazardous"
            ],
            "delay_cost": 0,
            "group_uuid": "42bff64e-1f33-4f01-9de5-22951272897c",
            "source": "Berth 33",
            "transportation_methods": [
                "Roadway",
                "Sea",
                "Transloading"
            ],
            "shipper": "FIT",
            "nTEU": 7,
            "origin": "HONDURAS",
            "destination": "McIntosh Intersection",
            "name": "16-K-BREEZE-24:48:HONDURAS"
        },
        {
            "EAT": 4320,
            "LDT": 7200,
            "cargo_categories": [
                "Non-hazardous"
            ],
            "delay_cost": 0,
            "group_uuid": "42bff64e-1f33-4f01-9de5-22951272897c",
            "source": "Berth 33",
            "transportation_methods": [
                "Roadway",
                "Sea",
                "Transloading"
            ],
            "shipper": "FIT",
            "nTEU": 12,
            "origin": "HAITI",
            "destination": "McIntosh Intersection",
            "name": "16-K-BREEZE-25:62:HAITI"
        },
        {
            "EAT": 4320,
            "LDT": 7200,
            "cargo_categories": [
                "Non-hazardous"
            ],
            "delay_cost": 0,
            "group_uuid": "42bff64e-1f33-4f01-9de5-22951272897c",
            "source": "Berth 33",
            "transportation_methods": [
                "Roadway",
                "Sea",
                "Transloading"
            ],
            "shipper": "FIT",
            "nTEU": 2,
            "origin": "GUATEMALA",
            "destination": "McIntosh Intersection",
            "name": "16-K-BREEZE-26:63:GUATEMALA"
        },
        {
            "EAT": 4320,
            "LDT": 7200,
            "cargo_categories": [
                "Non-hazardous"
            ],
            "delay_cost": 0,
            "group_uuid": "42bff64e-1f33-4f01-9de5-22951272897c",
            "source": "Berth 33",
            "transportation_methods": [
                "Roadway",
                "Sea",
                "Transloading"
            ],
            "shipper": "Crowley",
            "nTEU": 1,
            "origin": "GUATEMALA",
            "destination": "McIntosh Intersection",
            "name": "16-K-BREEZE-27:65:GUATEMALA"
        },
        {
            "EAT": 4320,
            "LDT": 7200,
            "cargo_categories": [
                "Non-hazardous"
            ],
            "delay_cost": 0,
            "group_uuid": "42bff64e-1f33-4f01-9de5-22951272897c",
            "source": "Berth 33",
            "transportation_methods": [
                "Roadway",
                "Sea",
                "Transloading"
            ],
            "shipper": "Crowley",
            "nTEU": 6,
            "origin": "BELGIUM",
            "destination": "McIntosh Intersection",
            "name": "16-K-BREEZE-28:28:BELGIUM"
        },
        {
            "EAT": 4320,
            "LDT": 7200,
            "cargo_categories": [
                "Non-hazardous"
            ],
            "delay_cost": 0,
            "group_uuid": "42bff64e-1f33-4f01-9de5-22951272897c",
            "source": "Berth 33",
            "transportation_methods": [
                "Roadway",
                "Sea",
                "Transloading"
            ],
            "shipper": "FIT",
            "nTEU": 2,
            "origin": "COLOMBIA",
            "destination": "McIntosh Intersection",
            "name": "16-K-BREEZE-29:42:COLOMBIA"
        }
    ]
}