{
    "commodities": [
        {
            "EAT": 5760,
            "LDT": 8640,
            "cargo_categories": [
                "Non-hazardous"
            ],
            "delay_cost": 0,
            "group_uuid": "9be4f3cd-7158-4c5b-ba06-6fd1ddaf436a",
            "source": "Berth 30",
            "transportation_methods": [
                "Roadway",
                "Sea",
                "Transloading"
            ],
            "shipper": "FIT",
            "nTEU": 1,
            "origin": "ITALY",
            "destination": "McIntosh Intersection",
            "name": "21-MONTE ROSA-0:88:ITALY"
        },
        {
            "EAT": 5760,
            "LDT": 8640,
            "cargo_categories": [
                "Non-hazardous"
            ],
            "delay_cost": 0,
            "group_uuid": "9be4f3cd-7158-4c5b-ba06-6fd1ddaf436a",
            "source": "Berth 30",
            "transportation_methods": [
                "Roadway",
                "Sea",
                "Transloading"
            ],
            "shipper": "FIT",
            "nTEU": 2,
            "origin": "ITALY",
            "destination": "McIntosh Intersection",
            "name": "21-MONTE ROSA-1:94:ITALY"
        },
        {
            "EAT": 5760,
            "LDT": 8640,
            "cargo_categories": [
                "Non-hazardous"
            ],
            "delay_cost": 0,
            "group_uuid": "9be4f3cd-7158-4c5b-ba06-6fd1ddaf436a",
            "source": "Berth 30",
            "transportation_methods": [
                "Roadway",
                "Sea",
                "Transloading"
            ],
            "shipper": "FIT",
            "nTEU": 1,
            "origin": "GUATEMALA",
            "destination": "McIntosh Intersection",
            "name": "21-MONTE ROSA-2:8:GUATEMALA"
        },
        {
            "EAT": 5760,
            "LDT": 8640,
            "cargo_categories": [
                "Non-hazardous"
            ],
            "delay_cost": 0,
            "group_uuid": "9be4f3cd-7158-4c5b-ba06-6fd1ddaf436a",
            "source": "Berth 30",
            "transportation_methods": [
                "Roadway",
                "Sea",
                "Transloading"
            ],
            "shipper": "FIT",
            "nTEU": 1,
            "origin": "COLOMBIA",
            "destination": "McIntosh Intersection",
            "name": "21-MONTE ROSA-3:19:COLOMBIA"
        },
        {
            "EAT": 5760,
            "LDT": 8640,
            "cargo_categories": [
                "Non-hazardous"
            ],
            "delay_cost": 0,
            "group_uuid": "9be4f3cd-7158-4c5b-ba06-6fd1ddaf436a",
            "source": "Berth 30",
            "transportation_methods": [
                "Roadway",
                "Sea",
                "Transloading"
            ],
            "shipper": "FIT",
            "nTEU": 1,
            "origin": "BAHAMAS",
            "destination": "McIntosh Intersection",
            "name": "21-MONTE ROSA-4:32:BAHAMAS"
        },
        {
            "EAT": 5760,
            "LDT": 8640,
            "cargo_categories": [
                "Non-hazardous"
            ],
            "delay_cost": 0,
            "group_uuid": "9be4f3cd-7158-4c5b-ba06-6fd1ddaf436a",
            "source": "Berth 30",
            "transportation_methods": [
                "Roadway",
                "Sea",
                "Transloading"
            ],
            "shipper": "FIT",
            "nTEU": 24,
            "origin": "BRAZIL",
            "destination": "McIntosh Intersection",
            "name": "21-MONTE ROSA-5:48:BRAZIL"
        },
        {
            "EAT": 5760,
            "LDT": 8640,
            "cargo_categories": [
                "Non-hazardous"
            ],
            "delay_cost": 0,
            "group_uuid": "9be4f3cd-7158-4c5b-ba06-6fd1ddaf436a",
            "source": "Berth 30",
            "transportation_methods": [
                "Roadway",
                "Sea",
                "Transloading"
            ],
            "shipper": "FIT",
            "nTEU": 2,
            "origin": "BELIZE",
            "destination": "McIntosh Intersection",
            "name": "21-MONTE ROSA-6:3:BELIZE"
        },
        {
            "EAT": 5760,
            "LDT": 8640,
            "cargo_categories": [
                "Non-hazardous"
            ],
            "delay_cost": 0,
            "group_uuid": "9be4f3cd-7158-4c5b-ba06-6fd1ddaf436a",
            "source": "Berth 30",
            "transportation_methods": [
                "Roadway",
                "Sea",
                "Transloading"
            ],
            "shipper": "FIT",
            "nTEU": 1,
            "origin": "ECUADOR",
            "destination": "McIntosh Intersection",
            "name": "21-MONTE ROSA-7:20:ECUADOR"
        },
        {
            "EAT": 5760,
            "LDT": 8640,
            "cargo_categories": [
                "Non-hazardous"
            ],
            "delay_cost": 0,
            "group_uuid": "9be4f3cd-7158-4c5b-ba06-6fd1ddaf436a",
            "source": "Berth 30",
            "transportation_methods": [
                "Roadway",
                "Sea",
                "Transloading"
            ],
            "shipper": "FIT",
            "nTEU": 2,
            "origin": "DOMINICAN REPUBLIC",
            "destination": "McIntosh Intersection",
            "name": "21-MONTE ROSA-8:21:DOMINICAN REPUBLIC"
        },
        {
            "EAT": 5760,
            "LDT": 8640,
            "cargo_categories": [
                "Non-hazardous"
            ],
            "delay_cost": 0,
            "group_uuid": "9be4f3cd-7158-4c5b-ba06-6fd1ddaf436a",
            "source": "Berth 30",
            "transportation_methods": [
                "Roadway",
                "Sea",
                "Transloading"
            ],
            "shipper": "FIT",
            "nTEU": 3,
            "origin": "DOMINICAN REPUBLIC",
            "destination": "McIntosh Intersection",
            "name": "21-MONTE ROSA-9:85:DOMINICAN REPUBLIC"
        },
        {
            "EAT": 5760,
            "LDT": 8640,
            "cargo_categories": [
                "Non-hazardous"
            ],
            "delay_cost": 0,
            "group_uuid": "9be4f3cd-7158-4c5b-ba06-6fd1ddaf436a",
            "source": "Berth 30",
            "transportation_methods": [
                "Roadway",
                "Sea",
                "Transloading"
            ],
            "shipper": "FIT",
            "nTEU": 1,
            "origin": "PANAMA",
            "destination": "McIntosh Intersection",
            "name": "21-MONTE ROSA-10:4:PANAMA"
        },
        {
            "EAT": 5760,
            "LDT": 8640,
            "cargo_categories": [
                "Non-hazardous"
            ],
            "delay_cost": 0,
            "group_uuid": "9be4f3cd-7158-4c5b-ba06-6fd1ddaf436a",
            "source": "Berth 30",
            "transportation_methods": [
                "Roadway",
                "Sea",
                "Transloading"
            ],
            "shipper": "FIT",
            "nTEU": 2,
            "origin": "COSTA RICA",
            "destination": "McIntosh Intersection",
            "name": "21-MONTE ROSA-11:39:COSTA RICA"
        },
        {
            "EAT": 5760,
            "LDT": 8640,
            "cargo_categories": [
                "Non-hazardous"
            ],
            "delay_cost": 0,
            "group_uuid": "9be4f3cd-7158-4c5b-ba06-6fd1ddaf436a",
            "source": "Berth 30",
            "transportation_methods": [
                "Roadway",
                "Sea",
                "Transloading"
            ],
            "shipper": "FIT",
            "nTEU": 5,
            "origin": "COLOMBIA",
            "destination": "McIntosh Intersection",
            "name": "21-MONTE ROSA-12:84:COLOMBIA"
        },
        {
            "EAT": 5760,
            "LDT": 8640,
            "cargo_categories": [
                "Non-hazardous"
            ],
            "delay_cost": 0,
            "group_uuid": "9be4f3cd-7158-4c5b-ba06-6fd1ddaf436a",
            "source": "Berth 30",
            "transportation_methods": [
                "Roadway",
                "Sea",
                "Transloading"
            ],
            "shipper": "FIT",
            "nTEU": 1,
            "origin": "ITALY",
            "destination": "McIntosh Intersection",
            "name": "21-MONTE ROSA-13:87:ITALY"
        },
        {
            "EAT": 5760,
            "LDT": 8640,
            "cargo_categories": [
                "Non-hazardous"
            ],
            "delay_cost": 0,
            "group_uuid": "9be4f3cd-7158-4c5b-ba06-6fd1ddaf436a",
            "source": "Berth 30",
            "transportation_methods": [
                "Roadway",
                "Sea",
                "Transloading"
            ],
            "shipper": "FIT",
            "nTEU": 2,
            "origin": "HONDURAS",
            "destination": "McIntosh Intersection",
            "name": "21-MONTE ROSA-14::HONDURAS"
        },
        {
            "EAT": 5760,
            "LDT": 8640,
            "cargo_categories": [
                "Non-hazardous"
            ],
            "delay_cost": 0,
            "group_uuid": "9be4f3cd-7158-4c5b-ba06-6fd1ddaf436a",
            "source": "Berth 30",
            "transportation_methods": [
                "Roadway",
                "Sea",
                "Transloading"
            ],
            "shipper": "FIT",
            "nTEU": 2,
            "origin": "SPAIN-S",
            "destination": "McIntosh Intersection",
            "name": "21-MONTE ROSA-15:25:SPAIN-S"
        },
        {
            "EAT": 5760,
            "LDT": 8640,
            "cargo_categories": [
                "Non-hazardous"
            ],
            "delay_cost": 0,
            "group_uuid": "9be4f3cd-7158-4c5b-ba06-6fd1ddaf436a",
            "source": "Berth 30",
            "transportation_methods": [
                "Roadway",
                "Sea",
                "Transloading"
            ],
            "shipper": "FIT",
            "nTEU": 12,
            "origin": "PERU",
            "destination": "McIntosh Intersection",
            "name": "21-MONTE ROSA-16:69:PERU"
        },
        {
            "EAT": 5760,
            "LDT": 8640,
            "cargo_categories": [
                "Non-hazardous"
            ],
            "delay_cost": 0,
            "group_uuid": "9be4f3cd-7158-4c5b-ba06-6fd1ddaf436a",
            "source": "Berth 30",
            "transportation_methods": [
                "Roadway",
                "Sea",
                "Transloading"
            ],
            "shipper": "FIT",
            "nTEU": 5,
            "origin": "HONDURAS",
            "destination": "McIntosh Intersection",
            "name": "21-MONTE ROSA-17:9:HONDURAS"
        },
        {
            "EAT": 5760,
            "LDT": 8640,
            "cargo_categories": [
                "Non-hazardous"
            ],
            "delay_cost": 0,
            "group_uuid": "9be4f3cd-7158-4c5b-ba06-6fd1ddaf436a",
            "source": "Berth 30",
            "transportation_methods": [
                "Roadway",
                "Sea",
                "Transloading"
            ],
            "shipper": "FIT",
            "nTEU": 2,
            "origin": "ITALY",
            "destination": "McIntosh Intersection",
            "name": "21-MONTE ROSA-18:11:ITALY"
        },
        {
            "EAT": 5760,
            "LDT": 8640,
            "cargo_categories": [
                "Non-hazardous"
            ],
            "delay_cost": 0,
            "group_uuid": "9be4f3cd-7158-4c5b-ba06-6fd1ddaf436a",
            "source": "Berth 30",
            "transportation_methods": [
                "Roadway",
                "Sea",
                "Transloading"
            ],
            "shipper": "FIT",
            "nTEU": 1,
            "origin": "NETHERLANDS ANTILLES",
            "destination": "McIntosh Intersection",
            "name": "21-MONTE ROSA-19:12:NETHERLANDS ANTILLES"
        },
        {
            "EAT": 5760,
            "LDT": 8640,
            "cargo_categories": [
                "Non-hazardous"
            ],
            "delay_cost": 0,
            "group_uuid": "9be4f3cd-7158-4c5b-ba06-6fd1ddaf436a",
            "source": "Berth 30",
            "transportation_methods": [
                "Roadway",
                "Sea",
                "Transloading"
            ],
            "shipper": "FIT",
            "nTEU": 1,
            "origin": "PERU",
            "destination": "McIntosh Intersection",
            "name": "21-MONTE ROSA-20:17:PERU"
        },
        {
            "EAT": 5760,
            "LDT": 8640,
            "cargo_categories": [
                "Non-hazardous"
            ],
            "delay_cost": 0,
            "group_uuid": "9be4f3cd-7158-4c5b-ba06-6fd1ddaf436a",
            "source": "Berth 30",
            "transportation_methods": [
                "Roadway",
                "Sea",
                "Transloading"
            ],
            "shipper": "FIT",
            "nTEU": 1,
            "origin": "BELIZE",
            "destination": "McIntosh Intersection",
            "name": "21-MONTE ROSA-21:33:BELIZE"
        },
        {
            "EAT": 5760,
            "LDT": 8640,
            "cargo_categories": [
                "Non-hazardous"
            ],
            "delay_cost": 0,
            "group_uuid": "9be4f3cd-7158-4c5b-ba06-6fd1ddaf436a",
            "source": "Berth 30",
            "transportation_methods": [
                "Roadway",
                "Sea",
                "Transloading"
            ],
            "shipper": "FIT",
            "nTEU": 4,
            "origin": "COLOMBIA",
            "destination": "McIntosh Intersection",
            "name": "21-MONTE ROSA-22:38:COLOMBIA"
        },
        {
            "EAT": 5760,
            "LDT": 8640,
            "cargo_categories": [
                "Non-hazardous"
            ],
            "delay_cost": 0,
            "group_uuid": "9be4f3cd-7158-4c5b-ba06-6fd1ddaf436a",
            "source": "Berth 30",
            "transportation_methods": [
                "Roadway",
                "Sea",
                "Transloading"
            ],
            "shipper": "FIT",
            "nTEU": 1,
            "origin": "ITALY",
            "destination": "McIntosh Intersection",
            "name": "21-MONTE ROSA-23:27:ITALY"
        },
        {
            "EAT": 5760,
            "LDT": 8640,
            "cargo_categories": [
                "Non-hazardous"
            ],
            "delay_cost": 0,
            "group_uuid": "9be4f3cd-7158-4c5b-ba06-6fd1ddaf436a",
            "source": "Berth 30",
            "transportation_methods": [
                "Roadway",
                "Sea",
                "Transloading"
            ],
            "shipper": "FIT",
            "nTEU": 38,
            "origin": "PANAMA",
            "destination": "McIntosh Intersection",
            "name": "21-MONTE ROSA-24:44:PANAMA"
        },
        {
            "EAT": 5760,
            "LDT": 8640,
            "cargo_categories": [
                "Non-hazardous"
            ],
            "delay_cost": 0,
            "group_uuid": "9be4f3cd-7158-4c5b-ba06-6fd1ddaf436a",
            "source": "Berth 30",
            "transportation_methods": [
                "Roadway",
                "Sea",
                "Transloading"
            ],
            "shipper": "FIT",
            "nTEU": 2,
            "origin": "SPAIN-S",
            "destination": "McIntosh Intersection",
            "name": "21-MONTE ROSA-25:34:SPAIN-S"
        },
        {
            "EAT": 5760,
            "LDT": 8640,
            "cargo_categories": [
                "Non-hazardous"
            ],
            "delay_cost": 0,
            "group_uuid": "9be4f3cd-7158-4c5b-ba06-6fd1ddaf436a",
            "source": "Berth 30",
            "transportation_methods": [
                "Roadway",
                "Sea",
                "Transloading"
            ],
            "shipper": "FIT",
            "nTEU": 1,
            "origin": "COLOMBIA",
            "destination": "McIntosh Intersection",
            "name": "21-MONTE ROSA-26:68:COLOMBIA"
        }
    ]
}