{
    "commodities": [
        {
            "EAT": 2880,
            "LDT": 5760,
            "cargo_categories": [
                "Non-hazardous"
            ],
            "delay_cost": 0,
            "group_uuid": "89c7d5d3-6d8e-4ca5-a5ae-b0e5cb09f8f4",
            "source": "Berth 33",
            "transportation_methods": [
                "Roadway",
                "Sea",
                "Transloading"
            ],
            "shipper": "King Ocean",
            "nTEU": 2,
            "origin": "PORTUGAL",
            "destination": "McIntosh Intersection",
            "name": "11-ROTHORN-0:12:PORTUGAL"
        },
        {
            "EAT": 2880,
            "LDT": 5760,
            "cargo_categories": [
                "Non-hazardous"
            ],
            "delay_cost": 0,
            "group_uuid": "89c7d5d3-6d8e-4ca5-a5ae-b0e5cb09f8f4",
            "source": "Berth 33",
            "transportation_methods": [
                "Roadway",
                "Sea",
                "Transloading"
            ],
            "shipper": "King Ocean",
            "nTEU": 2,
            "origin": "COLOMBIA",
            "destination": "McIntosh Intersection",
            "name": "11-ROTHORN-1:76:COLOMBIA"
        },
        {
            "EAT": 2880,
            "LDT": 5760,
            "cargo_categories": [
                "Non-hazardous"
            ],
            "delay_cost": 0,
            "group_uuid": "89c7d5d3-6d8e-4ca5-a5ae-b0e5cb09f8f4",
            "source": "Berth 33",
            "transportation_methods": [
                "Roadway",
                "Sea",
                "Transloading"
            ],
            "shipper": "King Ocean",
            "nTEU": 13,
            "origin": "HONDURAS",
            "destination": "McIntosh Intersection",
            "name": "11-ROTHORN-2::HONDURAS"
        },
        {
            "EAT": 2880,
            "LDT": 5760,
            "cargo_categories": [
                "Non-hazardous"
            ],
            "delay_cost": 0,
            "group_uuid": "89c7d5d3-6d8e-4ca5-a5ae-b0e5cb09f8f4",
            "source": "Berth 33",
            "transportation_methods": [
                "Roadway",
                "Sea",
                "Transloading"
            ],
            "shipper": "King Ocean",
            "nTEU": 6,
            "origin": "BELGIUM",
            "destination": "McIntosh Intersection",
            "name": "11-ROTHORN-3:7:BELGIUM"
        },
        {
            "EAT": 2880,
            "LDT": 5760,
            "cargo_categories": [
                "Non-hazardous"
            ],
            "delay_cost": 0,
            "group_uuid": "89c7d5d3-6d8e-4ca5-a5ae-b0e5cb09f8f4",
            "source": "Berth 33",
            "transportation_methods": [
                "Roadway",
                "Sea",
                "Transloading"
            ],
            "shipper": "Crowley",
            "nTEU": 6,
            "origin": "BRAZIL",
            "destination": "McIntosh Intersection",
            "name": "11-ROTHORN-4:44:BRAZIL"
        },
        {
            "EAT": 2880,
            "LDT": 5760,
            "cargo_categories": [
                "Non-hazardous"
            ],
            "delay_cost": 0,
            "group_uuid": "89c7d5d3-6d8e-4ca5-a5ae-b0e5cb09f8f4",
            "source": "Berth 33",
            "transportation_methods": [
                "Roadway",
                "Sea",
                "Transloading"
            ],
            "shipper": "King Ocean",
            "nTEU": 2,
            "origin": "ITALY",
            "destination": "McIntosh Intersection",
            "name": "11-ROTHORN-5:22:ITALY"
        },
        {
            "EAT": 2880,
            "LDT": 5760,
            "cargo_categories": [
                "Non-hazardous"
            ],
            "delay_cost": 0,
            "group_uuid": "89c7d5d3-6d8e-4ca5-a5ae-b0e5cb09f8f4",
            "source": "Berth 33",
            "transportation_methods": [
                "Roadway",
                "Sea",
                "Transloading"
            ],
            "shipper": "Crowley",
            "nTEU": 8,
            "origin": "PERU",
            "destination": "McIntosh Intersection",
            "name": "11-ROTHORN-6:40:PERU"
        },
        {
            "EAT": 2880,
            "LDT": 5760,
            "cargo_categories": [
                "Non-hazardous"
            ],
            "delay_cost": 0,
            "group_uuid": "89c7d5d3-6d8e-4ca5-a5ae-b0e5cb09f8f4",
            "source": "Berth 33",
            "transportation_methods": [
                "Roadway",
                "Sea",
                "Transloading"
            ],
            "shipper": "King Ocean",
            "nTEU": 4,
            "origin": "BRAZIL",
            "destination": "McIntosh Intersection",
            "name": "11-ROTHORN-7:19:BRAZIL"
        },
        {
            "EAT": 2880,
            "LDT": 5760,
            "cargo_categories": [
                "Non-hazardous"
            ],
            "delay_cost": 0,
            "group_uuid": "89c7d5d3-6d8e-4ca5-a5ae-b0e5cb09f8f4",
            "source": "Berth 33",
            "transportation_methods": [
                "Roadway",
                "Sea",
                "Transloading"
            ],
            "shipper": "King Ocean",
            "nTEU": 1,
            "origin": "ITALY",
            "destination": "McIntosh Intersection",
            "name": "11-ROTHORN-8:49:ITALY"
        },
        {
            "EAT": 2880,
            "LDT": 5760,
            "cargo_categories": [
                "Non-hazardous"
            ],
            "delay_cost": 0,
            "group_uuid": "89c7d5d3-6d8e-4ca5-a5ae-b0e5cb09f8f4",
            "source": "Berth 33",
            "transportation_methods": [
                "Roadway",
                "Sea",
                "Transloading"
            ],
            "shipper": "Crowley",
            "nTEU": 6,
            "origin": "COLOMBIA",
            "destination": "McIntosh Intersection",
            "name": "11-ROTHORN-9:6:COLOMBIA"
        },
        {
            "EAT": 2880,
            "LDT": 5760,
            "cargo_categories": [
                "Non-hazardous"
            ],
            "delay_cost": 0,
            "group_uuid": "89c7d5d3-6d8e-4ca5-a5ae-b0e5cb09f8f4",
            "source": "Berth 33",
            "transportation_methods": [
                "Roadway",
                "Sea",
                "Transloading"
            ],
            "shipper": "King Ocean",
            "nTEU": 1,
            "origin": "UNITED KINGDOM",
            "destination": "McIntosh Intersection",
            "name": "11-ROTHORN-10:83:UNITED KINGDOM"
        },
        {
            "EAT": 2880,
            "LDT": 5760,
            "cargo_categories": [
                "Non-hazardous"
            ],
            "delay_cost": 0,
            "group_uuid": "89c7d5d3-6d8e-4ca5-a5ae-b0e5cb09f8f4",
            "source": "Berth 33",
            "transportation_methods": [
                "Roadway",
                "Sea",
                "Transloading"
            ],
            "shipper": "Crowley",
            "nTEU": 17,
            "origin": "COLOMBIA",
            "destination": "McIntosh Intersection",
            "name": "11-ROTHORN-11:84:COLOMBIA"
        },
        {
            "EAT": 2880,
            "LDT": 5760,
            "cargo_categories": [
                "Non-hazardous"
            ],
            "delay_cost": 0,
            "group_uuid": "89c7d5d3-6d8e-4ca5-a5ae-b0e5cb09f8f4",
            "source": "Berth 33",
            "transportation_methods": [
                "Roadway",
                "Sea",
                "Transloading"
            ],
            "shipper": "Crowley",
            "nTEU": 18,
            "origin": "GUATEMALA",
            "destination": "McIntosh Intersection",
            "name": "11-ROTHORN-12:8:GUATEMALA"
        },
        {
            "EAT": 2880,
            "LDT": 5760,
            "cargo_categories": [
                "Non-hazardous"
            ],
            "delay_cost": 0,
            "group_uuid": "89c7d5d3-6d8e-4ca5-a5ae-b0e5cb09f8f4",
            "source": "Berth 33",
            "transportation_methods": [
                "Roadway",
                "Sea",
                "Transloading"
            ],
            "shipper": "Crowley",
            "nTEU": 1,
            "origin": "DOMINICAN REPUBLIC",
            "destination": "McIntosh Intersection",
            "name": "11-ROTHORN-13:62:DOMINICAN REPUBLIC"
        },
        {
            "EAT": 2880,
            "LDT": 5760,
            "cargo_categories": [
                "Non-hazardous"
            ],
            "delay_cost": 0,
            "group_uuid": "89c7d5d3-6d8e-4ca5-a5ae-b0e5cb09f8f4",
            "source": "Berth 33",
            "transportation_methods": [
                "Roadway",
                "Sea",
                "Transloading"
            ],
            "shipper": "Crowley",
            "nTEU": 2,
            "origin": "NICARAGUA",
            "destination": "McIntosh Intersection",
            "name": "11-ROTHORN-14:42:NICARAGUA"
        },
        {
            "EAT": 2880,
            "LDT": 5760,
            "cargo_categories": [
                "Non-hazardous"
            ],
            "delay_cost": 0,
            "group_uuid": "89c7d5d3-6d8e-4ca5-a5ae-b0e5cb09f8f4",
            "source": "Berth 33",
            "transportation_methods": [
                "Roadway",
                "Sea",
                "Transloading"
            ],
            "shipper": "Crowley",
            "nTEU": 2,
            "origin": "TURKS AND CAICOS IS",
            "destination": "McIntosh Intersection",
            "name": "11-ROTHORN-15:86:TURKS AND CAICOS IS"
        },
        {
            "EAT": 2880,
            "LDT": 5760,
            "cargo_categories": [
                "Non-hazardous"
            ],
            "delay_cost": 0,
            "group_uuid": "89c7d5d3-6d8e-4ca5-a5ae-b0e5cb09f8f4",
            "source": "Berth 33",
            "transportation_methods": [
                "Roadway",
                "Sea",
                "Transloading"
            ],
            "shipper": "King Ocean",
            "nTEU": 1,
            "origin": "BELGIUM",
            "destination": "McIntosh Intersection",
            "name": "11-ROTHORN-16:32:BELGIUM"
        },
        {
            "EAT": 2880,
            "LDT": 5760,
            "cargo_categories": [
                "Non-hazardous"
            ],
            "delay_cost": 0,
            "group_uuid": "89c7d5d3-6d8e-4ca5-a5ae-b0e5cb09f8f4",
            "source": "Berth 33",
            "transportation_methods": [
                "Roadway",
                "Sea",
                "Transloading"
            ],
            "shipper": "King Ocean",
            "nTEU": 2,
            "origin": "CHILE",
            "destination": "McIntosh Intersection",
            "name": "11-ROTHORN-17:20:CHILE"
        },
        {
            "EAT": 2880,
            "LDT": 5760,
            "cargo_categories": [
                "Non-hazardous"
            ],
            "delay_cost": 0,
            "group_uuid": "89c7d5d3-6d8e-4ca5-a5ae-b0e5cb09f8f4",
            "source": "Berth 33",
            "transportation_methods": [
                "Roadway",
                "Sea",
                "Transloading"
            ],
            "shipper": "King Ocean",
            "nTEU": 2,
            "origin": "BELGIUM",
            "destination": "McIntosh Intersection",
            "name": "11-ROTHORN-18:29:BELGIUM"
        },
        {
            "EAT": 2880,
            "LDT": 5760,
            "cargo_categories": [
                "Non-hazardous"
            ],
            "delay_cost": 0,
            "group_uuid": "89c7d5d3-6d8e-4ca5-a5ae-b0e5cb09f8f4",
            "source": "Berth 33",
            "transportation_methods": [
                "Roadway",
                "Sea",
                "Transloading"
            ],
            "shipper": "King Ocean",
            "nTEU": 3,
            "origin": "GUATEMALA",
            "destination": "McIntosh Intersection",
            "name": "11-ROTHORN-19:90:GUATEMALA"
        },
        {
            "EAT": 2880,
            "LDT": 5760,
            "cargo_categories": [
                "Non-hazardous"
            ],
            "delay_cost": 0,
            "group_uuid": "89c7d5d3-6d8e-4ca5-a5ae-b0e5cb09f8f4",
            "source": "Berth 33",
            "transportation_methods": [
                "Roadway",
                "Sea",
                "Transloading"
            ],
            "shipper": "King Ocean",
            "nTEU": 14,
            "origin": "DOMINICAN REPUBLIC",
            "destination": "McIntosh Intersection",
            "name": "11-ROTHORN-20:39:DOMINICAN REPUBLIC"
        },
        {
            "EAT": 2880,
            "LDT": 5760,
            "cargo_categories": [
                "Non-hazardous"
            ],
            "delay_cost": 0,
            "group_uuid": "89c7d5d3-6d8e-4ca5-a5ae-b0e5cb09f8f4",
            "source": "Berth 33",
            "transportation_methods": [
                "Roadway",
                "Sea",
                "Transloading"
            ],
            "shipper": "King Ocean",
            "nTEU": 2,
            "origin": "PANAMA",
            "destination": "McIntosh Intersection",
            "name": "11-ROTHORN-21:48:PANAMA"
        },
        {
            "EAT": 2880,
            "LDT": 5760,
            "cargo_categories": [
                "Non-hazardous"
            ],
            "delay_cost": 0,
            "group_uuid": "89c7d5d3-6d8e-4ca5-a5ae-b0e5cb09f8f4",
            "source": "Berth 33",
            "transportation_methods": [
                "Roadway",
                "Sea",
                "Transloading"
            ],
            "shipper": "Crowley",
            "nTEU": 5,
            "origin": "COLOMBIA",
            "destination": "McIntosh Intersection",
            "name": "11-ROTHORN-22:9:COLOMBIA"
        },
        {
            "EAT": 2880,
            "LDT": 5760,
            "cargo_categories": [
                "Non-hazardous"
            ],
            "delay_cost": 0,
            "group_uuid": "89c7d5d3-6d8e-4ca5-a5ae-b0e5cb09f8f4",
            "source": "Berth 33",
            "transportation_methods": [
                "Roadway",
                "Sea",
                "Transloading"
            ],
            "shipper": "King Ocean",
            "nTEU": 9,
            "origin": "HONDURAS",
            "destination": "McIntosh Intersection",
            "name": "11-ROTHORN-23:85:HONDURAS"
        },
        {
            "EAT": 2880,
            "LDT": 5760,
            "cargo_categories": [
                "Non-hazardous"
            ],
            "delay_cost": 0,
            "group_uuid": "89c7d5d3-6d8e-4ca5-a5ae-b0e5cb09f8f4",
            "source": "Berth 33",
            "transportation_methods": [
                "Roadway",
                "Sea",
                "Transloading"
            ],
            "shipper": "King Ocean",
            "nTEU": 2,
            "origin": "CHILE",
            "destination": "McIntosh Intersection",
            "name": "11-ROTHORN-24:3:CHILE"
        },
        {
            "EAT": 2880,
            "LDT": 5760,
            "cargo_categories": [
                "Non-hazardous"
            ],
            "delay_cost": 0,
            "group_uuid": "89c7d5d3-6d8e-4ca5-a5ae-b0e5cb09f8f4",
            "source": "Berth 33",
            "transportation_methods": [
                "Roadway",
                "Sea",
                "Transloading"
            ],
            "shipper": "King Ocean",
            "nTEU": 3,
            "origin": "COSTA RICA",
            "destination": "McIntosh Intersection",
            "name": "11-ROTHORN-25:21:COSTA RICA"
        },
        {
            "EAT": 2880,
            "LDT": 5760,
            "cargo_categories": [
                "Non-hazardous"
            ],
            "delay_cost": 0,
            "group_uuid": "89c7d5d3-6d8e-4ca5-a5ae-b0e5cb09f8f4",
            "source": "Berth 33",
            "transportation_methods": [
                "Roadway",
                "Sea",
                "Transloading"
            ],
            "shipper": "King Ocean",
            "nTEU": 1,
            "origin": "PERU",
            "destination": "McIntosh Intersection",
            "name": "11-ROTHORN-26:4:PERU"
        },
        {
            "EAT": 2880,
            "LDT": 5760,
            "cargo_categories": [
                "Non-hazardous"
            ],
            "delay_cost": 0,
            "group_uuid": "89c7d5d3-6d8e-4ca5-a5ae-b0e5cb09f8f4",
            "source": "Berth 33",
            "transportation_methods": [
                "Roadway",
                "Sea",
                "Transloading"
            ],
            "shipper": "Crowley",
            "nTEU": 2,
            "origin": "ITALY",
            "destination": "McIntosh Intersection",
            "name": "11-ROTHORN-27:33:ITALY"
        }
    ]
}