{
    "shipments": [
        {
            "arrival_node": "PEV",
            "departure_node": "PEV",
            "destination_node": "Berth 32",
            "shipment_file": "shipments/PLANET V-2017-10-01 15:45:00-04:00-2017-10-02 00:00:00-04:00.filtered.json",
            "shipment_uuid": "6ba24003-cb67-45b8-bdad-afd93769eab2",
            "shipper": "King Ocean",
            "time": 945
        },
        {
            "arrival_node": "PEV",
            "departure_node": "PEV",
            "destination_node": "Berth 30",
            "shipment_file": "shipments/SPIRIT OF TOKYO-2017-10-01 00:00:00-04:00-2017-10-01 00:00:00-04:00.filtered.json",
            "shipment_uuid": "f7f23080-c0de-4953-8b0b-ae543eef5801",
            "shipper": "FIT",
            "time": 0
        },
        {
            "arrival_node": "PEV",
            "departure_node": "PEV",
            "destination_node": "Berth 33",
            "shipment_file": "shipments/PAVO J-2017-10-02 00:00:00-04:00-2017-10-02 00:00:00-04:00.filtered.json",
            "shipment_uuid": "76b57577-06e8-4e98-a205-3c6cf5f620bb",
            "shipper": "Crowley",
            "time": 1440
        },
        {
            "arrival_node": "PEV",
            "departure_node": "PEV",
            "destination_node": "Berth 30",
            "shipment_file": "shipments/JPO LIBRA-2017-10-02 00:00:00-04:00-2017-10-02 00:00:00-04:00.filtered.json",
            "shipment_uuid": "34934f19-5129-413b-b2b3-5a2ce34181f5",
            "shipper": "FIT",
            "time": 1440
        },
        {
            "arrival_node": "PEV",
            "departure_node": "PEV",
            "destination_node": "Berth 32",
            "shipment_file": "shipments/ALLEGRO-2017-10-02 00:00:00-04:00-2017-10-02 00:00:00-04:00.filtered.json",
            "shipment_uuid": "6e1a2971-9117-409a-8eb1-20eecd094171",
            "shipper": "MSC",
            "time": 1440
        },
        {
            "arrival_node": "PEV",
            "departure_node": "PEV",
            "destination_node": "Berth 33",
            "shipment_file": "shipments/TUCANA J-2017-10-02 00:00:00-04:00-2017-10-02 00:00:00-04:00.filtered.json",
            "shipment_uuid": "112b8b08-9a2f-40ad-b8c9-e01c35f59e1a",
            "shipper": "Crowley",
            "time": 1440
        },
        {
            "arrival_node": "PEV",
            "departure_node": "PEV",
            "destination_node": "Berth 31",
            "shipment_file": "shipments/LION-2017-10-03 00:00:00-04:00-2017-10-03 00:00:00-04:00.filtered.json",
            "shipment_uuid": "bc055468-ef08-41f6-ad61-48ac84cc22fb",
            "shipper": "King Ocean",
            "time": 2880
        },
        {
            "arrival_node": "PEV",
            "departure_node": "PEV",
            "destination_node": "Berth 33",
            "shipment_file": "shipments/ROTHORN-2017-10-03 00:00:00-04:00-2017-10-03 00:00:00-04:00.filtered.json",
            "shipment_uuid": "7594d3eb-8409-4b5f-ab7a-9a5cc5362252",
            "shipper": "King Ocean",
            "time": 2880
        },
        {
            "arrival_node": "PEV",
            "departure_node": "PEV",
            "destination_node": "Berth 32",
            "shipment_file": "shipments/CHARLOTTE-2017-10-03 00:00:00-04:00-2017-10-03 00:00:00-04:00.filtered.json",
            "shipment_uuid": "a41ab02b-f72d-448b-a2dc-e160f5726789",
            "shipper": "King Ocean",
            "time": 2880
        },
        {
            "arrival_node": "PEV",
            "departure_node": "PEV",
            "destination_node": "Berth 30",
            "shipment_file": "shipments/WASHINGTON EXPRESS-2017-10-03 00:00:00-04:00-2017-10-03 00:00:00-04:00.filtered.json",
            "shipment_uuid": "9bf77e9b-d0ae-4d0f-a9dd-7085fbb540c4",
            "shipper": "FIT",
            "time": 2880
        },
        {
            "arrival_node": "PEV",
            "departure_node": "PEV",
            "destination_node": "Berth 33",
            "shipment_file": "shipments/AS FIORELLA-2017-10-04 02:25:00-04:00-2017-10-05 00:00:00-04:00.filtered.json",
            "shipment_uuid": "dfb36537-297f-4a7e-8db2-5c4ca487a960",
            "shipper": "Crowley",
            "time": 4465
        },
        {
            "arrival_node": "PEV",
            "departure_node": "PEV",
            "destination_node": "Berth 32",
            "shipment_file": "shipments/MAERSK KENTUCKY-2017-10-04 00:00:00-04:00-2017-10-04 00:00:00-04:00.filtered.json",
            "shipment_uuid": "2c3621b0-4018-400e-bd99-35387dc4f6b7",
            "shipper": "FIT",
            "time": 4320
        },
        {
            "arrival_node": "PEV",
            "departure_node": "PEV",
            "destination_node": "Berth 33",
            "shipment_file": "shipments/K-BREEZE-2017-10-04 00:00:00-04:00-2017-10-04 00:00:00-04:00.filtered.json",
            "shipment_uuid": "d7def8f0-943a-43ad-94ab-bb389049683b",
            "shipper": "Crowley",
            "time": 4320
        },
        {
            "arrival_node": "PEV",
            "departure_node": "PEV",
            "destination_node": "Berth 32",
            "shipment_file": "shipments/JSP AMIHAN-2017-10-04 00:00:00-04:00-2017-10-04 00:00:00-04:00.filtered.json",
            "shipment_uuid": "69df1f6b-b574-4dcb-918f-d71cb1489a94",
            "shipper": "MSC",
            "time": 4320
        },
        {
            "arrival_node": "PEV",
            "departure_node": "PEV",
            "destination_node": "Berth 30",
            "shipment_file": "shipments/VEGA LUNA-2017-10-04 20:45:00-04:00-2017-10-05 00:00:00-04:00.filtered.json",
            "shipment_uuid": "9f111ac4-52f1-40c8-a04c-c5ef26f7e0a4",
            "shipper": "King Ocean",
            "time": 5565
        },
        {
            "arrival_node": "PEV",
            "departure_node": "PEV",
            "destination_node": "Berth 33",
            "shipment_file": "shipments/DENEB J-2017-10-04 23:10:00-04:00-2017-10-05 00:00:00-04:00.filtered.json",
            "shipment_uuid": "cd462ebd-5be4-4f6d-b69f-fe0c14d177f1",
            "shipper": "Crowley",
            "time": 5710
        },
        {
            "arrival_node": "PEV",
            "departure_node": "PEV",
            "destination_node": "Berth 30",
            "shipment_file": "shipments/MONTE ROSA-2017-10-05 00:00:00-04:00-2017-10-05 00:00:00-04:00.filtered.json",
            "shipment_uuid": "7ad41af5-2354-466a-b45e-41a24afa6359",
            "shipper": "FIT",
            "time": 5760
        },
        {
            "arrival_node": "PEV",
            "departure_node": "PEV",
            "destination_node": "Berth 32",
            "shipment_file": "shipments/MSC KALAMATA-2017-10-05 00:00:00-04:00-2017-10-05 00:00:00-04:00.filtered.json",
            "shipment_uuid": "f9bdd736-99e8-4838-8865-b7d1effbfc02",
            "shipper": "FIT",
            "time": 5760
        },
        {
            "arrival_node": "PEV",
            "departure_node": "PEV",
            "destination_node": "Berth 32",
            "shipment_file": "shipments/REGULA-2017-10-06 00:00:00-04:00-2017-10-06 00:00:00-04:00.filtered.json",
            "shipment_uuid": "41066766-fc6e-4fab-9cf2-3dd25f19b998",
            "shipper": "Crowley",
            "time": 7200
        },
        {
            "arrival_node": "PEV",
            "departure_node": "PEV",
            "destination_node": "Berth 31",
            "shipment_file": "shipments/MSC CORINNA-2017-10-06 00:00:00-04:00-2017-10-06 00:00:00-04:00.filtered.json",
            "shipment_uuid": "3d7e836d-73d3-4404-bf16-dbf287ec4077",
            "shipper": "MSC",
            "time": 7200
        },
        {
            "arrival_node": "PEV",
            "departure_node": "PEV",
            "destination_node": "Berth 31",
            "shipment_file": "shipments/ALLEGRO-2017-10-06 00:00:00-04:00-2017-10-06 00:00:00-04:00.filtered.json",
            "shipment_uuid": "949439a7-0af9-4450-b37b-1b0bef8d5dfe",
            "shipper": "MSC",
            "time": 7200
        },
        {
            "arrival_node": "PEV",
            "departure_node": "PEV",
            "destination_node": "Berth 30",
            "shipment_file": "shipments/LION-2017-10-06 20:20:00-04:00-2017-10-07 00:00:00-04:00.filtered.json",
            "shipment_uuid": "4db75c74-9974-4312-ae1d-2a6662526e5a",
            "shipper": "King Ocean",
            "time": 8420
        },
        {
            "arrival_node": "PEV",
            "departure_node": "PEV",
            "destination_node": "Berth 33",
            "shipment_file": "shipments/PEGASUS J-2017-10-07 00:00:00-04:00-2017-10-07 00:00:00-04:00.filtered.json",
            "shipment_uuid": "826c89d2-a39a-4b38-b5c7-e33b7d5642e2",
            "shipper": "Crowley",
            "time": 8640
        },
        {
            "arrival_node": "PEV",
            "departure_node": "PEV",
            "destination_node": "Berth 33",
            "shipment_file": "shipments/CAPE MAIL-2017-10-07 00:00:00-04:00-2017-10-07 00:00:00-04:00.filtered.json",
            "shipment_uuid": "9ec11127-4b4c-421b-9df4-c6634333524e",
            "shipper": "FIT",
            "time": 8640
        },
        {
            "arrival_node": "PEV",
            "departure_node": "PEV",
            "destination_node": "Berth 32",
            "shipment_file": "shipments/HAMMONIA PALATIUM-2017-10-07 00:00:00-04:00-2017-10-07 00:00:00-04:00.filtered.json",
            "shipment_uuid": "631455b6-17c8-4ecd-9b36-b2bd1f5ecfe5",
            "shipper": "MSC",
            "time": 8640
        },
        {
            "arrival_node": "PEV",
            "departure_node": "PEV",
            "destination_node": "Berth 31",
            "shipment_file": "shipments/DOLE HONDURAS-2017-10-08 00:00:00-04:00-2017-10-08 00:00:00-04:00.filtered.json",
            "shipment_uuid": "79e88947-76e2-4613-b422-58380e67d711",
            "shipper": "FIT",
            "time": 10080
        },
        {
            "arrival_node": "PEV",
            "departure_node": "PEV",
            "destination_node": "Berth 30",
            "shipment_file": "shipments/MARGARETE SCHULTE-2017-10-08 00:00:00-04:00-2017-10-08 00:00:00-04:00.filtered.json",
            "shipment_uuid": "966ceac8-830c-4280-8682-cc1317437716",
            "shipper": "FIT",
            "time": 10080
        },
        {
            "arrival_node": "PEV",
            "departure_node": "PEV",
            "destination_node": "Berth 32",
            "shipment_file": "shipments/FS IPANEMA-2017-10-08 00:00:00-04:00-2017-10-08 00:00:00-04:00.filtered.json",
            "shipment_uuid": "2a5203ba-d511-41bc-81aa-f62baa804e34",
            "shipper": "King Ocean",
            "time": 10080
        },
        {
            "arrival_node": "PEV",
            "departure_node": "PEV",
            "destination_node": "Berth 32",
            "shipment_file": "shipments/PAVO J-2017-10-09 00:00:00-04:00-2017-10-09 00:00:00-04:00.filtered.json",
            "shipment_uuid": "1ace9e09-592b-485a-bcc3-3a1fdcd6b3fc",
            "shipper": "Crowley",
            "time": 11520
        },
        {
            "arrival_node": "PEV",
            "departure_node": "PEV",
            "destination_node": "Berth 30",
            "shipment_file": "shipments/JPO CAPRICORNUS-2017-10-09 00:00:00-04:00-2017-10-09 00:00:00-04:00.filtered.json",
            "shipment_uuid": "a04f98cb-0a4c-4922-b313-ca153fc1f1a3",
            "shipper": "FIT",
            "time": 11520
        },
        {
            "arrival_node": "PEV",
            "departure_node": "PEV",
            "destination_node": "Berth 33",
            "shipment_file": "shipments/TUCANA J-2017-10-09 00:00:00-04:00-2017-10-09 00:00:00-04:00.filtered.json",
            "shipment_uuid": "7b4a916d-8359-4886-a67f-ce05aad26dae",
            "shipper": "Crowley",
            "time": 11520
        },
        {
            "arrival_node": "PEV",
            "departure_node": "PEV",
            "destination_node": "Berth 32",
            "shipment_file": "shipments/MSC MARTA-2017-10-10 00:00:00-04:00-2017-10-10 00:00:00-04:00.filtered.json",
            "shipment_uuid": "2d202c78-c6cb-4b26-9241-1b53882dea7d",
            "shipper": "MSC",
            "time": 12960
        },
        {
            "arrival_node": "PEV",
            "departure_node": "PEV",
            "destination_node": "Berth 33",
            "shipment_file": "shipments/WEISSHORN-2017-10-10 00:00:00-04:00-2017-10-10 00:00:00-04:00.filtered.json",
            "shipment_uuid": "b071f205-62e1-4ae0-8bc8-da37af6a4b2f",
            "shipper": "Crowley",
            "time": 12960
        },
        {
            "arrival_node": "PEV",
            "departure_node": "PEV",
            "destination_node": "Berth 31",
            "shipment_file": "shipments/MAERSK MONTANA-2017-10-11 00:00:00-04:00-2017-10-11 00:00:00-04:00.filtered.json",
            "shipment_uuid": "dd70fef7-a020-4b4a-bb9d-115e7803e0cc",
            "shipper": "FIT",
            "time": 14400
        },
        {
            "arrival_node": "PEV",
            "departure_node": "PEV",
            "destination_node": "Berth 32",
            "shipment_file": "shipments/K-BREEZE-2017-10-11 00:00:00-04:00-2017-10-11 00:00:00-04:00.filtered.json",
            "shipment_uuid": "6d9f1ed1-e16d-4963-9ec6-a1a906daf8ec",
            "shipper": "Crowley",
            "time": 14400
        },
        {
            "arrival_node": "PEV",
            "departure_node": "PEV",
            "destination_node": "Berth 30",
            "shipment_file": "shipments/JPO LIBRA-2017-10-11 00:00:00-04:00-2017-10-11 00:00:00-04:00.filtered.json",
            "shipment_uuid": "dd9fad45-6944-425b-bc83-0e19af10efbf",
            "shipper": "FIT",
            "time": 14400
        },
        {
            "arrival_node": "PEV",
            "departure_node": "PEV",
            "destination_node": "Berth 33",
            "shipment_file": "shipments/AS FEDERICA-2017-10-11 00:00:00-04:00-2017-10-11 00:00:00-04:00.filtered.json",
            "shipment_uuid": "73d6590e-ab23-4df1-918b-93cfe76d3aba",
            "shipper": "Crowley",
            "time": 14400
        },
        {
            "arrival_node": "PEV",
            "departure_node": "PEV",
            "destination_node": "Berth 32",
            "shipment_file": "shipments/ALLEGRO-2017-10-11 00:00:00-04:00-2017-10-11 00:00:00-04:00.filtered.json",
            "shipment_uuid": "54444d49-ba4e-4ed2-be72-bc784ed4db9d",
            "shipper": "MSC",
            "time": 14400
        },
        {
            "arrival_node": "PEV",
            "departure_node": "PEV",
            "destination_node": "Berth 31",
            "shipment_file": "shipments/VEGA SAGITTARIUS-2017-10-11 17:00:00-04:00-2017-10-12 00:00:00-04:00.filtered.json",
            "shipment_uuid": "550df719-78d8-447d-b400-798a8fff6ee7",
            "shipper": "King Ocean",
            "time": 15420
        },
        {
            "arrival_node": "PEV",
            "departure_node": "PEV",
            "destination_node": "Berth 33",
            "shipment_file": "shipments/DENEB J-2017-10-12 00:00:00-04:00-2017-10-12 00:00:00-04:00.filtered.json",
            "shipment_uuid": "cbfeb8f2-0fbb-424f-b370-c8cfaebf9d6a",
            "shipper": "Crowley",
            "time": 15840
        },
        {
            "arrival_node": "PEV",
            "departure_node": "PEV",
            "destination_node": "Berth 32",
            "shipment_file": "shipments/MSC STELLA-2017-10-12 00:00:00-04:00-2017-10-12 00:00:00-04:00.filtered.json",
            "shipment_uuid": "c5e5a3e7-ec09-43a4-8c3e-1bd10af5dd8f",
            "shipper": "MSC",
            "time": 15840
        },
        {
            "arrival_node": "PEV",
            "departure_node": "PEV",
            "destination_node": "Berth 30",
            "shipment_file": "shipments/MONTE TAMARO-2017-10-12 00:00:00-04:00-2017-10-12 00:00:00-04:00.filtered.json",
            "shipment_uuid": "b4eff337-906a-46e6-ac1c-a71f22b16fe2",
            "shipper": "FIT",
            "time": 15840
        },
        {
            "arrival_node": "PEV",
            "departure_node": "PEV",
            "destination_node": "Berth 31",
            "shipment_file": "shipments/JAN CARIBE-2017-10-12 00:00:00-04:00-2017-10-12 00:00:00-04:00.filtered.json",
            "shipment_uuid": "806b733f-a7f4-43ae-a800-34250a163040",
            "shipper": "King Ocean",
            "time": 15840
        },
        {
            "arrival_node": "PEV",
            "departure_node": "PEV",
            "destination_node": "Berth 32",
            "shipment_file": "shipments/REGULA-2017-10-13 00:00:00-04:00-2017-10-13 00:00:00-04:00.filtered.json",
            "shipment_uuid": "f44a361c-c0d4-48c5-98b8-502e638be202",
            "shipper": "Crowley",
            "time": 17280
        },
        {
            "arrival_node": "PEV",
            "departure_node": "PEV",
            "destination_node": "Berth 30",
            "shipment_file": "shipments/CHARLESTON EXPRESS-2017-10-13 00:00:00-04:00-2017-10-13 00:00:00-04:00.filtered.json",
            "shipment_uuid": "1904ddc6-1183-4d0a-9463-0ab5efaa9228",
            "shipper": "FIT",
            "time": 17280
        },
        {
            "arrival_node": "PEV",
            "departure_node": "PEV",
            "destination_node": "Berth 31",
            "shipment_file": "shipments/JSP AMIHAN-2017-10-13 00:00:00-04:00-2017-10-13 00:00:00-04:00.filtered.json",
            "shipment_uuid": "9afeea15-95e5-4614-bd0a-ff086c7cfb65",
            "shipper": "MSC",
            "time": 17280
        },
        {
            "arrival_node": "PEV",
            "departure_node": "PEV",
            "destination_node": "Berth 30",
            "shipment_file": "shipments/FS IPANEMA-2017-10-13 20:10:00-04:00-2017-10-14 00:00:00-04:00.filtered.json",
            "shipment_uuid": "b327a6ab-9106-469b-82ad-f64bcfeb91fc",
            "shipper": "King Ocean",
            "time": 18490
        },
        {
            "arrival_node": "PEV",
            "departure_node": "PEV",
            "destination_node": "Berth 33",
            "shipment_file": "shipments/PEGASUS J-2017-10-14 00:00:00-04:00-2017-10-14 00:00:00-04:00.filtered.json",
            "shipment_uuid": "72a6810f-b9d1-48c2-92e6-7a07ef68ff2a",
            "shipper": "Crowley",
            "time": 18720
        },
        {
            "arrival_node": "PEV",
            "departure_node": "PEV",
            "destination_node": "Berth 32",
            "shipment_file": "shipments/JPO AQUARIUS-2017-10-14 00:00:00-04:00-2017-10-14 00:00:00-04:00.filtered.json",
            "shipment_uuid": "8780a850-0697-4806-8eb4-d2a0e6bf4511",
            "shipper": "MSC",
            "time": 18720
        },
        {
            "arrival_node": "PEV",
            "departure_node": "PEV",
            "destination_node": "Berth 31",
            "shipment_file": "shipments/DOLE ECUADOR-2017-10-14 00:00:00-04:00-2017-10-14 00:00:00-04:00.filtered.json",
            "shipment_uuid": "7d1d802c-aa7b-4704-a5e1-d5be3bdda889",
            "shipper": "FIT",
            "time": 18720
        },
        {
            "arrival_node": "PEV",
            "departure_node": "PEV",
            "destination_node": "Berth 30",
            "shipment_file": "shipments/SAINT NIKOLAOS-2017-10-15 00:00:00-04:00-2017-10-15 00:00:00-04:00.filtered.json",
            "shipment_uuid": "3d7987c1-7895-4c8b-9bd8-d8f8fd4cab0c",
            "shipper": "FIT",
            "time": 20160
        }
    ],
    "disruptions": [],
    "network": "../networks/transportation.gnsi",
    "start_time": "2017-10-01 00:00:00-0400",
    "workday_end": "08:00",
    "workday_start": "17:00"
}