{
    "commodities": [
        {
            "EAT": 5760,
            "LDT": 11520,
            "cargo_categories": [
                "Non-hazardous"
            ],
            "delay_cost": 0,
            "group_uuid": "1eb63920-b258-41ca-aca9-c0117d1d7f8e",
            "source": "Berth 32",
            "transportation_methods": [
                "Roadway",
                "Sea",
                "Transloading"
            ],
            "shipper": "MSC",
            "nTEU": 0,
            "origin": "GUATEMALA",
            "destination": "McIntosh Intersection",
            "name": "25-ALLEGRO-0:86:GUATEMALA"
        },
        {
            "EAT": 5760,
            "LDT": 11520,
            "cargo_categories": [
                "Non-hazardous"
            ],
            "delay_cost": 0,
            "group_uuid": "1eb63920-b258-41ca-aca9-c0117d1d7f8e",
            "source": "Berth 32",
            "transportation_methods": [
                "Roadway",
                "Sea",
                "Transloading"
            ],
            "shipper": "MSC",
            "nTEU": 2,
            "origin": "HONDURAS",
            "destination": "McIntosh Intersection",
            "name": "25-ALLEGRO-1::HONDURAS"
        }
    ]
}