{
    "commodities": [
        {
            "EAT": 10080,
            "LDT": 15840,
            "cargo_categories": [
                "Non-hazardous"
            ],
            "delay_cost": 10,
            "group_uuid": "4cc0dbed-d8ab-431e-95f9-1ac34b5a36a5",
            "source": "Berth 30",
            "transportation_methods": [
                "Roadway",
                "Sea",
                "Transloading"
            ],
            "shipper": "FIT",
            "nTEU": 2,
            "origin": "HONDURAS",
            "destination": "McIntosh Intersection",
            "name": "39-CAP ROCA-0:8:HONDURAS"
        }
    ]
}