{
    "commodities": [
        {
            "EAT": 1440,
            "LDT": 7200,
            "cargo_categories": [
                "Non-hazardous"
            ],
            "delay_cost": 0,
            "group_uuid": "0e13bebf-83be-4986-9430-901b6ab61b58",
            "source": "Berth 33",
            "transportation_methods": [
                "Roadway",
                "Sea",
                "Transloading"
            ],
            "shipper": "FIT",
            "nTEU": 0,
            "origin": "GUATEMALA",
            "destination": "McIntosh Intersection",
            "name": "9-CAPE MAIL-0:86:GUATEMALA"
        }
    ]
}