{
    "commodities": [
        {
            "EAT": 4320,
            "LDT": 10080,
            "cargo_categories": [
                "Non-hazardous"
            ],
            "delay_cost": 0,
            "group_uuid": "07e96254-39dd-4f5f-b130-ed856ed948e4",
            "source": "Berth 30",
            "transportation_methods": [
                "Roadway",
                "Sea",
                "Transloading"
            ],
            "shipper": "FIT",
            "nTEU": 3,
            "origin": "COLOMBIA",
            "destination": "McIntosh Intersection",
            "name": "19-CHIQUITA EXPRESS-0:20:COLOMBIA"
        },
        {
            "EAT": 4320,
            "LDT": 10080,
            "cargo_categories": [
                "Non-hazardous"
            ],
            "delay_cost": 0,
            "group_uuid": "07e96254-39dd-4f5f-b130-ed856ed948e4",
            "source": "Berth 30",
            "transportation_methods": [
                "Roadway",
                "Sea",
                "Transloading"
            ],
            "shipper": "FIT",
            "nTEU": 23,
            "origin": "BRAZIL",
            "destination": "McIntosh Intersection",
            "name": "19-CHIQUITA EXPRESS-1:44:BRAZIL"
        },
        {
            "EAT": 4320,
            "LDT": 10080,
            "cargo_categories": [
                "Non-hazardous"
            ],
            "delay_cost": 0,
            "group_uuid": "07e96254-39dd-4f5f-b130-ed856ed948e4",
            "source": "Berth 30",
            "transportation_methods": [
                "Roadway",
                "Sea",
                "Transloading"
            ],
            "shipper": "FIT",
            "nTEU": 6,
            "origin": "HONDURAS",
            "destination": "McIntosh Intersection",
            "name": "19-CHIQUITA EXPRESS-2:22:HONDURAS"
        },
        {
            "EAT": 4320,
            "LDT": 10080,
            "cargo_categories": [
                "Non-hazardous"
            ],
            "delay_cost": 0,
            "group_uuid": "07e96254-39dd-4f5f-b130-ed856ed948e4",
            "source": "Berth 30",
            "transportation_methods": [
                "Roadway",
                "Sea",
                "Transloading"
            ],
            "shipper": "FIT",
            "nTEU": 6,
            "origin": "COSTA RICA",
            "destination": "McIntosh Intersection",
            "name": "19-CHIQUITA EXPRESS-3:40:COSTA RICA"
        },
        {
            "EAT": 4320,
            "LDT": 10080,
            "cargo_categories": [
                "Non-hazardous"
            ],
            "delay_cost": 0,
            "group_uuid": "07e96254-39dd-4f5f-b130-ed856ed948e4",
            "source": "Berth 30",
            "transportation_methods": [
                "Roadway",
                "Sea",
                "Transloading"
            ],
            "shipper": "FIT",
            "nTEU": 2,
            "origin": "TURKS AND CAICOS IS",
            "destination": "McIntosh Intersection",
            "name": "19-CHIQUITA EXPRESS-4:86:TURKS AND CAICOS IS"
        },
        {
            "EAT": 4320,
            "LDT": 10080,
            "cargo_categories": [
                "Non-hazardous"
            ],
            "delay_cost": 0,
            "group_uuid": "07e96254-39dd-4f5f-b130-ed856ed948e4",
            "source": "Berth 30",
            "transportation_methods": [
                "Roadway",
                "Sea",
                "Transloading"
            ],
            "shipper": "FIT",
            "nTEU": 347,
            "origin": "COLOMBIA",
            "destination": "McIntosh Intersection",
            "name": "19-CHIQUITA EXPRESS-5:8:COLOMBIA"
        }
    ]
}