{
    "commodities": [
        {
            "EAT": 9950,
            "LDT": 15710,
            "cargo_categories": [
                "Non-hazardous"
            ],
            "delay_cost": 0,
            "group_uuid": "a036342b-eb7e-4119-94bb-13857e5bdd7f",
            "source": "Berth 33",
            "transportation_methods": [
                "Roadway",
                "Sea",
                "Transloading"
            ],
            "shipper": "Crowley",
            "nTEU": 0,
            "origin": "BRAZIL",
            "destination": "McIntosh Intersection",
            "name": "37-K-STORM-0:94:BRAZIL"
        },
        {
            "EAT": 9950,
            "LDT": 15710,
            "cargo_categories": [
                "Non-hazardous"
            ],
            "delay_cost": 0,
            "group_uuid": "a036342b-eb7e-4119-94bb-13857e5bdd7f",
            "source": "Berth 33",
            "transportation_methods": [
                "Roadway",
                "Sea",
                "Transloading"
            ],
            "shipper": "Crowley",
            "nTEU": 2,
            "origin": "COLOMBIA",
            "destination": "McIntosh Intersection",
            "name": "37-K-STORM-1:76:COLOMBIA"
        },
        {
            "EAT": 9950,
            "LDT": 15710,
            "cargo_categories": [
                "Non-hazardous"
            ],
            "delay_cost": 0,
            "group_uuid": "a036342b-eb7e-4119-94bb-13857e5bdd7f",
            "source": "Berth 33",
            "transportation_methods": [
                "Roadway",
                "Sea",
                "Transloading"
            ],
            "shipper": "Crowley",
            "nTEU": 2,
            "origin": "HONDURAS",
            "destination": "McIntosh Intersection",
            "name": "37-K-STORM-2:13:HONDURAS"
        },
        {
            "EAT": 9950,
            "LDT": 15710,
            "cargo_categories": [
                "Non-hazardous"
            ],
            "delay_cost": 0,
            "group_uuid": "a036342b-eb7e-4119-94bb-13857e5bdd7f",
            "source": "Berth 33",
            "transportation_methods": [
                "Roadway",
                "Sea",
                "Transloading"
            ],
            "shipper": "Crowley",
            "nTEU": 1,
            "origin": "GUATEMALA",
            "destination": "McIntosh Intersection",
            "name": "37-K-STORM-3:65:GUATEMALA"
        },
        {
            "EAT": 9950,
            "LDT": 15710,
            "cargo_categories": [
                "Non-hazardous"
            ],
            "delay_cost": 0,
            "group_uuid": "a036342b-eb7e-4119-94bb-13857e5bdd7f",
            "source": "Berth 33",
            "transportation_methods": [
                "Roadway",
                "Sea",
                "Transloading"
            ],
            "shipper": "Crowley",
            "nTEU": 3,
            "origin": "SPAIN-S",
            "destination": "McIntosh Intersection",
            "name": "37-K-STORM-4:19:SPAIN-S"
        },
        {
            "EAT": 9950,
            "LDT": 15710,
            "cargo_categories": [
                "Non-hazardous"
            ],
            "delay_cost": 0,
            "group_uuid": "a036342b-eb7e-4119-94bb-13857e5bdd7f",
            "source": "Berth 33",
            "transportation_methods": [
                "Roadway",
                "Sea",
                "Transloading"
            ],
            "shipper": "Crowley",
            "nTEU": 0,
            "origin": "GUATEMALA",
            "destination": "McIntosh Intersection",
            "name": "37-K-STORM-5:86:GUATEMALA"
        },
        {
            "EAT": 9950,
            "LDT": 15710,
            "cargo_categories": [
                "Non-hazardous"
            ],
            "delay_cost": 0,
            "group_uuid": "a036342b-eb7e-4119-94bb-13857e5bdd7f",
            "source": "Berth 33",
            "transportation_methods": [
                "Roadway",
                "Sea",
                "Transloading"
            ],
            "shipper": "Crowley",
            "nTEU": 7,
            "origin": "COSTA RICA",
            "destination": "McIntosh Intersection",
            "name": "37-K-STORM-6:6:COSTA RICA"
        },
        {
            "EAT": 9950,
            "LDT": 15710,
            "cargo_categories": [
                "Non-hazardous"
            ],
            "delay_cost": 0,
            "group_uuid": "a036342b-eb7e-4119-94bb-13857e5bdd7f",
            "source": "Berth 33",
            "transportation_methods": [
                "Roadway",
                "Sea",
                "Transloading"
            ],
            "shipper": "Crowley",
            "nTEU": 5,
            "origin": "DOMINICAN REPUBLIC",
            "destination": "McIntosh Intersection",
            "name": "37-K-STORM-7:24:DOMINICAN REPUBLIC"
        },
        {
            "EAT": 9950,
            "LDT": 15710,
            "cargo_categories": [
                "Non-hazardous"
            ],
            "delay_cost": 0,
            "group_uuid": "a036342b-eb7e-4119-94bb-13857e5bdd7f",
            "source": "Berth 33",
            "transportation_methods": [
                "Roadway",
                "Sea",
                "Transloading"
            ],
            "shipper": "Crowley",
            "nTEU": 1,
            "origin": "COLOMBIA",
            "destination": "McIntosh Intersection",
            "name": "37-K-STORM-8:17:COLOMBIA"
        },
        {
            "EAT": 9950,
            "LDT": 15710,
            "cargo_categories": [
                "Non-hazardous"
            ],
            "delay_cost": 0,
            "group_uuid": "a036342b-eb7e-4119-94bb-13857e5bdd7f",
            "source": "Berth 33",
            "transportation_methods": [
                "Roadway",
                "Sea",
                "Transloading"
            ],
            "shipper": "Crowley",
            "nTEU": 12,
            "origin": "ITALY",
            "destination": "McIntosh Intersection",
            "name": "37-K-STORM-9:84:ITALY"
        },
        {
            "EAT": 9950,
            "LDT": 15710,
            "cargo_categories": [
                "Non-hazardous"
            ],
            "delay_cost": 10,
            "group_uuid": "a036342b-eb7e-4119-94bb-13857e5bdd7f",
            "source": "Berth 33",
            "transportation_methods": [
                "Roadway",
                "Sea",
                "Transloading"
            ],
            "shipper": "Crowley",
            "nTEU": 189,
            "origin": "GUATEMALA",
            "destination": "McIntosh Intersection",
            "name": "37-K-STORM-10:8:GUATEMALA"
        },
        {
            "EAT": 9950,
            "LDT": 15710,
            "cargo_categories": [
                "Non-hazardous"
            ],
            "delay_cost": 0,
            "group_uuid": "a036342b-eb7e-4119-94bb-13857e5bdd7f",
            "source": "Berth 33",
            "transportation_methods": [
                "Roadway",
                "Sea",
                "Transloading"
            ],
            "shipper": "Crowley",
            "nTEU": 77,
            "origin": "COLOMBIA",
            "destination": "McIntosh Intersection",
            "name": "37-K-STORM-11:61:COLOMBIA"
        },
        {
            "EAT": 9950,
            "LDT": 15710,
            "cargo_categories": [
                "Non-hazardous"
            ],
            "delay_cost": 0,
            "group_uuid": "a036342b-eb7e-4119-94bb-13857e5bdd7f",
            "source": "Berth 33",
            "transportation_methods": [
                "Roadway",
                "Sea",
                "Transloading"
            ],
            "shipper": "Crowley",
            "nTEU": 68,
            "origin": "HONDURAS",
            "destination": "McIntosh Intersection",
            "name": "37-K-STORM-12::HONDURAS"
        },
        {
            "EAT": 9950,
            "LDT": 15710,
            "cargo_categories": [
                "Non-hazardous"
            ],
            "delay_cost": 0,
            "group_uuid": "a036342b-eb7e-4119-94bb-13857e5bdd7f",
            "source": "Berth 33",
            "transportation_methods": [
                "Roadway",
                "Sea",
                "Transloading"
            ],
            "shipper": "Crowley",
            "nTEU": 1,
            "origin": "ITALY",
            "destination": "McIntosh Intersection",
            "name": "37-K-STORM-13:32:ITALY"
        },
        {
            "EAT": 9950,
            "LDT": 15710,
            "cargo_categories": [
                "Non-hazardous"
            ],
            "delay_cost": 0,
            "group_uuid": "a036342b-eb7e-4119-94bb-13857e5bdd7f",
            "source": "Berth 33",
            "transportation_methods": [
                "Roadway",
                "Sea",
                "Transloading"
            ],
            "shipper": "Crowley",
            "nTEU": 3,
            "origin": "COLOMBIA",
            "destination": "McIntosh Intersection",
            "name": "37-K-STORM-14:59:COLOMBIA"
        },
        {
            "EAT": 9950,
            "LDT": 15710,
            "cargo_categories": [
                "Non-hazardous"
            ],
            "delay_cost": 0,
            "group_uuid": "a036342b-eb7e-4119-94bb-13857e5bdd7f",
            "source": "Berth 33",
            "transportation_methods": [
                "Roadway",
                "Sea",
                "Transloading"
            ],
            "shipper": "Crowley",
            "nTEU": 4,
            "origin": "GUATEMALA",
            "destination": "McIntosh Intersection",
            "name": "37-K-STORM-15:20:GUATEMALA"
        },
        {
            "EAT": 9950,
            "LDT": 15710,
            "cargo_categories": [
                "Non-hazardous"
            ],
            "delay_cost": 0,
            "group_uuid": "a036342b-eb7e-4119-94bb-13857e5bdd7f",
            "source": "Berth 33",
            "transportation_methods": [
                "Roadway",
                "Sea",
                "Transloading"
            ],
            "shipper": "Crowley",
            "nTEU": 1,
            "origin": "GUATEMALA",
            "destination": "McIntosh Intersection",
            "name": "37-K-STORM-16:54:GUATEMALA"
        },
        {
            "EAT": 9950,
            "LDT": 15710,
            "cargo_categories": [
                "Non-hazardous"
            ],
            "delay_cost": 0,
            "group_uuid": "a036342b-eb7e-4119-94bb-13857e5bdd7f",
            "source": "Berth 33",
            "transportation_methods": [
                "Roadway",
                "Sea",
                "Transloading"
            ],
            "shipper": "Crowley",
            "nTEU": 1,
            "origin": "TRINIDAD AND TOBAGO",
            "destination": "McIntosh Intersection",
            "name": "37-K-STORM-17:95:TRINIDAD AND TOBAGO"
        },
        {
            "EAT": 9950,
            "LDT": 15710,
            "cargo_categories": [
                "Non-hazardous"
            ],
            "delay_cost": 0,
            "group_uuid": "a036342b-eb7e-4119-94bb-13857e5bdd7f",
            "source": "Berth 33",
            "transportation_methods": [
                "Roadway",
                "Sea",
                "Transloading"
            ],
            "shipper": "Crowley",
            "nTEU": 1,
            "origin": "BELGIUM",
            "destination": "McIntosh Intersection",
            "name": "37-K-STORM-18:29:BELGIUM"
        },
        {
            "EAT": 9950,
            "LDT": 15710,
            "cargo_categories": [
                "Non-hazardous"
            ],
            "delay_cost": 0,
            "group_uuid": "a036342b-eb7e-4119-94bb-13857e5bdd7f",
            "source": "Berth 33",
            "transportation_methods": [
                "Roadway",
                "Sea",
                "Transloading"
            ],
            "shipper": "Crowley",
            "nTEU": 20,
            "origin": "ECUADOR",
            "destination": "McIntosh Intersection",
            "name": "37-K-STORM-19:39:ECUADOR"
        },
        {
            "EAT": 9950,
            "LDT": 15710,
            "cargo_categories": [
                "Non-hazardous"
            ],
            "delay_cost": 0,
            "group_uuid": "a036342b-eb7e-4119-94bb-13857e5bdd7f",
            "source": "Berth 33",
            "transportation_methods": [
                "Roadway",
                "Sea",
                "Transloading"
            ],
            "shipper": "Crowley",
            "nTEU": 6,
            "origin": "VIRGIN ISLAND",
            "destination": "McIntosh Intersection",
            "name": "37-K-STORM-20:87:VIRGIN ISLAND"
        },
        {
            "EAT": 9950,
            "LDT": 15710,
            "cargo_categories": [
                "Non-hazardous"
            ],
            "delay_cost": 0,
            "group_uuid": "a036342b-eb7e-4119-94bb-13857e5bdd7f",
            "source": "Berth 33",
            "transportation_methods": [
                "Roadway",
                "Sea",
                "Transloading"
            ],
            "shipper": "Crowley",
            "nTEU": 3,
            "origin": "CHILE",
            "destination": "McIntosh Intersection",
            "name": "37-K-STORM-21:44:CHILE"
        },
        {
            "EAT": 9950,
            "LDT": 15710,
            "cargo_categories": [
                "Non-hazardous"
            ],
            "delay_cost": 0,
            "group_uuid": "a036342b-eb7e-4119-94bb-13857e5bdd7f",
            "source": "Berth 33",
            "transportation_methods": [
                "Roadway",
                "Sea",
                "Transloading"
            ],
            "shipper": "Crowley",
            "nTEU": 272,
            "origin": "HONDURAS",
            "destination": "McIntosh Intersection",
            "name": "37-K-STORM-22:62:HONDURAS"
        },
        {
            "EAT": 9950,
            "LDT": 15710,
            "cargo_categories": [
                "Non-hazardous"
            ],
            "delay_cost": 0,
            "group_uuid": "a036342b-eb7e-4119-94bb-13857e5bdd7f",
            "source": "Berth 33",
            "transportation_methods": [
                "Roadway",
                "Sea",
                "Transloading"
            ],
            "shipper": "Crowley",
            "nTEU": 2,
            "origin": "HONDURAS",
            "destination": "McIntosh Intersection",
            "name": "37-K-STORM-23:42:HONDURAS"
        },
        {
            "EAT": 9950,
            "LDT": 15710,
            "cargo_categories": [
                "Non-hazardous"
            ],
            "delay_cost": 0,
            "group_uuid": "a036342b-eb7e-4119-94bb-13857e5bdd7f",
            "source": "Berth 33",
            "transportation_methods": [
                "Roadway",
                "Sea",
                "Transloading"
            ],
            "shipper": "Crowley",
            "nTEU": 5,
            "origin": "BRAZIL",
            "destination": "McIntosh Intersection",
            "name": "37-K-STORM-24:90:BRAZIL"
        },
        {
            "EAT": 9950,
            "LDT": 15710,
            "cargo_categories": [
                "Non-hazardous"
            ],
            "delay_cost": 0,
            "group_uuid": "a036342b-eb7e-4119-94bb-13857e5bdd7f",
            "source": "Berth 33",
            "transportation_methods": [
                "Roadway",
                "Sea",
                "Transloading"
            ],
            "shipper": "Crowley",
            "nTEU": 1,
            "origin": "BELGIUM",
            "destination": "McIntosh Intersection",
            "name": "37-K-STORM-25:33:BELGIUM"
        },
        {
            "EAT": 9950,
            "LDT": 15710,
            "cargo_categories": [
                "Non-hazardous"
            ],
            "delay_cost": 0,
            "group_uuid": "a036342b-eb7e-4119-94bb-13857e5bdd7f",
            "source": "Berth 33",
            "transportation_methods": [
                "Roadway",
                "Sea",
                "Transloading"
            ],
            "shipper": "Crowley",
            "nTEU": 8,
            "origin": "DOMINICAN REPUBLIC",
            "destination": "McIntosh Intersection",
            "name": "37-K-STORM-26:85:DOMINICAN REPUBLIC"
        },
        {
            "EAT": 9950,
            "LDT": 15710,
            "cargo_categories": [
                "Non-hazardous"
            ],
            "delay_cost": 0,
            "group_uuid": "a036342b-eb7e-4119-94bb-13857e5bdd7f",
            "source": "Berth 33",
            "transportation_methods": [
                "Roadway",
                "Sea",
                "Transloading"
            ],
            "shipper": "Crowley",
            "nTEU": 4,
            "origin": "PANAMA",
            "destination": "McIntosh Intersection",
            "name": "37-K-STORM-27:3:PANAMA"
        },
        {
            "EAT": 9950,
            "LDT": 15710,
            "cargo_categories": [
                "Non-hazardous"
            ],
            "delay_cost": 0,
            "group_uuid": "a036342b-eb7e-4119-94bb-13857e5bdd7f",
            "source": "Berth 33",
            "transportation_methods": [
                "Roadway",
                "Sea",
                "Transloading"
            ],
            "shipper": "Crowley",
            "nTEU": 11,
            "origin": "TRINIDAD AND TOBAGO",
            "destination": "McIntosh Intersection",
            "name": "37-K-STORM-28:21:TRINIDAD AND TOBAGO"
        },
        {
            "EAT": 9950,
            "LDT": 15710,
            "cargo_categories": [
                "Non-hazardous"
            ],
            "delay_cost": 0,
            "group_uuid": "a036342b-eb7e-4119-94bb-13857e5bdd7f",
            "source": "Berth 33",
            "transportation_methods": [
                "Roadway",
                "Sea",
                "Transloading"
            ],
            "shipper": "Crowley",
            "nTEU": 2,
            "origin": "BARBADOS",
            "destination": "McIntosh Intersection",
            "name": "37-K-STORM-29:38:BARBADOS"
        },
        {
            "EAT": 9950,
            "LDT": 15710,
            "cargo_categories": [
                "Non-hazardous"
            ],
            "delay_cost": 0,
            "group_uuid": "a036342b-eb7e-4119-94bb-13857e5bdd7f",
            "source": "Berth 33",
            "transportation_methods": [
                "Roadway",
                "Sea",
                "Transloading"
            ],
            "shipper": "Crowley",
            "nTEU": 3,
            "origin": "GUATEMALA",
            "destination": "McIntosh Intersection",
            "name": "37-K-STORM-30:52:GUATEMALA"
        },
        {
            "EAT": 9950,
            "LDT": 15710,
            "cargo_categories": [
                "Non-hazardous"
            ],
            "delay_cost": 0,
            "group_uuid": "a036342b-eb7e-4119-94bb-13857e5bdd7f",
            "source": "Berth 33",
            "transportation_methods": [
                "Roadway",
                "Sea",
                "Transloading"
            ],
            "shipper": "Crowley",
            "nTEU": 104,
            "origin": "CHILE",
            "destination": "McIntosh Intersection",
            "name": "37-K-STORM-31:7:CHILE"
        },
        {
            "EAT": 9950,
            "LDT": 15710,
            "cargo_categories": [
                "Non-hazardous"
            ],
            "delay_cost": 0,
            "group_uuid": "a036342b-eb7e-4119-94bb-13857e5bdd7f",
            "source": "Berth 33",
            "transportation_methods": [
                "Roadway",
                "Sea",
                "Transloading"
            ],
            "shipper": "Crowley",
            "nTEU": 3,
            "origin": "NETHERLANDS",
            "destination": "McIntosh Intersection",
            "name": "37-K-STORM-32:22:NETHERLANDS"
        }
    ]
}