{
    "commodities": [
        {
            "EAT": 0,
            "LDT": 5760,
            "cargo_categories": [
                "Non-hazardous"
            ],
            "delay_cost": 0,
            "group_uuid": "69fc7a6e-dd9b-4df6-b497-d484a05a054a",
            "source": "Berth 32",
            "transportation_methods": [
                "Roadway",
                "Sea",
                "Transloading"
            ],
            "shipper": "MSC",
            "nTEU": 1,
            "origin": "JAMAICA",
            "destination": "McIntosh Intersection",
            "name": "3-MSC MAUREEN-0:22:JAMAICA"
        },
        {
            "EAT": 0,
            "LDT": 5760,
            "cargo_categories": [
                "Non-hazardous"
            ],
            "delay_cost": 0,
            "group_uuid": "69fc7a6e-dd9b-4df6-b497-d484a05a054a",
            "source": "Berth 32",
            "transportation_methods": [
                "Roadway",
                "Sea",
                "Transloading"
            ],
            "shipper": "MSC",
            "nTEU": 8,
            "origin": "ITALY",
            "destination": "McIntosh Intersection",
            "name": "3-MSC MAUREEN-1:94:ITALY"
        },
        {
            "EAT": 0,
            "LDT": 5760,
            "cargo_categories": [
                "Non-hazardous"
            ],
            "delay_cost": 0,
            "group_uuid": "69fc7a6e-dd9b-4df6-b497-d484a05a054a",
            "source": "Berth 32",
            "transportation_methods": [
                "Roadway",
                "Sea",
                "Transloading"
            ],
            "shipper": "MSC",
            "nTEU": 15,
            "origin": "BRAZIL",
            "destination": "McIntosh Intersection",
            "name": "3-MSC MAUREEN-2:25:BRAZIL"
        },
        {
            "EAT": 0,
            "LDT": 5760,
            "cargo_categories": [
                "Non-hazardous"
            ],
            "delay_cost": 0,
            "group_uuid": "69fc7a6e-dd9b-4df6-b497-d484a05a054a",
            "source": "Berth 32",
            "transportation_methods": [
                "Roadway",
                "Sea",
                "Transloading"
            ],
            "shipper": "MSC",
            "nTEU": 1,
            "origin": "CHILE",
            "destination": "McIntosh Intersection",
            "name": "3-MSC MAUREEN-3:47:CHILE"
        },
        {
            "EAT": 0,
            "LDT": 5760,
            "cargo_categories": [
                "Non-hazardous"
            ],
            "delay_cost": 0,
            "group_uuid": "69fc7a6e-dd9b-4df6-b497-d484a05a054a",
            "source": "Berth 32",
            "transportation_methods": [
                "Roadway",
                "Sea",
                "Transloading"
            ],
            "shipper": "MSC",
            "nTEU": 13,
            "origin": "HAITI",
            "destination": "McIntosh Intersection",
            "name": "3-MSC MAUREEN-4:68:HAITI"
        },
        {
            "EAT": 0,
            "LDT": 5760,
            "cargo_categories": [
                "Non-hazardous"
            ],
            "delay_cost": 0,
            "group_uuid": "69fc7a6e-dd9b-4df6-b497-d484a05a054a",
            "source": "Berth 32",
            "transportation_methods": [
                "Roadway",
                "Sea",
                "Transloading"
            ],
            "shipper": "MSC",
            "nTEU": 2,
            "origin": "BELGIUM",
            "destination": "McIntosh Intersection",
            "name": "3-MSC MAUREEN-5:29:BELGIUM"
        },
        {
            "EAT": 0,
            "LDT": 5760,
            "cargo_categories": [
                "Non-hazardous"
            ],
            "delay_cost": 0,
            "group_uuid": "69fc7a6e-dd9b-4df6-b497-d484a05a054a",
            "source": "Berth 32",
            "transportation_methods": [
                "Roadway",
                "Sea",
                "Transloading"
            ],
            "shipper": "MSC",
            "nTEU": 3,
            "origin": "GUATEMALA",
            "destination": "McIntosh Intersection",
            "name": "3-MSC MAUREEN-6:39:GUATEMALA"
        },
        {
            "EAT": 0,
            "LDT": 5760,
            "cargo_categories": [
                "Non-hazardous"
            ],
            "delay_cost": 0,
            "group_uuid": "69fc7a6e-dd9b-4df6-b497-d484a05a054a",
            "source": "Berth 32",
            "transportation_methods": [
                "Roadway",
                "Sea",
                "Transloading"
            ],
            "shipper": "MSC",
            "nTEU": 1,
            "origin": "UNITED KINGDOM",
            "destination": "McIntosh Intersection",
            "name": "3-MSC MAUREEN-7:84:UNITED KINGDOM"
        },
        {
            "EAT": 0,
            "LDT": 5760,
            "cargo_categories": [
                "Non-hazardous"
            ],
            "delay_cost": 0,
            "group_uuid": "69fc7a6e-dd9b-4df6-b497-d484a05a054a",
            "source": "Berth 32",
            "transportation_methods": [
                "Roadway",
                "Sea",
                "Transloading"
            ],
            "shipper": "MSC",
            "nTEU": 1,
            "origin": "HONDURAS",
            "destination": "McIntosh Intersection",
            "name": "3-MSC MAUREEN-8:41:HONDURAS"
        },
        {
            "EAT": 0,
            "LDT": 5760,
            "cargo_categories": [
                "Non-hazardous"
            ],
            "delay_cost": 0,
            "group_uuid": "69fc7a6e-dd9b-4df6-b497-d484a05a054a",
            "source": "Berth 32",
            "transportation_methods": [
                "Roadway",
                "Sea",
                "Transloading"
            ],
            "shipper": "MSC",
            "nTEU": 4,
            "origin": "CHILE",
            "destination": "McIntosh Intersection",
            "name": "3-MSC MAUREEN-9:20:CHILE"
        },
        {
            "EAT": 0,
            "LDT": 5760,
            "cargo_categories": [
                "Non-hazardous"
            ],
            "delay_cost": 0,
            "group_uuid": "69fc7a6e-dd9b-4df6-b497-d484a05a054a",
            "source": "Berth 32",
            "transportation_methods": [
                "Roadway",
                "Sea",
                "Transloading"
            ],
            "shipper": "MSC",
            "nTEU": 47,
            "origin": "HONDURAS",
            "destination": "McIntosh Intersection",
            "name": "3-MSC MAUREEN-10:48:HONDURAS"
        },
        {
            "EAT": 0,
            "LDT": 5760,
            "cargo_categories": [
                "Non-hazardous"
            ],
            "delay_cost": 0,
            "group_uuid": "69fc7a6e-dd9b-4df6-b497-d484a05a054a",
            "source": "Berth 32",
            "transportation_methods": [
                "Roadway",
                "Sea",
                "Transloading"
            ],
            "shipper": "MSC",
            "nTEU": 6,
            "origin": "BELIZE",
            "destination": "McIntosh Intersection",
            "name": "3-MSC MAUREEN-11:3:BELIZE"
        },
        {
            "EAT": 0,
            "LDT": 5760,
            "cargo_categories": [
                "Non-hazardous"
            ],
            "delay_cost": 0,
            "group_uuid": "69fc7a6e-dd9b-4df6-b497-d484a05a054a",
            "source": "Berth 32",
            "transportation_methods": [
                "Roadway",
                "Sea",
                "Transloading"
            ],
            "shipper": "MSC",
            "nTEU": 157,
            "origin": "BRAZIL",
            "destination": "McIntosh Intersection",
            "name": "3-MSC MAUREEN-12:44:BRAZIL"
        },
        {
            "EAT": 0,
            "LDT": 5760,
            "cargo_categories": [
                "Non-hazardous"
            ],
            "delay_cost": 0,
            "group_uuid": "69fc7a6e-dd9b-4df6-b497-d484a05a054a",
            "source": "Berth 32",
            "transportation_methods": [
                "Roadway",
                "Sea",
                "Transloading"
            ],
            "shipper": "FIT",
            "nTEU": 1,
            "origin": "HAITI",
            "destination": "McIntosh Intersection",
            "name": "3-MSC MAUREEN-13:95:HAITI"
        },
        {
            "EAT": 0,
            "LDT": 5760,
            "cargo_categories": [
                "Non-hazardous"
            ],
            "delay_cost": 0,
            "group_uuid": "69fc7a6e-dd9b-4df6-b497-d484a05a054a",
            "source": "Berth 32",
            "transportation_methods": [
                "Roadway",
                "Sea",
                "Transloading"
            ],
            "shipper": "MSC",
            "nTEU": 1,
            "origin": "BRAZIL",
            "destination": "McIntosh Intersection",
            "name": "3-MSC MAUREEN-14:16:BRAZIL"
        },
        {
            "EAT": 0,
            "LDT": 5760,
            "cargo_categories": [
                "Non-hazardous"
            ],
            "delay_cost": 0,
            "group_uuid": "69fc7a6e-dd9b-4df6-b497-d484a05a054a",
            "source": "Berth 32",
            "transportation_methods": [
                "Roadway",
                "Sea",
                "Transloading"
            ],
            "shipper": "MSC",
            "nTEU": 14,
            "origin": "BRAZIL",
            "destination": "McIntosh Intersection",
            "name": "3-MSC MAUREEN-15:69:BRAZIL"
        },
        {
            "EAT": 0,
            "LDT": 5760,
            "cargo_categories": [
                "Non-hazardous"
            ],
            "delay_cost": 0,
            "group_uuid": "69fc7a6e-dd9b-4df6-b497-d484a05a054a",
            "source": "Berth 32",
            "transportation_methods": [
                "Roadway",
                "Sea",
                "Transloading"
            ],
            "shipper": "MSC",
            "nTEU": 2,
            "origin": "UNITED KINGDOM",
            "destination": "McIntosh Intersection",
            "name": "3-MSC MAUREEN-16:63:UNITED KINGDOM"
        },
        {
            "EAT": 0,
            "LDT": 5760,
            "cargo_categories": [
                "Non-hazardous"
            ],
            "delay_cost": 0,
            "group_uuid": "69fc7a6e-dd9b-4df6-b497-d484a05a054a",
            "source": "Berth 32",
            "transportation_methods": [
                "Roadway",
                "Sea",
                "Transloading"
            ],
            "shipper": "MSC",
            "nTEU": 12,
            "origin": "SPAIN-S",
            "destination": "McIntosh Intersection",
            "name": "3-MSC MAUREEN-17:33:SPAIN-S"
        },
        {
            "EAT": 0,
            "LDT": 5760,
            "cargo_categories": [
                "Non-hazardous"
            ],
            "delay_cost": 0,
            "group_uuid": "69fc7a6e-dd9b-4df6-b497-d484a05a054a",
            "source": "Berth 32",
            "transportation_methods": [
                "Roadway",
                "Sea",
                "Transloading"
            ],
            "shipper": "MSC",
            "nTEU": 1,
            "origin": "GUATEMALA",
            "destination": "McIntosh Intersection",
            "name": "3-MSC MAUREEN-18:21:GUATEMALA"
        },
        {
            "EAT": 0,
            "LDT": 5760,
            "cargo_categories": [
                "Non-hazardous"
            ],
            "delay_cost": 0,
            "group_uuid": "69fc7a6e-dd9b-4df6-b497-d484a05a054a",
            "source": "Berth 32",
            "transportation_methods": [
                "Roadway",
                "Sea",
                "Transloading"
            ],
            "shipper": "MSC",
            "nTEU": 1,
            "origin": "PANAMA",
            "destination": "McIntosh Intersection",
            "name": "3-MSC MAUREEN-19:4:PANAMA"
        },
        {
            "EAT": 0,
            "LDT": 5760,
            "cargo_categories": [
                "Non-hazardous"
            ],
            "delay_cost": 0,
            "group_uuid": "69fc7a6e-dd9b-4df6-b497-d484a05a054a",
            "source": "Berth 32",
            "transportation_methods": [
                "Roadway",
                "Sea",
                "Transloading"
            ],
            "shipper": "MSC",
            "nTEU": 4,
            "origin": "CHILE",
            "destination": "McIntosh Intersection",
            "name": "3-MSC MAUREEN-20:10:CHILE"
        },
        {
            "EAT": 0,
            "LDT": 5760,
            "cargo_categories": [
                "Non-hazardous"
            ],
            "delay_cost": 0,
            "group_uuid": "69fc7a6e-dd9b-4df6-b497-d484a05a054a",
            "source": "Berth 32",
            "transportation_methods": [
                "Roadway",
                "Sea",
                "Transloading"
            ],
            "shipper": "MSC",
            "nTEU": 4,
            "origin": "GUATEMALA",
            "destination": "McIntosh Intersection",
            "name": "3-MSC MAUREEN-21::GUATEMALA"
        }
    ]
}